[2026-02-17 19:36:26.316] [default] [info] Ran from command: "/local/workspace/hailo_virtualenv/bin/hailo compiler yolo11n_optimized.har --hw-arch hailo8l"
[2026-02-17 19:36:26.320] [default] [info] Loading network parameters
[2026-02-17 19:36:26.548] [default] [info] [1;36mStarting Hailo allocation and compilation flow[0m
[2026-02-17 19:36:26.599] [default] [info] Model name: yolo11n
[2026-02-17 19:36:26.654] [default] [info] Building optimization options for network layers...
[2026-02-17 19:36:33.950] [default] [info] Successfully built optimization options - 7s 295ms
[2026-02-17 19:36:33.955] [default] [info] Trying to compile the network in a single context
[2026-02-17 19:36:33.955] [default] [info] Trying to solve in single context
[2026-02-17 19:36:33.981] [default] [info] Single context flow failed: Recoverable single context error
[2026-02-17 19:36:33.993] [default] [info] Building optimization options for network layers...
[2026-02-17 19:36:44.051] [default] [info] Successfully built optimization options - 10s 58ms
[2026-02-17 19:36:44.052] [default] [info] Using Multi-context flow
[2026-02-17 19:36:44.052] [default] [info] Resources optimization params: max_control_utilization=60%, max_compute_utilization=60%, max_compute_16bit_utilization=60%, max_memory_utilization (weights)=60%, max_input_aligner_utilization=60%, max_apu_utilization=60%
[2026-02-17 19:36:44.052] [default] [info] [1;36mFinding the best partition to contexts...[0m
[2026-02-17 19:36:55.159] [default] [info] Iteration failed on: Automri finished with too many resources on context_1
[2026-02-17 19:36:55.210] [default] [info] Iteration failed on: Automri finished with too many resources on context_1
[2026-02-17 19:36:55.482] [default] [info] Iteration failed on: Automri finished with too many resources on context_2
[2026-02-17 19:36:55.533] [default] [info] Iteration failed on: Automri finished with too many resources on context_2
[2026-02-17 19:37:16.435] [default] [info] Partition iteration #4:
Unikorn FPS: 77.6427
Fast Unikorn FPS: 107.529
Contexts Info:
yolo11n_context_0 info - Status: VALID, bottleneck fps: 333.338
yolo11n_context_1 info - Status: VALID, bottleneck fps: 602.137
yolo11n_context_2 info - Status: VALID, bottleneck fps: 735.965
yolo11n_context_3 info - Status: VALID, bottleneck fps: 2,966.17, solution depleted.
Partition is Valid

[2026-02-17 19:37:17.436] [default] [info] Searching for a better partition...
[2026-02-17 19:37:53.913] [default] [info] Partition iteration #25:
Unikorn FPS: 80.1893
Fast Unikorn FPS: 115.017
Contexts Info:
yolo11n_context_0 info - Status: VALID, bottleneck fps: 397.135
yolo11n_context_1 info - Status: VALID, bottleneck fps: 602.137
yolo11n_context_2 info - Status: VALID, bottleneck fps: 735.965
yolo11n_context_3 info - Status: VALID, bottleneck fps: 2,115.08
Partition is Valid

[2026-02-17 19:37:54.914] [default] [info] Searching for a better partition...
[2026-02-17 19:38:22.018] [default] [info] Partition iteration #33:
Unikorn FPS: 91.3192
Fast Unikorn FPS: 139.066
Contexts Info:
yolo11n_context_0 info - Status: VALID, bottleneck fps: 650.265
yolo11n_context_1 info - Status: VALID, bottleneck fps: 908.469
yolo11n_context_2 info - Status: VALID, bottleneck fps: 735.965
yolo11n_context_3 info - Status: VALID, bottleneck fps: 1,536.41
Partition is Valid

[2026-02-17 19:38:23.020] [default] [info] Searching for a better partition...
[2026-02-17 19:38:43.960] [default] [info] Partition iteration #36:
Unikorn FPS: 90.031
Fast Unikorn FPS: 139.856
Contexts Info:
yolo11n_context_0 info - Status: VALID, bottleneck fps: 650.265
yolo11n_context_1 info - Status: VALID, bottleneck fps: 908.469
yolo11n_context_2 info - Status: VALID, bottleneck fps: 735.965
yolo11n_context_3 info - Status: VALID, bottleneck fps: 1,536.41
Partition failed on: Pro unikorn is below the best. Current: 90.031035, Best: 91.319228

[2026-02-17 19:39:06.323] [default] [info] Partition iteration #42:
Unikorn FPS: 87.7869
Fast Unikorn FPS: 140.13
Contexts Info:
yolo11n_context_0 info - Status: VALID, bottleneck fps: 716.109
yolo11n_context_1 info - Status: VALID, bottleneck fps: 908.469
yolo11n_context_2 info - Status: VALID, bottleneck fps: 735.965
yolo11n_context_3 info - Status: VALID, bottleneck fps: 1,362.96
Partition failed on: Pro unikorn is below the best. Current: 87.786894, Best: 91.319228

[2026-02-17 19:39:30.772] [default] [info] Partition iteration #46:
Unikorn FPS: 94.4101
Fast Unikorn FPS: 147.972
Contexts Info:
yolo11n_context_0 info - Status: VALID, bottleneck fps: 784.9
yolo11n_context_1 info - Status: VALID, bottleneck fps: 1,288.5
yolo11n_context_2 info - Status: VALID, bottleneck fps: 602.137
yolo11n_context_3 info - Status: VALID, bottleneck fps: 1,362.96
yolo11n_context_4 info - Status: VALID, bottleneck fps: 94,272.9, solution depleted.
Partition is Valid

[2026-02-17 19:39:31.773] [default] [info] Searching for a better partition...
[2026-02-17 19:40:17.958] [default] [info] Partition iteration #64:
Unikorn FPS: 95.9352
Fast Unikorn FPS: 157.025
Contexts Info:
yolo11n_context_0 info - Status: VALID, bottleneck fps: 939.333
yolo11n_context_1 info - Status: VALID, bottleneck fps: 1,267.37
yolo11n_context_2 info - Status: VALID, bottleneck fps: 900.696
yolo11n_context_3 info - Status: VALID, bottleneck fps: 1,223.86
yolo11n_context_4 info - Status: VALID, bottleneck fps: 2,966.17, solution depleted.
Partition is Valid

[2026-02-17 19:40:18.959] [default] [info] Searching for a better partition...
[2026-02-17 19:40:38.430] [default] [info] Partition iteration #65:
Unikorn FPS: 95.5225
Fast Unikorn FPS: 158.734
Contexts Info:
yolo11n_context_0 info - Status: VALID, bottleneck fps: 939.333
yolo11n_context_1 info - Status: VALID, bottleneck fps: 1,267.37
yolo11n_context_2 info - Status: VALID, bottleneck fps: 1,496.9
yolo11n_context_3 info - Status: VALID, bottleneck fps: 831.644
yolo11n_context_4 info - Status: VALID, bottleneck fps: 2,966.17, solution depleted.
Partition failed on: Pro unikorn is below the best. Current: 95.522516, Best: 95.935243

[2026-02-17 19:40:53.694] [default] [info] Partition iteration #66:
Unikorn FPS: 95.2613
Fast Unikorn FPS: 158.734
Contexts Info:
yolo11n_context_0 info - Status: VALID, bottleneck fps: 939.333
yolo11n_context_1 info - Status: VALID, bottleneck fps: 1,267.37
yolo11n_context_2 info - Status: VALID, bottleneck fps: 1,496.9
yolo11n_context_3 info - Status: VALID, bottleneck fps: 831.644
yolo11n_context_4 info - Status: VALID, bottleneck fps: 2,966.17, solution depleted.
Partition failed on: Pro unikorn is below the best. Current: 95.261254, Best: 95.935243

[2026-02-17 19:41:10.135] [default] [info] Partition iteration #68:
Unikorn FPS: 98.3365
Fast Unikorn FPS: 175.445
Contexts Info:
yolo11n_context_0 info - Status: VALID, bottleneck fps: 939.333
yolo11n_context_1 info - Status: VALID, bottleneck fps: 1,267.37
yolo11n_context_2 info - Status: VALID, bottleneck fps: 1,496.9
yolo11n_context_3 info - Status: VALID, bottleneck fps: 1,223.86
yolo11n_context_4 info - Status: VALID, bottleneck fps: 2,966.17, solution depleted.
Partition is Valid

[2026-02-17 19:41:11.136] [default] [info] Searching for a better partition...
[2026-02-17 19:41:29.434] [default] [info] Partition iteration #70:
Unikorn FPS: 100.552
Fast Unikorn FPS: 177.498
Contexts Info:
yolo11n_context_0 info - Status: VALID, bottleneck fps: 975.372
yolo11n_context_1 info - Status: VALID, bottleneck fps: 1,267.37
yolo11n_context_2 info - Status: VALID, bottleneck fps: 1,496.9
yolo11n_context_3 info - Status: VALID, bottleneck fps: 1,223.86
yolo11n_context_4 info - Status: VALID, bottleneck fps: 2,966.17, solution depleted.
Partition is Valid

[2026-02-17 19:41:30.435] [default] [info] Searching for a better partition...
[2026-02-17 19:41:54.979] [default] [info] Partition iteration #78:
Unikorn FPS: 98.346
Fast Unikorn FPS: 183.631
Contexts Info:
yolo11n_context_0 info - Status: VALID, bottleneck fps: 1,070.84
yolo11n_context_1 info - Status: VALID, bottleneck fps: 1,267.37
yolo11n_context_2 info - Status: VALID, bottleneck fps: 1,563.61
yolo11n_context_3 info - Status: VALID, bottleneck fps: 1,223.86
yolo11n_context_4 info - Status: VALID, bottleneck fps: 2,966.17, solution depleted.
Partition failed on: Pro unikorn is below the best. Current: 98.345994, Best: 100.551506

[2026-02-17 19:42:23.273] [default] [info] Partition iteration #103:
Unikorn FPS: 105.198
Fast Unikorn FPS: 186.732
Contexts Info:
yolo11n_context_0 info - Status: VALID, bottleneck fps: 1,302.08
yolo11n_context_1 info - Status: VALID, bottleneck fps: 1,267.37
yolo11n_context_2 info - Status: VALID, bottleneck fps: 1,496.9
yolo11n_context_3 info - Status: VALID, bottleneck fps: 1,223.86
yolo11n_context_4 info - Status: VALID, bottleneck fps: 2,966.17, solution depleted.
Partition is Valid

[2026-02-17 19:42:24.274] [default] [info] Searching for a better partition...
[2026-02-17 19:42:39.418] [default] [info] Partition iteration #104:
Unikorn FPS: 104.096
Fast Unikorn FPS: 190.728
Contexts Info:
yolo11n_context_0 info - Status: VALID, bottleneck fps: 1,302.08
yolo11n_context_1 info - Status: VALID, bottleneck fps: 1,267.37
yolo11n_context_2 info - Status: VALID, bottleneck fps: 1,496.9
yolo11n_context_3 info - Status: VALID, bottleneck fps: 1,362.96
yolo11n_context_4 info - Status: VALID, bottleneck fps: 2,966.17, solution depleted.
Partition failed on: Pro unikorn is below the best. Current: 104.096051, Best: 105.198295

[2026-02-17 19:42:57.471] [default] [info] Partition iteration #107:
Unikorn FPS: 94.2377
Fast Unikorn FPS: 191.261
Contexts Info:
yolo11n_context_0 info - Status: VALID, bottleneck fps: 1,302.08
yolo11n_context_1 info - Status: VALID, bottleneck fps: 1,267.37
yolo11n_context_2 info - Status: VALID, bottleneck fps: 1,496.9
yolo11n_context_3 info - Status: VALID, bottleneck fps: 1,362.96
yolo11n_context_4 info - Status: VALID, bottleneck fps: 2,966.17, solution depleted.
Partition failed on: Pro unikorn is below the best. Current: 94.237693, Best: 105.198295

[2026-02-17 19:43:19.675] [default] [info] Partition iteration #116:
Unikorn FPS: 108.254
Fast Unikorn FPS: 194.771
Contexts Info:
yolo11n_context_0 info - Status: VALID, bottleneck fps: 1,302.08
yolo11n_context_1 info - Status: VALID, bottleneck fps: 1,582.65
yolo11n_context_2 info - Status: VALID, bottleneck fps: 1,288.5
yolo11n_context_3 info - Status: VALID, bottleneck fps: 1,362.96
yolo11n_context_4 info - Status: VALID, bottleneck fps: 2,966.17, solution depleted.
Partition is Valid

[2026-02-17 19:43:20.678] [default] [info] Searching for a better partition...
[2026-02-17 19:43:48.416] [default] [info] Partition iteration #152:
Unikorn FPS: 99.4785
Fast Unikorn FPS: 196.327
Contexts Info:
yolo11n_context_0 info - Status: VALID, bottleneck fps: 1,302.08
yolo11n_context_1 info - Status: VALID, bottleneck fps: 1,582.65
yolo11n_context_2 info - Status: VALID, bottleneck fps: 1,783.32
yolo11n_context_3 info - Status: VALID, bottleneck fps: 1,496.9
yolo11n_context_4 info - Status: VALID, bottleneck fps: 1,362.96
yolo11n_context_5 info - Status: VALID, bottleneck fps: 52,083.3
Partition failed on: Pro unikorn is below the best. Current: 99.478501, Best: 108.253541

[2026-02-17 19:44:21.842] [default] [info] Partition iteration #196:
Unikorn FPS: 94.9246
Fast Unikorn FPS: 196.489
Contexts Info:
yolo11n_context_0 info - Status: VALID, bottleneck fps: 1,302.08, solution depleted.
yolo11n_context_1 info - Status: VALID, bottleneck fps: 1,582.65
yolo11n_context_2 info - Status: VALID, bottleneck fps: 2,571.37
yolo11n_context_3 info - Status: VALID, bottleneck fps: 1,496.9
yolo11n_context_4 info - Status: VALID, bottleneck fps: 1,536.41
yolo11n_context_5 info - Status: VALID, bottleneck fps: 2,966.17, solution depleted.
Partition failed on: Pro unikorn is below the best. Current: 94.924637, Best: 108.253541

[2026-02-17 19:44:39.696] [default] [info] Partition iteration #197:
Unikorn FPS: 97.5141
Fast Unikorn FPS: 197.237
Contexts Info:
yolo11n_context_0 info - Status: VALID, bottleneck fps: 1,302.08, solution depleted.
yolo11n_context_1 info - Status: VALID, bottleneck fps: 1,582.65
yolo11n_context_2 info - Status: VALID, bottleneck fps: 2,571.37
yolo11n_context_3 info - Status: VALID, bottleneck fps: 1,682.79
yolo11n_context_4 info - Status: VALID, bottleneck fps: 1,362.96
yolo11n_context_5 info - Status: VALID, bottleneck fps: 2,966.17, solution depleted.
Partition failed on: Pro unikorn is below the best. Current: 97.514119, Best: 108.253541

[2026-02-17 19:44:54.409] [default] [info] Partition iteration #199:
Unikorn FPS: 97.2912
Fast Unikorn FPS: 197.535
Contexts Info:
yolo11n_context_0 info - Status: VALID, bottleneck fps: 1,302.08, solution depleted.
yolo11n_context_1 info - Status: VALID, bottleneck fps: 1,582.65
yolo11n_context_2 info - Status: VALID, bottleneck fps: 2,571.37
yolo11n_context_3 info - Status: VALID, bottleneck fps: 1,682.79
yolo11n_context_4 info - Status: VALID, bottleneck fps: 1,377.34
yolo11n_context_5 info - Status: VALID, bottleneck fps: 2,966.17, solution depleted.
Partition failed on: Pro unikorn is below the best. Current: 97.291158, Best: 108.253541

[2026-02-17 19:45:09.674] [default] [info] Partition iteration #201:
Unikorn FPS: 98.2468
Fast Unikorn FPS: 200.838
Contexts Info:
yolo11n_context_0 info - Status: VALID, bottleneck fps: 1,302.08, solution depleted.
yolo11n_context_1 info - Status: VALID, bottleneck fps: 1,582.65
yolo11n_context_2 info - Status: VALID, bottleneck fps: 2,571.37
yolo11n_context_3 info - Status: VALID, bottleneck fps: 1,682.79
yolo11n_context_4 info - Status: VALID, bottleneck fps: 1,536.41
yolo11n_context_5 info - Status: VALID, bottleneck fps: 2,966.17, solution depleted.
Partition failed on: Pro unikorn is below the best. Current: 98.246767, Best: 108.253541

[2026-02-17 19:45:24.980] [default] [info] Partition iteration #203:
Unikorn FPS: 97.2394
Fast Unikorn FPS: 201.111
Contexts Info:
yolo11n_context_0 info - Status: VALID, bottleneck fps: 1,302.08, solution depleted.
yolo11n_context_1 info - Status: VALID, bottleneck fps: 1,582.65
yolo11n_context_2 info - Status: VALID, bottleneck fps: 2,571.37
yolo11n_context_3 info - Status: VALID, bottleneck fps: 1,682.79
yolo11n_context_4 info - Status: VALID, bottleneck fps: 1,557.29
yolo11n_context_5 info - Status: VALID, bottleneck fps: 2,966.17, solution depleted.
Partition failed on: Pro unikorn is below the best. Current: 97.239442, Best: 108.253541

[2026-02-17 19:45:39.577] [default] [info] Partition iteration #204:
Unikorn FPS: 97.5273
Fast Unikorn FPS: 201.921
Contexts Info:
yolo11n_context_0 info - Status: VALID, bottleneck fps: 1,302.08, solution depleted.
yolo11n_context_1 info - Status: VALID, bottleneck fps: 1,582.65
yolo11n_context_2 info - Status: VALID, bottleneck fps: 2,571.37
yolo11n_context_3 info - Status: VALID, bottleneck fps: 1,682.79
yolo11n_context_4 info - Status: VALID, bottleneck fps: 1,576.47
yolo11n_context_5 info - Status: VALID, bottleneck fps: 2,966.17, solution depleted.
Partition failed on: Pro unikorn is below the best. Current: 97.527324, Best: 108.253541

[2026-02-17 19:45:54.307] [default] [info] Partition iteration #206:
Unikorn FPS: 96.6626
Fast Unikorn FPS: 208.424
Contexts Info:
yolo11n_context_0 info - Status: VALID, bottleneck fps: 1,302.08, solution depleted.
yolo11n_context_1 info - Status: VALID, bottleneck fps: 1,582.65
yolo11n_context_2 info - Status: VALID, bottleneck fps: 2,571.37
yolo11n_context_3 info - Status: VALID, bottleneck fps: 1,682.79
yolo11n_context_4 info - Status: VALID, bottleneck fps: 1,957.89
yolo11n_context_5 info - Status: VALID, bottleneck fps: 2,966.17, solution depleted.
Partition failed on: Pro unikorn is below the best. Current: 96.662571, Best: 108.253541

[2026-02-17 19:46:08.652] [default] [info] [1;32mPartition to contexts finished successfully[0m
[2026-02-17 19:46:08.652] [default] [info] Partitioner finished after 266 iterations, Time it took: 9m 24s 597ms
[2026-02-17 19:46:08.652] [default] [info] Partitioner finished after 266 iterations, Time it took: 9m 24s 597ms
yolo11n_context_0: input_layer1, conv1, conv2, conv_feature_splitter1_1, conv_feature_splitter1_2, conv4, conv5, ew_add1, concat1, conv6, conv7, conv_feature_splitter2_1, conv_feature_splitter2_2, conv9, conv10, ew_add2, concat2, conv11
yolo11n_context_1: conv12, conv_feature_splitter3_1, conv_feature_splitter3_2, conv14, conv15, conv16, conv17, ew_add3, conv18, conv19, ew_add4, concat3, conv20, concat4, conv21, conv22, conv_feature_splitter4_1, conv_feature_splitter4_2, conv24, conv25, conv26, conv27, ew_add5, conv28, conv29, ew_add6, concat5, conv30, concat6, conv31, conv32
yolo11n_context_2: maxpool1, maxpool2, maxpool3, concat7, conv33, conv_feature_splitter5_1, conv_feature_splitter5_2, conv_feature_splitter6_1, conv_feature_splitter6_2, conv_feature_splitter6_3, matmul1, activation1, reduce_max_softmax1, matmul2_reshape, ew_sub_softmax1, ne_activation_ew_sub_softmax1, reduce_sum_softmax1, ew_mult_softmax1, matmul2, dw1, conv36, conv37, conv38, concat8, conv39, resize1, concat9, conv_feature_splitter7_1, conv_feature_splitter7_2, conv41, conv42, ew_add10, concat10, conv43
yolo11n_context_3: resize2, concat11, conv_feature_splitter8_1, conv_feature_splitter8_2, conv45, conv46, ew_add11, concat12, conv47, conv48, conv49, dw2, concat13, conv50, conv52, conv_feature_splitter9_1, conv_feature_splitter9_2, conv51, dw3, conv56, output_layer1, conv53, conv57, conv54, ew_add12, output_layer2, concat14, conv58, conv59, conv60, dw4
yolo11n_context_4: concat15, conv61, conv63, conv_feature_splitter10_1, conv_feature_splitter10_2, conv62, dw5, conv67, conv68, output_layer3, conv64, conv69, conv65, conv70, output_layer4, ew_add13, conv71, conv72, ew_add14, concat16, conv73, concat17, conv74, conv75, dw6, conv76, conv78, conv77, dw7, output_layer5, conv79, conv80, output_layer6
[2026-02-17 19:46:08.653] [default] [info] Applying selected partition to 5 contexts...
[2026-02-17 19:46:08.712] [default] [info] Adjust Edges Start State buffers:
+-----------------------------------------------------------------------+-----------------------------------------------------------------------+--------------------------+
| Src                                                                   | Dst                                                                   | Buffers                  |
+-----------------------------------------------------------------------+-----------------------------------------------------------------------+--------------------------+
| input_layer1                                                          | conv1_ws                                                              | 2 (L3 memory cuts: 1)    |
| conv1_ws                                                              | conv1_sd0                                                             | 2 (L3 memory cuts: 1)    |
| conv1_ws                                                              | conv1_sd1                                                             | 2 (L3 memory cuts: 1)    |
| conv1_ws                                                              | conv1_sd2                                                             | 2 (L3 memory cuts: 1)    |
| conv1_ws                                                              | conv1_sd3                                                             | 2 (L3 memory cuts: 1)    |
| conv1_sd0                                                             | conv1_sdc                                                             | 2 (L3 memory cuts: 1)    |
| conv1_sd1                                                             | conv1_sdc                                                             | 2 (L3 memory cuts: 1)    |
| conv1_sd2                                                             | conv1_sdc                                                             | 2 (L3 memory cuts: 1)    |
| conv1_sd3                                                             | conv1_sdc                                                             | 2 (L3 memory cuts: 1)    |
| conv1_sdc                                                             | conv2_ws                                                              | 2 (L3 memory cuts: 1)    |
| conv2_ws                                                              | conv2_sd0                                                             | 2 (L3 memory cuts: 1)    |
| conv2_ws                                                              | conv2_sd1                                                             | 2 (L3 memory cuts: 1)    |
| conv2_ws                                                              | conv2_sd2                                                             | 2 (L3 memory cuts: 1)    |
| conv2_ws                                                              | conv2_sd3                                                             | 2 (L3 memory cuts: 1)    |
| conv2_sd0                                                             | conv2_sdc                                                             | 2 (L3 memory cuts: 1)    |
| conv2_sd1                                                             | conv2_sdc                                                             | 2 (L3 memory cuts: 1)    |
| conv2_sd2                                                             | conv2_sdc                                                             | 2 (L3 memory cuts: 1)    |
| conv2_sd3                                                             | conv2_sdc                                                             | 2 (L3 memory cuts: 1)    |
| conv2_sdc                                                             | conv_feature_splitter1_1                                              | 2 (L3 memory cuts: 1)    |
| conv2_sdc                                                             | conv_feature_splitter1_2                                              | 2 (L3 memory cuts: 1)    |
| conv_feature_splitter1_1                                              | concat1                                                               | 2 (L3 memory cuts: 1)    |
| conv_feature_splitter1_2                                              | conv4_ws                                                              | 2 (L3 memory cuts: 1)    |
| conv_feature_splitter1_2                                              | ew_add1                                                               | 2 (L3 memory cuts: 1)    |
| conv_feature_splitter1_2                                              | concat1                                                               | 2 (L3 memory cuts: 1)    |
| conv4_ws                                                              | conv4_sd0                                                             | 2 (L3 memory cuts: 1)    |
| conv4_ws                                                              | conv4_sd1                                                             | 2 (L3 memory cuts: 1)    |
| conv4_sd0                                                             | conv4_sdc                                                             | 2 (L3 memory cuts: 1)    |
| conv4_sd1                                                             | conv4_sdc                                                             | 2 (L3 memory cuts: 1)    |
| conv4_sdc                                                             | conv5                                                                 | 5 (L3 memory cuts: 1)    |
| conv5                                                                 | ew_add1                                                               | 2 (L3 memory cuts: 1)    |
| ew_add1                                                               | concat1                                                               | 2 (L3 memory cuts: 1)    |
| concat1                                                               | conv6                                                                 | 3[S] (L3 memory cuts: 1) |
| conv6                                                                 | conv7_ws                                                              | 2 (L3 memory cuts: 1)    |
| conv7_ws                                                              | ws_from_conv7_ws_to_conv7_sd0-3_390                                   | 2 (L3 memory cuts: 1)    |
| conv7_ws                                                              | conv7_sd4                                                             | 2 (L3 memory cuts: 1)    |
| conv7_sd4                                                             | conv7_sdc                                                             | 2 (L3 memory cuts: 1)    |
| ws_from_conv7_ws_to_conv7_sd0-3_390                                   | conv7_sd0                                                             | 2 (L3 memory cuts: 1)    |
| ws_from_conv7_ws_to_conv7_sd0-3_390                                   | conv7_sd1                                                             | 2 (L3 memory cuts: 1)    |
| ws_from_conv7_ws_to_conv7_sd0-3_390                                   | conv7_sd2                                                             | 2 (L3 memory cuts: 1)    |
| ws_from_conv7_ws_to_conv7_sd0-3_390                                   | conv7_sd3                                                             | 2 (L3 memory cuts: 1)    |
| conv7_sd0                                                             | concat_w_from_conv7_sd0-3_to_conv7_sdc                                | 2 (L3 memory cuts: 1)    |
| conv7_sd1                                                             | concat_w_from_conv7_sd0-3_to_conv7_sdc                                | 2 (L3 memory cuts: 1)    |
| conv7_sd2                                                             | concat_w_from_conv7_sd0-3_to_conv7_sdc                                | 2 (L3 memory cuts: 1)    |
| conv7_sd3                                                             | concat_w_from_conv7_sd0-3_to_conv7_sdc                                | 2 (L3 memory cuts: 1)    |
| concat_w_from_conv7_sd0-3_to_conv7_sdc                                | conv7_sdc                                                             | 2 (L3 memory cuts: 1)    |
| conv7_sdc                                                             | conv_feature_splitter2_1                                              | 2 (L3 memory cuts: 1)    |
| conv7_sdc                                                             | conv_feature_splitter2_2                                              | 2 (L3 memory cuts: 1)    |
| conv_feature_splitter2_1                                              | concat2                                                               | 2 (L3 memory cuts: 1)    |
| conv_feature_splitter2_2                                              | conv9                                                                 | 2 (L3 memory cuts: 1)    |
| conv_feature_splitter2_2                                              | ew_add2                                                               | 2 (L3 memory cuts: 1)    |
| conv_feature_splitter2_2                                              | concat2                                                               | 2 (L3 memory cuts: 1)    |
| conv9                                                                 | conv10                                                                | 5[S] (L3 memory cuts: 1) |
| conv10                                                                | ew_add2                                                               | 2 (L3 memory cuts: 1)    |
| ew_add2                                                               | concat2                                                               | 2 (L3 memory cuts: 1)    |
| concat2                                                               | conv11                                                                | 2[S] (L3 memory cuts: 1) |
| conv11                                                                | yolo11n_yolo11n_context_0_to_yolo11n_context_1_yolo11n_context_3_2528 | 2 (L3 memory cuts: 1)    |
| yolo11n_yolo11n_context_0_to_yolo11n_context_1_yolo11n_context_3_2528 | yolo11n_yolo11n_context_0_to_yolo11n_context_1_2529                   | 1 (0.00[KB]) (DDR)       |
| yolo11n_yolo11n_context_0_to_yolo11n_context_1_yolo11n_context_3_2528 | yolo11n_yolo11n_context_0_to_yolo11n_context_3_2530                   | 1 (0.00[KB]) (DDR)       |
| yolo11n_yolo11n_context_0_to_yolo11n_context_1_2529                   | conv12_ws                                                             | 2 (L3 memory cuts: 1)    |
| conv12_ws                                                             | conv12_sd0                                                            | 2 (L3 memory cuts: 1)    |
| conv12_ws                                                             | conv12_sd1                                                            | 2 (L3 memory cuts: 1)    |
| conv12_ws                                                             | conv12_sd2                                                            | 2 (L3 memory cuts: 1)    |
| conv12_sd0                                                            | conv12_sdc                                                            | 2 (L3 memory cuts: 1)    |
| conv12_sd1                                                            | conv12_sdc                                                            | 2 (L3 memory cuts: 1)    |
| conv12_sd2                                                            | conv12_sdc                                                            | 2 (L3 memory cuts: 1)    |
| conv12_sdc                                                            | conv_feature_splitter3_1                                              | 2 (L3 memory cuts: 1)    |
| conv12_sdc                                                            | conv_feature_splitter3_2                                              | 2 (L3 memory cuts: 1)    |
| conv_feature_splitter3_1                                              | concat4                                                               | 2[S] (L3 memory cuts: 1) |
| conv_feature_splitter3_2                                              | conv14                                                                | 2[S] (L3 memory cuts: 1) |
| conv_feature_splitter3_2                                              | conv15                                                                | 2[S] (L3 memory cuts: 1) |
| conv_feature_splitter3_2                                              | concat4                                                               | 2[S] (L3 memory cuts: 1) |
| conv14                                                                | conv16                                                                | 2 (L3 memory cuts: 1)    |
| conv14                                                                | ew_add3                                                               | 2 (L3 memory cuts: 1)    |
| conv16                                                                | conv17                                                                | 5[S] (L3 memory cuts: 1) |
| conv17                                                                | ew_add3                                                               | 2 (L3 memory cuts: 1)    |
| ew_add3                                                               | conv18                                                                | 2 (L3 memory cuts: 1)    |
| ew_add3                                                               | ew_add4                                                               | 2 (L3 memory cuts: 1)    |
| conv18                                                                | conv19                                                                | 5[S] (L3 memory cuts: 1) |
| conv19                                                                | ew_add4                                                               | 2 (L3 memory cuts: 1)    |
| ew_add4                                                               | concat3                                                               | 2 (L3 memory cuts: 1)    |
| conv15                                                                | concat3                                                               | 2 (L3 memory cuts: 1)    |
| concat3                                                               | conv20                                                                | 2[S] (L3 memory cuts: 1) |
| conv20                                                                | concat4                                                               | 2[S] (L3 memory cuts: 1) |
| concat4                                                               | conv21                                                                | 2[S] (L3 memory cuts: 1) |
| conv21                                                                | conv22_d0                                                             | 2 (L3 memory cuts: 1)    |
| conv21                                                                | conv22_d1                                                             | 2 (L3 memory cuts: 1)    |
| conv21                                                                | yolo11n_yolo11n_context_1_to_yolo11n_context_2_2531                   | 2 (L3 memory cuts: 1)    |
| conv22_d0                                                             | conv22_dc                                                             | 2 (L3 memory cuts: 1)    |
| conv22_d1                                                             | conv22_dc                                                             | 2 (L3 memory cuts: 1)    |
| conv22_dc                                                             | conv_feature_splitter4_1                                              | 2[S] (L3 memory cuts: 1) |
| conv22_dc                                                             | conv_feature_splitter4_2                                              | 2[S] (L3 memory cuts: 1) |
| conv_feature_splitter4_1                                              | concat6                                                               | 2[S] (L3 memory cuts: 1) |
| conv_feature_splitter4_2                                              | conv24                                                                | 2[S] (L3 memory cuts: 1) |
| conv_feature_splitter4_2                                              | conv25                                                                | 2[S] (L3 memory cuts: 1) |
| conv_feature_splitter4_2                                              | concat6                                                               | 2[S] (L3 memory cuts: 1) |
| conv24                                                                | conv26                                                                | 2 (L3 memory cuts: 1)    |
| conv24                                                                | ew_add5                                                               | 2 (L3 memory cuts: 1)    |
| conv26                                                                | conv27                                                                | 4[S] (L3 memory cuts: 1) |
| conv27                                                                | ew_add5                                                               | 2 (L3 memory cuts: 1)    |
| ew_add5                                                               | conv28                                                                | 2 (L3 memory cuts: 1)    |
| ew_add5                                                               | ew_add6                                                               | 2 (L3 memory cuts: 1)    |
| conv28                                                                | conv29                                                                | 4[S] (L3 memory cuts: 1) |
| conv29                                                                | ew_add6                                                               | 2 (L3 memory cuts: 1)    |
| ew_add6                                                               | concat5                                                               | 2 (L3 memory cuts: 1)    |
| conv25                                                                | concat5                                                               | 2 (L3 memory cuts: 1)    |
| concat5                                                               | conv30                                                                | 2[S] (L3 memory cuts: 1) |
| conv30                                                                | concat6                                                               | 2[S] (L3 memory cuts: 1) |
| concat6                                                               | conv31                                                                | 2[S] (L3 memory cuts: 1) |
| conv31                                                                | conv32                                                                | 2[S] (L3 memory cuts: 1) |
| conv32                                                                | yolo11n_yolo11n_context_1_to_yolo11n_context_2_2533                   | 2 (L3 memory cuts: 1)    |
| yolo11n_yolo11n_context_1_to_yolo11n_context_2_2533                   | yolo11n_yolo11n_context_1_to_yolo11n_context_2_2534                   | 1 (0.00[KB]) (DDR)       |
| yolo11n_yolo11n_context_1_to_yolo11n_context_2_2533                   | yolo11n_yolo11n_context_1_to_yolo11n_context_2_2535                   | 1 (0.00[KB]) (DDR)       |
| yolo11n_yolo11n_context_1_to_yolo11n_context_2_2534                   | concat7                                                               | 2 (L3 memory cuts: 1)    |
| yolo11n_yolo11n_context_1_to_yolo11n_context_2_2535                   | maxpool1                                                              | 2 (L3 memory cuts: 1)    |
| maxpool1                                                              | maxpool2                                                              | 6 (L3 memory cuts: 1)    |
| maxpool1                                                              | concat7                                                               | 2 (L3 memory cuts: 1)    |
| maxpool2                                                              | maxpool3                                                              | 6 (L3 memory cuts: 1)    |
| maxpool2                                                              | concat7                                                               | 2 (L3 memory cuts: 1)    |
| maxpool3                                                              | concat7                                                               | 2 (L3 memory cuts: 1)    |
| concat7                                                               | conv33                                                                | 2[S] (L3 memory cuts: 1) |
| conv33                                                                | conv_feature_splitter5_1                                              | 2[S] (L3 memory cuts: 1) |
| conv33                                                                | conv_feature_splitter5_2                                              | 2[S] (L3 memory cuts: 1) |
| conv_feature_splitter5_1                                              | concat8                                                               | 2[S] (L3 memory cuts: 1) |
| conv_feature_splitter5_2                                              | conv_feature_splitter6_1                                              | 2 (L3 memory cuts: 1)    |
| conv_feature_splitter5_2                                              | conv_feature_splitter6_2                                              | 2 (L3 memory cuts: 1)    |
| conv_feature_splitter5_2                                              | conv_feature_splitter6_3                                              | 2 (L3 memory cuts: 1)    |
| conv_feature_splitter5_2                                              | conv36                                                                | 2 (L3 memory cuts: 1)    |
| conv_feature_splitter6_1                                              | matmul1                                                               | 2 (L3 memory cuts: 1)    |
| conv_feature_splitter6_2                                              | matmul1                                                               | 40 (L3 memory cuts: 3)   |
| matmul1                                                               | reduce_max_softmax1                                                   | 2 (L3 memory cuts: 2)    |
| matmul1                                                               | ew_sub_softmax1                                                       | 2 (L3 memory cuts: 2)    |
| reduce_max_softmax1                                                   | ew_sub_softmax1                                                       | 2 (L3 memory cuts: 1)    |
| ew_sub_softmax1                                                       | ne_activation_ew_sub_softmax1_sd0                                     | 2 (L3 memory cuts: 3)    |
| ew_sub_softmax1                                                       | ne_activation_ew_sub_softmax1_sd1                                     | 2 (L3 memory cuts: 3)    |
| ew_sub_softmax1                                                       | ne_activation_ew_sub_softmax1_sd2                                     | 2 (L3 memory cuts: 3)    |
| ne_activation_ew_sub_softmax1_sd0                                     | ne_activation_ew_sub_softmax1_sdc                                     | 2 (L3 memory cuts: 1)    |
| ne_activation_ew_sub_softmax1_sd1                                     | ne_activation_ew_sub_softmax1_sdc                                     | 2 (L3 memory cuts: 1)    |
| ne_activation_ew_sub_softmax1_sd2                                     | ne_activation_ew_sub_softmax1_sdc                                     | 2 (L3 memory cuts: 1)    |
| ne_activation_ew_sub_softmax1_sdc                                     | reduce_sum_softmax1                                                   | 2 (L3 memory cuts: 2)    |
| ne_activation_ew_sub_softmax1_sdc                                     | ew_mult_softmax1                                                      | 2 (L3 memory cuts: 2)    |
| reduce_sum_softmax1                                                   | ew_mult_softmax1                                                      | 2 (L3 memory cuts: 1)    |
| ew_mult_softmax1                                                      | matmul2                                                               | 2 (L3 memory cuts: 2)    |
| conv_feature_splitter6_3                                              | activation1                                                           | 2 (L3 memory cuts: 1)    |
| conv_feature_splitter6_3                                              | dw1_defuse_width_feature_reshape                                      | 2 (L3 memory cuts: 1)    |
| activation1                                                           | matmul2_reshape                                                       | 2 (L3 memory cuts: 1)    |
| matmul2_reshape                                                       | matmul2                                                               | 40 (L3 memory cuts: 4)   |
| matmul2                                                               | dw1_defuse_1x1                                                        | 2 (L3 memory cuts: 1)    |
| dw1_defuse_width_feature_reshape                                      | dw1_defuse_reshape_hxf_to_w_transposed                                | 2 (L3 memory cuts: 1)    |
| dw1_defuse_reshape_hxf_to_w_transposed                                | dw1_defuse_1x1                                                        | 2 (L3 memory cuts: 2)    |
| dw1_defuse_1x1                                                        | conv36                                                                | 2 (L3 memory cuts: 1)    |
| conv36                                                                | conv37                                                                | 2[S] (L3 memory cuts: 1) |
| conv36                                                                | conv38                                                                | 2[S] (L3 memory cuts: 1) |
| conv37                                                                | conv38                                                                | 2[S] (L3 memory cuts: 1) |
| conv38                                                                | concat8                                                               | 2[S] (L3 memory cuts: 1) |
| concat8                                                               | conv39                                                                | 2[S] (L3 memory cuts: 1) |
| conv39                                                                | resize1                                                               | 2 (L3 memory cuts: 1)    |
| conv39                                                                | yolo11n_yolo11n_context_2_to_yolo11n_context_4_2536                   | 2 (L3 memory cuts: 1)    |
| resize1                                                               | concat9                                                               | 2 (L3 memory cuts: 1)    |
| yolo11n_yolo11n_context_2_to_yolo11n_context_4_2536                   | yolo11n_yolo11n_context_2_to_yolo11n_context_4_2537                   | 1 (0.00[KB]) (DDR)       |
| yolo11n_yolo11n_context_2_to_yolo11n_context_4_2537                   | concat15                                                              | 2 (L3 memory cuts: 1)    |
| yolo11n_yolo11n_context_1_to_yolo11n_context_2_2531                   | yolo11n_yolo11n_context_1_to_yolo11n_context_2_2532                   | 1 (0.00[KB]) (DDR)       |
| yolo11n_yolo11n_context_1_to_yolo11n_context_2_2532                   | concat9                                                               | 2 (L3 memory cuts: 1)    |
| concat9                                                               | conv_feature_splitter7_1                                              | 2[S] (L3 memory cuts: 1) |
| concat9                                                               | conv_feature_splitter7_2                                              | 2[S] (L3 memory cuts: 1) |
| conv_feature_splitter7_1                                              | concat10                                                              | 2 (L3 memory cuts: 1)    |
| conv_feature_splitter7_2                                              | conv41                                                                | 2 (L3 memory cuts: 1)    |
| conv_feature_splitter7_2                                              | ew_add10                                                              | 2 (L3 memory cuts: 1)    |
| conv_feature_splitter7_2                                              | concat10                                                              | 2 (L3 memory cuts: 1)    |
| conv41                                                                | conv42                                                                | 4[S] (L3 memory cuts: 1) |
| conv42                                                                | ew_add10                                                              | 2 (L3 memory cuts: 1)    |
| ew_add10                                                              | concat10                                                              | 2 (L3 memory cuts: 1)    |
| concat10                                                              | conv43                                                                | 2[S] (L3 memory cuts: 1) |
| conv43                                                                | yolo11n_yolo11n_context_2_to_yolo11n_context_3_2538                   | 2 (L3 memory cuts: 1)    |
| yolo11n_yolo11n_context_2_to_yolo11n_context_3_2538                   | yolo11n_yolo11n_context_2_to_yolo11n_context_3_2539                   | 1 (0.00[KB]) (DDR)       |
| yolo11n_yolo11n_context_2_to_yolo11n_context_3_2538                   | yolo11n_yolo11n_context_2_to_yolo11n_context_3_2540                   | 1 (0.00[KB]) (DDR)       |
| yolo11n_yolo11n_context_2_to_yolo11n_context_3_2539                   | resize2                                                               | 2 (L3 memory cuts: 1)    |
| resize2                                                               | concat11                                                              | 2 (L3 memory cuts: 1)    |
| yolo11n_yolo11n_context_2_to_yolo11n_context_3_2540                   | concat13                                                              | 2 (L3 memory cuts: 1)    |
| yolo11n_yolo11n_context_0_to_yolo11n_context_3_2530                   | concat11                                                              | 2 (L3 memory cuts: 1)    |
| concat11                                                              | conv_feature_splitter8_1                                              | 2[S] (L3 memory cuts: 1) |
| concat11                                                              | conv_feature_splitter8_2                                              | 2[S] (L3 memory cuts: 1) |
| conv_feature_splitter8_1                                              | concat12                                                              | 2 (L3 memory cuts: 1)    |
| conv_feature_splitter8_2                                              | conv45                                                                | 2 (L3 memory cuts: 1)    |
| conv_feature_splitter8_2                                              | ew_add11                                                              | 2 (L3 memory cuts: 1)    |
| conv_feature_splitter8_2                                              | concat12                                                              | 2 (L3 memory cuts: 1)    |
| conv45                                                                | conv46                                                                | 5[S] (L3 memory cuts: 1) |
| conv46                                                                | ew_add11                                                              | 2 (L3 memory cuts: 1)    |
| ew_add11                                                              | concat12                                                              | 2 (L3 memory cuts: 1)    |
| concat12                                                              | conv47                                                                | 2[S] (L3 memory cuts: 1) |
| conv47                                                                | conv48                                                                | 2 (L3 memory cuts: 1)    |
| conv47                                                                | conv49_ws                                                             | 2 (L3 memory cuts: 1)    |
| conv47                                                                | dw2_sd0                                                               | 2 (L3 memory cuts: 1)    |
| conv47                                                                | dw2_sd1                                                               | 2 (L3 memory cuts: 1)    |
| conv48                                                                | concat13                                                              | 2 (L3 memory cuts: 1)    |
| concat13                                                              | conv_feature_splitter9_1                                              | 3[S] (L3 memory cuts: 1) |
| concat13                                                              | conv_feature_splitter9_2                                              | 3[S] (L3 memory cuts: 1) |
| conv_feature_splitter9_1                                              | concat14                                                              | 2 (L3 memory cuts: 1)    |
| conv_feature_splitter9_2                                              | conv56                                                                | 2 (L3 memory cuts: 1)    |
| conv_feature_splitter9_2                                              | ew_add12                                                              | 2 (L3 memory cuts: 1)    |
| conv_feature_splitter9_2                                              | concat14                                                              | 2 (L3 memory cuts: 1)    |
| conv56                                                                | conv57                                                                | 4[S] (L3 memory cuts: 1) |
| conv57                                                                | ew_add12                                                              | 2 (L3 memory cuts: 1)    |
| ew_add12                                                              | concat14                                                              | 2 (L3 memory cuts: 1)    |
| concat14                                                              | conv58                                                                | 2[S] (L3 memory cuts: 1) |
| conv58                                                                | conv59                                                                | 2 (L3 memory cuts: 1)    |
| conv58                                                                | conv60                                                                | 2 (L3 memory cuts: 1)    |
| conv58                                                                | dw4                                                                   | 2 (L3 memory cuts: 1)    |
| conv59                                                                | yolo11n_yolo11n_context_3_to_yolo11n_context_4_2541                   | 2 (L3 memory cuts: 1)    |
| yolo11n_yolo11n_context_3_to_yolo11n_context_4_2541                   | yolo11n_yolo11n_context_3_to_yolo11n_context_4_2542                   | 1 (0.00[KB]) (DDR)       |
| yolo11n_yolo11n_context_3_to_yolo11n_context_4_2542                   | concat15                                                              | 2 (L3 memory cuts: 1)    |
| concat15                                                              | conv_feature_splitter10_1                                             | 2[S] (L3 memory cuts: 1) |
| concat15                                                              | conv_feature_splitter10_2                                             | 2[S] (L3 memory cuts: 1) |
| conv_feature_splitter10_1                                             | concat17                                                              | 2[S] (L3 memory cuts: 1) |
| conv_feature_splitter10_2                                             | conv67                                                                | 2[S] (L3 memory cuts: 1) |
| conv_feature_splitter10_2                                             | conv68                                                                | 2[S] (L3 memory cuts: 1) |
| conv_feature_splitter10_2                                             | concat17                                                              | 2[S] (L3 memory cuts: 1) |
| conv67                                                                | conv69                                                                | 2 (L3 memory cuts: 1)    |
| conv67                                                                | ew_add13                                                              | 2 (L3 memory cuts: 1)    |
| conv69                                                                | conv70                                                                | 4[S] (L3 memory cuts: 1) |
| conv70                                                                | ew_add13                                                              | 2 (L3 memory cuts: 1)    |
| ew_add13                                                              | conv71                                                                | 2 (L3 memory cuts: 1)    |
| ew_add13                                                              | ew_add14                                                              | 2 (L3 memory cuts: 1)    |
| conv71                                                                | conv72                                                                | 4[S] (L3 memory cuts: 1) |
| conv72                                                                | ew_add14                                                              | 2 (L3 memory cuts: 1)    |
| ew_add14                                                              | concat16                                                              | 2 (L3 memory cuts: 1)    |
| conv68                                                                | concat16                                                              | 2 (L3 memory cuts: 1)    |
| concat16                                                              | conv73                                                                | 2[S] (L3 memory cuts: 1) |
| conv73                                                                | concat17                                                              | 2[S] (L3 memory cuts: 1) |
| concat17                                                              | conv74                                                                | 2[S] (L3 memory cuts: 1) |
| conv74                                                                | conv75_ws                                                             | 2 (L3 memory cuts: 1)    |
| conv74                                                                | dw6_fs                                                                | 2 (L3 memory cuts: 1)    |
| conv75_ws                                                             | conv75_sd0                                                            | 2 (L3 memory cuts: 1)    |
| conv75_ws                                                             | conv75_sd1                                                            | 2 (L3 memory cuts: 1)    |
| conv75_sd0                                                            | conv75_sdc                                                            | 2 (L3 memory cuts: 1)    |
| conv75_sd1                                                            | conv75_sdc                                                            | 2 (L3 memory cuts: 1)    |
| conv75_sdc                                                            | conv76                                                                | 4 (L3 memory cuts: 1)    |
| conv76                                                                | conv77                                                                | 2[S] (L3 memory cuts: 1) |
| conv77                                                                | output_layer5                                                         | 2 (L3 memory cuts: 1)    |
| dw6_fs                                                                | dw6_d0                                                                | 2 (L3 memory cuts: 1)    |
| dw6_fs                                                                | dw6_d1                                                                | 2 (L3 memory cuts: 1)    |
| dw6_d0                                                                | dw6_dc                                                                | 2 (L3 memory cuts: 1)    |
| dw6_d1                                                                | dw6_dc                                                                | 2 (L3 memory cuts: 1)    |
| dw6_dc                                                                | conv78                                                                | 2[S] (L3 memory cuts: 1) |
| conv78                                                                | dw7                                                                   | 4 (L3 memory cuts: 1)    |
| dw7                                                                   | conv79                                                                | 2 (L3 memory cuts: 1)    |
| conv79                                                                | conv80                                                                | 2[S] (L3 memory cuts: 1) |
| conv80                                                                | output_layer6                                                         | 2 (L3 memory cuts: 1)    |
| conv60                                                                | yolo11n_yolo11n_context_3_to_yolo11n_context_4_2543                   | 4[S] (L3 memory cuts: 1) |
| yolo11n_yolo11n_context_3_to_yolo11n_context_4_2543                   | yolo11n_yolo11n_context_3_to_yolo11n_context_4_2544                   | 1 (0.00[KB]) (DDR)       |
| yolo11n_yolo11n_context_3_to_yolo11n_context_4_2543                   | yolo11n_yolo11n_context_3_to_yolo11n_context_4_2545                   | 1 (0.00[KB]) (DDR)       |
| yolo11n_yolo11n_context_3_to_yolo11n_context_4_2544                   | conv61_d0                                                             | 4[S] (L3 memory cuts: 1) |
| conv61_d0                                                             | conv61_dc                                                             | 2[S] (L3 memory cuts: 1) |
| yolo11n_yolo11n_context_3_to_yolo11n_context_4_2545                   | conv61_d1                                                             | 4[S] (L3 memory cuts: 1) |
| conv61_d1                                                             | conv61_dc                                                             | 2[S] (L3 memory cuts: 1) |
| conv61_dc                                                             | conv62                                                                | 2[S] (L3 memory cuts: 1) |
| conv62                                                                | output_layer3                                                         | 2 (L3 memory cuts: 1)    |
| dw4                                                                   | yolo11n_yolo11n_context_3_to_yolo11n_context_4_2546                   | 2 (L3 memory cuts: 1)    |
| yolo11n_yolo11n_context_3_to_yolo11n_context_4_2546                   | yolo11n_yolo11n_context_3_to_yolo11n_context_4_2547                   | 1 (0.00[KB]) (DDR)       |
| yolo11n_yolo11n_context_3_to_yolo11n_context_4_2547                   | conv63                                                                | 2 (L3 memory cuts: 1)    |
| conv63                                                                | dw5_sd0                                                               | 2 (L3 memory cuts: 1)    |
| conv63                                                                | dw5_sd1                                                               | 2 (L3 memory cuts: 1)    |
| dw5_sd0                                                               | dw5_sdc                                                               | 2 (L3 memory cuts: 1)    |
| dw5_sd1                                                               | dw5_sdc                                                               | 2 (L3 memory cuts: 1)    |
| dw5_sdc                                                               | conv64                                                                | 2 (L3 memory cuts: 1)    |
| conv64                                                                | conv65                                                                | 2[S] (L3 memory cuts: 1) |
| conv65                                                                | output_layer4                                                         | 2 (L3 memory cuts: 1)    |
| conv49_ws                                                             | conv49_sd0                                                            | 2 (L3 memory cuts: 1)    |
| conv49_ws                                                             | conv49_sd1                                                            | 2 (L3 memory cuts: 1)    |
| conv49_sd0                                                            | conv49_sdc                                                            | 2 (L3 memory cuts: 1)    |
| conv49_sd1                                                            | conv49_sdc                                                            | 2 (L3 memory cuts: 1)    |
| conv49_sdc                                                            | conv50_ws                                                             | 2 (L3 memory cuts: 1)    |
| conv50_ws                                                             | conv50_sd0                                                            | 2 (L3 memory cuts: 1)    |
| conv50_ws                                                             | conv50_sd1                                                            | 2 (L3 memory cuts: 1)    |
| conv50_sd0                                                            | conv50_sdc                                                            | 2 (L3 memory cuts: 1)    |
| conv50_sd1                                                            | conv50_sdc                                                            | 2 (L3 memory cuts: 1)    |
| conv50_sdc                                                            | conv51                                                                | 3 (L3 memory cuts: 1)    |
| conv51                                                                | output_layer1                                                         | 2 (L3 memory cuts: 1)    |
| dw2_sd0                                                               | dw2_sdc                                                               | 2 (L3 memory cuts: 1)    |
| dw2_sd1                                                               | dw2_sdc                                                               | 2 (L3 memory cuts: 1)    |
| dw2_sdc                                                               | conv52                                                                | 2 (L3 memory cuts: 1)    |
| conv52                                                                | dw3_sd0                                                               | 2 (L3 memory cuts: 1)    |
| conv52                                                                | dw3_sd1                                                               | 2 (L3 memory cuts: 1)    |
| dw3_sd0                                                               | dw3_sdc                                                               | 2 (L3 memory cuts: 1)    |
| dw3_sd1                                                               | dw3_sdc                                                               | 2 (L3 memory cuts: 1)    |
| dw3_sdc                                                               | conv53                                                                | 2 (L3 memory cuts: 1)    |
| conv53                                                                | conv54                                                                | 2[S] (L3 memory cuts: 1) |
| conv54                                                                | output_layer2                                                         | 2 (L3 memory cuts: 1)    |
+-----------------------------------------------------------------------+-----------------------------------------------------------------------+--------------------------+
[2026-02-17 19:46:08.751] [default] [info] Adjust Edges After Merges and Joins buffers:
+-----------------------------------------------------------------------+-----------------------------------------------------------------------+--------------------------+
| Src                                                                   | Dst                                                                   | Buffers                  |
+-----------------------------------------------------------------------+-----------------------------------------------------------------------+--------------------------+
| input_layer1                                                          | conv1_ws                                                              | 2 (L3 memory cuts: 1)    |
| conv1_ws                                                              | conv1_sd0                                                             | 2 (L3 memory cuts: 1)    |
| conv1_ws                                                              | conv1_sd1                                                             | 2 (L3 memory cuts: 1)    |
| conv1_ws                                                              | conv1_sd2                                                             | 2 (L3 memory cuts: 1)    |
| conv1_ws                                                              | conv1_sd3                                                             | 2 (L3 memory cuts: 1)    |
| conv1_sd0                                                             | conv1_sdc                                                             | 2 (L3 memory cuts: 1)    |
| conv1_sd1                                                             | conv1_sdc                                                             | 2 (L3 memory cuts: 1)    |
| conv1_sd2                                                             | conv1_sdc                                                             | 2 (L3 memory cuts: 1)    |
| conv1_sd3                                                             | conv1_sdc                                                             | 2 (L3 memory cuts: 1)    |
| conv1_sdc                                                             | conv2_ws                                                              | 2 (L3 memory cuts: 1)    |
| conv2_ws                                                              | conv2_sd0                                                             | 2 (L3 memory cuts: 1)    |
| conv2_ws                                                              | conv2_sd1                                                             | 2 (L3 memory cuts: 1)    |
| conv2_ws                                                              | conv2_sd2                                                             | 2 (L3 memory cuts: 1)    |
| conv2_ws                                                              | conv2_sd3                                                             | 2 (L3 memory cuts: 1)    |
| conv2_sd0                                                             | conv2_sdc                                                             | 2 (L3 memory cuts: 1)    |
| conv2_sd1                                                             | conv2_sdc                                                             | 2 (L3 memory cuts: 1)    |
| conv2_sd2                                                             | conv2_sdc                                                             | 2 (L3 memory cuts: 1)    |
| conv2_sd3                                                             | conv2_sdc                                                             | 2 (L3 memory cuts: 1)    |
| conv2_sdc                                                             | conv_feature_splitter1_1                                              | 2 (L3 memory cuts: 1)    |
| conv2_sdc                                                             | conv_feature_splitter1_2                                              | 2 (L3 memory cuts: 1)    |
| conv_feature_splitter1_1                                              | concat1                                                               | 2 (L3 memory cuts: 1)    |
| conv_feature_splitter1_2                                              | conv4_ws                                                              | 2 (L3 memory cuts: 1)    |
| conv_feature_splitter1_2                                              | ew_add1                                                               | 2 (L3 memory cuts: 1)    |
| conv_feature_splitter1_2                                              | concat1                                                               | 2 (L3 memory cuts: 1)    |
| conv4_ws                                                              | conv4_sd0                                                             | 2 (L3 memory cuts: 1)    |
| conv4_ws                                                              | conv4_sd1                                                             | 2 (L3 memory cuts: 1)    |
| conv4_sd0                                                             | conv4_sdc                                                             | 2 (L3 memory cuts: 1)    |
| conv4_sd1                                                             | conv4_sdc                                                             | 2 (L3 memory cuts: 1)    |
| conv4_sdc                                                             | conv5                                                                 | 5 (L3 memory cuts: 1)    |
| conv5                                                                 | ew_add1                                                               | 2 (L3 memory cuts: 1)    |
| ew_add1                                                               | concat1                                                               | 2 (L3 memory cuts: 1)    |
| concat1                                                               | conv6                                                                 | 3[S] (L3 memory cuts: 1) |
| conv6                                                                 | conv7_ws                                                              | 2 (L3 memory cuts: 1)    |
| conv7_ws                                                              | ws_from_conv7_ws_to_conv7_sd0-3_390                                   | 2 (L3 memory cuts: 1)    |
| conv7_ws                                                              | conv7_sd4                                                             | 2 (L3 memory cuts: 1)    |
| conv7_sd4                                                             | conv7_sdc                                                             | 2 (L3 memory cuts: 1)    |
| ws_from_conv7_ws_to_conv7_sd0-3_390                                   | conv7_sd0                                                             | 2 (L3 memory cuts: 1)    |
| ws_from_conv7_ws_to_conv7_sd0-3_390                                   | conv7_sd1                                                             | 2 (L3 memory cuts: 1)    |
| ws_from_conv7_ws_to_conv7_sd0-3_390                                   | conv7_sd2                                                             | 2 (L3 memory cuts: 1)    |
| ws_from_conv7_ws_to_conv7_sd0-3_390                                   | conv7_sd3                                                             | 2 (L3 memory cuts: 1)    |
| conv7_sd0                                                             | concat_w_from_conv7_sd0-3_to_conv7_sdc                                | 2 (L3 memory cuts: 1)    |
| conv7_sd1                                                             | concat_w_from_conv7_sd0-3_to_conv7_sdc                                | 2 (L3 memory cuts: 1)    |
| conv7_sd2                                                             | concat_w_from_conv7_sd0-3_to_conv7_sdc                                | 2 (L3 memory cuts: 1)    |
| conv7_sd3                                                             | concat_w_from_conv7_sd0-3_to_conv7_sdc                                | 2 (L3 memory cuts: 1)    |
| concat_w_from_conv7_sd0-3_to_conv7_sdc                                | conv7_sdc                                                             | 2 (L3 memory cuts: 1)    |
| conv7_sdc                                                             | conv_feature_splitter2_1                                              | 2 (L3 memory cuts: 1)    |
| conv7_sdc                                                             | conv_feature_splitter2_2                                              | 2 (L3 memory cuts: 1)    |
| conv_feature_splitter2_1                                              | concat2                                                               | 2 (L3 memory cuts: 1)    |
| conv_feature_splitter2_2                                              | conv9                                                                 | 2 (L3 memory cuts: 1)    |
| conv_feature_splitter2_2                                              | ew_add2                                                               | 2 (L3 memory cuts: 1)    |
| conv_feature_splitter2_2                                              | concat2                                                               | 2 (L3 memory cuts: 1)    |
| conv9                                                                 | conv10                                                                | 5[S] (L3 memory cuts: 1) |
| conv10                                                                | ew_add2                                                               | 2 (L3 memory cuts: 1)    |
| ew_add2                                                               | concat2                                                               | 2 (L3 memory cuts: 1)    |
| concat2                                                               | conv11                                                                | 2[S] (L3 memory cuts: 1) |
| conv11                                                                | yolo11n_yolo11n_context_0_to_yolo11n_context_1_yolo11n_context_3_2528 | 2 (L3 memory cuts: 1)    |
| yolo11n_yolo11n_context_0_to_yolo11n_context_1_yolo11n_context_3_2528 | yolo11n_yolo11n_context_0_to_yolo11n_context_1_2529                   | 1 (0.00[KB]) (DDR)       |
| yolo11n_yolo11n_context_0_to_yolo11n_context_1_yolo11n_context_3_2528 | yolo11n_yolo11n_context_0_to_yolo11n_context_3_2530                   | 1 (0.00[KB]) (DDR)       |
| yolo11n_yolo11n_context_0_to_yolo11n_context_1_2529                   | conv12_ws                                                             | 2 (L3 memory cuts: 1)    |
| conv12_ws                                                             | conv12_sd0                                                            | 2 (L3 memory cuts: 1)    |
| conv12_ws                                                             | conv12_sd1                                                            | 2 (L3 memory cuts: 1)    |
| conv12_ws                                                             | conv12_sd2                                                            | 2 (L3 memory cuts: 1)    |
| conv12_sd0                                                            | conv12_sdc                                                            | 2 (L3 memory cuts: 1)    |
| conv12_sd1                                                            | conv12_sdc                                                            | 2 (L3 memory cuts: 1)    |
| conv12_sd2                                                            | conv12_sdc                                                            | 2 (L3 memory cuts: 1)    |
| conv12_sdc                                                            | conv_feature_splitter3_1                                              | 2 (L3 memory cuts: 1)    |
| conv12_sdc                                                            | conv_feature_splitter3_2                                              | 2 (L3 memory cuts: 1)    |
| conv_feature_splitter3_1                                              | concat4                                                               | 2[S] (L3 memory cuts: 1) |
| conv_feature_splitter3_2                                              | conv14                                                                | 2[S] (L3 memory cuts: 1) |
| conv_feature_splitter3_2                                              | conv15                                                                | 2[S] (L3 memory cuts: 1) |
| conv_feature_splitter3_2                                              | concat4                                                               | 2[S] (L3 memory cuts: 1) |
| conv14                                                                | conv16                                                                | 2 (L3 memory cuts: 1)    |
| conv14                                                                | ew_add3                                                               | 2 (L3 memory cuts: 1)    |
| conv16                                                                | conv17                                                                | 5[S] (L3 memory cuts: 1) |
| conv17                                                                | ew_add3                                                               | 2 (L3 memory cuts: 1)    |
| ew_add3                                                               | conv18                                                                | 2 (L3 memory cuts: 1)    |
| ew_add3                                                               | ew_add4                                                               | 2 (L3 memory cuts: 1)    |
| conv18                                                                | conv19                                                                | 5[S] (L3 memory cuts: 1) |
| conv19                                                                | ew_add4                                                               | 2 (L3 memory cuts: 1)    |
| ew_add4                                                               | concat3                                                               | 2 (L3 memory cuts: 1)    |
| conv15                                                                | concat3                                                               | 2 (L3 memory cuts: 1)    |
| concat3                                                               | conv20                                                                | 2[S] (L3 memory cuts: 1) |
| conv20                                                                | concat4                                                               | 2[S] (L3 memory cuts: 1) |
| concat4                                                               | conv21                                                                | 2[S] (L3 memory cuts: 1) |
| conv21                                                                | conv22_d0                                                             | 2 (L3 memory cuts: 1)    |
| conv21                                                                | conv22_d1                                                             | 2 (L3 memory cuts: 1)    |
| conv21                                                                | yolo11n_yolo11n_context_1_to_yolo11n_context_2_2531                   | 2 (L3 memory cuts: 1)    |
| conv22_d0                                                             | conv22_dc                                                             | 2 (L3 memory cuts: 1)    |
| conv22_d1                                                             | conv22_dc                                                             | 2 (L3 memory cuts: 1)    |
| conv22_dc                                                             | conv_feature_splitter4_1                                              | 2[S] (L3 memory cuts: 1) |
| conv22_dc                                                             | conv_feature_splitter4_2                                              | 2[S] (L3 memory cuts: 1) |
| conv_feature_splitter4_1                                              | concat6                                                               | 2[S] (L3 memory cuts: 1) |
| conv_feature_splitter4_2                                              | conv24                                                                | 2[S] (L3 memory cuts: 1) |
| conv_feature_splitter4_2                                              | conv25                                                                | 2[S] (L3 memory cuts: 1) |
| conv_feature_splitter4_2                                              | concat6                                                               | 2[S] (L3 memory cuts: 1) |
| conv24                                                                | conv26                                                                | 2 (L3 memory cuts: 1)    |
| conv24                                                                | ew_add5                                                               | 2 (L3 memory cuts: 1)    |
| conv26                                                                | conv27                                                                | 4[S] (L3 memory cuts: 1) |
| conv27                                                                | ew_add5                                                               | 2 (L3 memory cuts: 1)    |
| ew_add5                                                               | conv28                                                                | 2 (L3 memory cuts: 1)    |
| ew_add5                                                               | ew_add6                                                               | 2 (L3 memory cuts: 1)    |
| conv28                                                                | conv29                                                                | 4[S] (L3 memory cuts: 1) |
| conv29                                                                | ew_add6                                                               | 2 (L3 memory cuts: 1)    |
| ew_add6                                                               | concat5                                                               | 2 (L3 memory cuts: 1)    |
| conv25                                                                | concat5                                                               | 2 (L3 memory cuts: 1)    |
| concat5                                                               | conv30                                                                | 2[S] (L3 memory cuts: 1) |
| conv30                                                                | concat6                                                               | 2[S] (L3 memory cuts: 1) |
| concat6                                                               | conv31                                                                | 2[S] (L3 memory cuts: 1) |
| conv31                                                                | conv32                                                                | 2[S] (L3 memory cuts: 1) |
| conv32                                                                | yolo11n_yolo11n_context_1_to_yolo11n_context_2_2533                   | 2 (L3 memory cuts: 1)    |
| yolo11n_yolo11n_context_1_to_yolo11n_context_2_2533                   | yolo11n_yolo11n_context_1_to_yolo11n_context_2_2534                   | 1 (0.00[KB]) (DDR)       |
| yolo11n_yolo11n_context_1_to_yolo11n_context_2_2533                   | yolo11n_yolo11n_context_1_to_yolo11n_context_2_2535                   | 1 (0.00[KB]) (DDR)       |
| yolo11n_yolo11n_context_1_to_yolo11n_context_2_2534                   | concat7                                                               | 2 (L3 memory cuts: 1)    |
| yolo11n_yolo11n_context_1_to_yolo11n_context_2_2535                   | maxpool1                                                              | 2 (L3 memory cuts: 1)    |
| maxpool1                                                              | maxpool2                                                              | 6 (L3 memory cuts: 1)    |
| maxpool1                                                              | concat7                                                               | 2 (L3 memory cuts: 1)    |
| maxpool2                                                              | maxpool3                                                              | 6 (L3 memory cuts: 1)    |
| maxpool2                                                              | concat7                                                               | 2 (L3 memory cuts: 1)    |
| maxpool3                                                              | concat7                                                               | 2 (L3 memory cuts: 1)    |
| concat7                                                               | conv33                                                                | 2[S] (L3 memory cuts: 1) |
| conv33                                                                | conv_feature_splitter5_1                                              | 2[S] (L3 memory cuts: 1) |
| conv33                                                                | conv_feature_splitter5_2                                              | 2[S] (L3 memory cuts: 1) |
| conv_feature_splitter5_1                                              | concat8                                                               | 2[S] (L3 memory cuts: 1) |
| conv_feature_splitter5_2                                              | conv_feature_splitter6_1                                              | 2 (L3 memory cuts: 1)    |
| conv_feature_splitter5_2                                              | conv_feature_splitter6_2                                              | 2 (L3 memory cuts: 1)    |
| conv_feature_splitter5_2                                              | conv_feature_splitter6_3                                              | 2 (L3 memory cuts: 1)    |
| conv_feature_splitter5_2                                              | conv36                                                                | 2 (L3 memory cuts: 1)    |
| conv_feature_splitter6_1                                              | matmul1                                                               | 2 (L3 memory cuts: 1)    |
| conv_feature_splitter6_2                                              | matmul1                                                               | 40 (L3 memory cuts: 3)   |
| matmul1                                                               | reduce_max_softmax1                                                   | 2 (L3 memory cuts: 2)    |
| matmul1                                                               | ew_sub_softmax1                                                       | 2 (L3 memory cuts: 2)    |
| reduce_max_softmax1                                                   | ew_sub_softmax1                                                       | 2 (L3 memory cuts: 1)    |
| ew_sub_softmax1                                                       | ne_activation_ew_sub_softmax1_sd0                                     | 2 (L3 memory cuts: 3)    |
| ew_sub_softmax1                                                       | ne_activation_ew_sub_softmax1_sd1                                     | 2 (L3 memory cuts: 3)    |
| ew_sub_softmax1                                                       | ne_activation_ew_sub_softmax1_sd2                                     | 2 (L3 memory cuts: 3)    |
| ne_activation_ew_sub_softmax1_sd0                                     | ne_activation_ew_sub_softmax1_sdc                                     | 2 (L3 memory cuts: 1)    |
| ne_activation_ew_sub_softmax1_sd1                                     | ne_activation_ew_sub_softmax1_sdc                                     | 2 (L3 memory cuts: 1)    |
| ne_activation_ew_sub_softmax1_sd2                                     | ne_activation_ew_sub_softmax1_sdc                                     | 2 (L3 memory cuts: 1)    |
| ne_activation_ew_sub_softmax1_sdc                                     | reduce_sum_softmax1                                                   | 2 (L3 memory cuts: 2)    |
| ne_activation_ew_sub_softmax1_sdc                                     | ew_mult_softmax1                                                      | 2 (L3 memory cuts: 2)    |
| reduce_sum_softmax1                                                   | ew_mult_softmax1                                                      | 2 (L3 memory cuts: 1)    |
| ew_mult_softmax1                                                      | matmul2                                                               | 2 (L3 memory cuts: 2)    |
| conv_feature_splitter6_3                                              | activation1                                                           | 2 (L3 memory cuts: 1)    |
| conv_feature_splitter6_3                                              | dw1_defuse_width_feature_reshape                                      | 2 (L3 memory cuts: 1)    |
| activation1                                                           | matmul2_reshape                                                       | 2 (L3 memory cuts: 1)    |
| matmul2_reshape                                                       | matmul2                                                               | 40 (L3 memory cuts: 4)   |
| matmul2                                                               | dw1_defuse_1x1                                                        | 2 (L3 memory cuts: 1)    |
| dw1_defuse_width_feature_reshape                                      | dw1_defuse_reshape_hxf_to_w_transposed                                | 2 (L3 memory cuts: 1)    |
| dw1_defuse_reshape_hxf_to_w_transposed                                | dw1_defuse_1x1                                                        | 2 (L3 memory cuts: 2)    |
| dw1_defuse_1x1                                                        | conv36                                                                | 2 (L3 memory cuts: 1)    |
| conv36                                                                | conv37                                                                | 2[S] (L3 memory cuts: 1) |
| conv36                                                                | conv38                                                                | 2[S] (L3 memory cuts: 1) |
| conv37                                                                | conv38                                                                | 2[S] (L3 memory cuts: 1) |
| conv38                                                                | concat8                                                               | 2[S] (L3 memory cuts: 1) |
| concat8                                                               | conv39                                                                | 2[S] (L3 memory cuts: 1) |
| conv39                                                                | resize1                                                               | 2 (L3 memory cuts: 1)    |
| conv39                                                                | yolo11n_yolo11n_context_2_to_yolo11n_context_4_2536                   | 2 (L3 memory cuts: 1)    |
| resize1                                                               | concat9                                                               | 2 (L3 memory cuts: 1)    |
| yolo11n_yolo11n_context_2_to_yolo11n_context_4_2536                   | yolo11n_yolo11n_context_2_to_yolo11n_context_4_2537                   | 1 (0.00[KB]) (DDR)       |
| yolo11n_yolo11n_context_2_to_yolo11n_context_4_2537                   | concat15                                                              | 2 (L3 memory cuts: 1)    |
| yolo11n_yolo11n_context_1_to_yolo11n_context_2_2531                   | yolo11n_yolo11n_context_1_to_yolo11n_context_2_2532                   | 1 (0.00[KB]) (DDR)       |
| yolo11n_yolo11n_context_1_to_yolo11n_context_2_2532                   | concat9                                                               | 2 (L3 memory cuts: 1)    |
| concat9                                                               | conv_feature_splitter7_1                                              | 2[S] (L3 memory cuts: 1) |
| concat9                                                               | conv_feature_splitter7_2                                              | 2[S] (L3 memory cuts: 1) |
| conv_feature_splitter7_1                                              | concat10                                                              | 2 (L3 memory cuts: 1)    |
| conv_feature_splitter7_2                                              | conv41                                                                | 2 (L3 memory cuts: 1)    |
| conv_feature_splitter7_2                                              | ew_add10                                                              | 2 (L3 memory cuts: 1)    |
| conv_feature_splitter7_2                                              | concat10                                                              | 2 (L3 memory cuts: 1)    |
| conv41                                                                | conv42                                                                | 4[S] (L3 memory cuts: 1) |
| conv42                                                                | ew_add10                                                              | 2 (L3 memory cuts: 1)    |
| ew_add10                                                              | concat10                                                              | 2 (L3 memory cuts: 1)    |
| concat10                                                              | conv43                                                                | 2[S] (L3 memory cuts: 1) |
| conv43                                                                | yolo11n_yolo11n_context_2_to_yolo11n_context_3_2538                   | 2 (L3 memory cuts: 1)    |
| yolo11n_yolo11n_context_2_to_yolo11n_context_3_2538                   | yolo11n_yolo11n_context_2_to_yolo11n_context_3_2539                   | 1 (0.00[KB]) (DDR)       |
| yolo11n_yolo11n_context_2_to_yolo11n_context_3_2538                   | yolo11n_yolo11n_context_2_to_yolo11n_context_3_2540                   | 1 (0.00[KB]) (DDR)       |
| yolo11n_yolo11n_context_2_to_yolo11n_context_3_2539                   | resize2                                                               | 2 (L3 memory cuts: 1)    |
| resize2                                                               | concat11                                                              | 2 (L3 memory cuts: 1)    |
| yolo11n_yolo11n_context_2_to_yolo11n_context_3_2540                   | concat13                                                              | 2 (L3 memory cuts: 1)    |
| yolo11n_yolo11n_context_0_to_yolo11n_context_3_2530                   | concat11                                                              | 2 (L3 memory cuts: 1)    |
| concat11                                                              | conv_feature_splitter8_1                                              | 2[S] (L3 memory cuts: 1) |
| concat11                                                              | conv_feature_splitter8_2                                              | 2[S] (L3 memory cuts: 1) |
| conv_feature_splitter8_1                                              | concat12                                                              | 2 (L3 memory cuts: 1)    |
| conv_feature_splitter8_2                                              | conv45                                                                | 2 (L3 memory cuts: 1)    |
| conv_feature_splitter8_2                                              | ew_add11                                                              | 2 (L3 memory cuts: 1)    |
| conv_feature_splitter8_2                                              | concat12                                                              | 2 (L3 memory cuts: 1)    |
| conv45                                                                | conv46                                                                | 5[S] (L3 memory cuts: 1) |
| conv46                                                                | ew_add11                                                              | 2 (L3 memory cuts: 1)    |
| ew_add11                                                              | concat12                                                              | 2 (L3 memory cuts: 1)    |
| concat12                                                              | conv47                                                                | 2[S] (L3 memory cuts: 1) |
| conv47                                                                | conv48                                                                | 2 (L3 memory cuts: 1)    |
| conv47                                                                | conv49_ws                                                             | 2 (L3 memory cuts: 1)    |
| conv47                                                                | dw2_sd0                                                               | 2 (L3 memory cuts: 1)    |
| conv47                                                                | dw2_sd1                                                               | 2 (L3 memory cuts: 1)    |
| conv48                                                                | concat13                                                              | 2 (L3 memory cuts: 1)    |
| concat13                                                              | conv_feature_splitter9_1                                              | 3[S] (L3 memory cuts: 1) |
| concat13                                                              | conv_feature_splitter9_2                                              | 3[S] (L3 memory cuts: 1) |
| conv_feature_splitter9_1                                              | concat14                                                              | 2 (L3 memory cuts: 1)    |
| conv_feature_splitter9_2                                              | conv56                                                                | 2 (L3 memory cuts: 1)    |
| conv_feature_splitter9_2                                              | ew_add12                                                              | 2 (L3 memory cuts: 1)    |
| conv_feature_splitter9_2                                              | concat14                                                              | 2 (L3 memory cuts: 1)    |
| conv56                                                                | conv57                                                                | 4[S] (L3 memory cuts: 1) |
| conv57                                                                | ew_add12                                                              | 2 (L3 memory cuts: 1)    |
| ew_add12                                                              | concat14                                                              | 2 (L3 memory cuts: 1)    |
| concat14                                                              | conv58                                                                | 2[S] (L3 memory cuts: 1) |
| conv58                                                                | conv59                                                                | 2 (L3 memory cuts: 1)    |
| conv58                                                                | conv60                                                                | 2 (L3 memory cuts: 1)    |
| conv58                                                                | dw4                                                                   | 2 (L3 memory cuts: 1)    |
| conv59                                                                | yolo11n_yolo11n_context_3_to_yolo11n_context_4_2541                   | 2 (L3 memory cuts: 1)    |
| yolo11n_yolo11n_context_3_to_yolo11n_context_4_2541                   | yolo11n_yolo11n_context_3_to_yolo11n_context_4_2542                   | 1 (0.00[KB]) (DDR)       |
| yolo11n_yolo11n_context_3_to_yolo11n_context_4_2542                   | concat15                                                              | 2 (L3 memory cuts: 1)    |
| concat15                                                              | conv_feature_splitter10_1                                             | 2[S] (L3 memory cuts: 1) |
| concat15                                                              | conv_feature_splitter10_2                                             | 2[S] (L3 memory cuts: 1) |
| conv_feature_splitter10_1                                             | concat17                                                              | 2[S] (L3 memory cuts: 1) |
| conv_feature_splitter10_2                                             | conv67                                                                | 2[S] (L3 memory cuts: 1) |
| conv_feature_splitter10_2                                             | conv68                                                                | 2[S] (L3 memory cuts: 1) |
| conv_feature_splitter10_2                                             | concat17                                                              | 2[S] (L3 memory cuts: 1) |
| conv67                                                                | conv69                                                                | 2 (L3 memory cuts: 1)    |
| conv67                                                                | ew_add13                                                              | 2 (L3 memory cuts: 1)    |
| conv69                                                                | conv70                                                                | 4[S] (L3 memory cuts: 1) |
| conv70                                                                | ew_add13                                                              | 2 (L3 memory cuts: 1)    |
| ew_add13                                                              | conv71                                                                | 2 (L3 memory cuts: 1)    |
| ew_add13                                                              | ew_add14                                                              | 2 (L3 memory cuts: 1)    |
| conv71                                                                | conv72                                                                | 4[S] (L3 memory cuts: 1) |
| conv72                                                                | ew_add14                                                              | 2 (L3 memory cuts: 1)    |
| ew_add14                                                              | concat16                                                              | 2 (L3 memory cuts: 1)    |
| conv68                                                                | concat16                                                              | 2 (L3 memory cuts: 1)    |
| concat16                                                              | conv73                                                                | 2[S] (L3 memory cuts: 1) |
| conv73                                                                | concat17                                                              | 2[S] (L3 memory cuts: 1) |
| concat17                                                              | conv74                                                                | 2[S] (L3 memory cuts: 1) |
| conv74                                                                | conv75_ws                                                             | 2 (L3 memory cuts: 1)    |
| conv74                                                                | dw6_fs                                                                | 2 (L3 memory cuts: 1)    |
| conv75_ws                                                             | conv75_sd0                                                            | 2 (L3 memory cuts: 1)    |
| conv75_ws                                                             | conv75_sd1                                                            | 2 (L3 memory cuts: 1)    |
| conv75_sd0                                                            | conv75_sdc                                                            | 2 (L3 memory cuts: 1)    |
| conv75_sd1                                                            | conv75_sdc                                                            | 2 (L3 memory cuts: 1)    |
| conv75_sdc                                                            | conv76                                                                | 4 (L3 memory cuts: 1)    |
| conv76                                                                | conv77                                                                | 2[S] (L3 memory cuts: 1) |
| conv77                                                                | output_layer5                                                         | 2 (L3 memory cuts: 1)    |
| dw6_fs                                                                | dw6_d0                                                                | 2 (L3 memory cuts: 1)    |
| dw6_fs                                                                | dw6_d1                                                                | 2 (L3 memory cuts: 1)    |
| dw6_d0                                                                | dw6_dc                                                                | 2 (L3 memory cuts: 1)    |
| dw6_d1                                                                | dw6_dc                                                                | 2 (L3 memory cuts: 1)    |
| dw6_dc                                                                | conv78                                                                | 2[S] (L3 memory cuts: 1) |
| conv78                                                                | dw7                                                                   | 4 (L3 memory cuts: 1)    |
| dw7                                                                   | conv79                                                                | 2 (L3 memory cuts: 1)    |
| conv79                                                                | conv80                                                                | 2[S] (L3 memory cuts: 1) |
| conv80                                                                | output_layer6                                                         | 2 (L3 memory cuts: 1)    |
| conv60                                                                | yolo11n_yolo11n_context_3_to_yolo11n_context_4_2543                   | 4[S] (L3 memory cuts: 1) |
| yolo11n_yolo11n_context_3_to_yolo11n_context_4_2543                   | yolo11n_yolo11n_context_3_to_yolo11n_context_4_2544                   | 1 (0.00[KB]) (DDR)       |
| yolo11n_yolo11n_context_3_to_yolo11n_context_4_2544                   | conv61_d0                                                             | 4[S] (L3 memory cuts: 1) |
| yolo11n_yolo11n_context_3_to_yolo11n_context_4_2544                   | conv61_d1                                                             | 4[S] (L3 memory cuts: 1) |
| conv61_d0                                                             | conv61_dc                                                             | 2[S] (L3 memory cuts: 1) |
| conv61_d1                                                             | conv61_dc                                                             | 2[S] (L3 memory cuts: 1) |
| conv61_dc                                                             | conv62                                                                | 2[S] (L3 memory cuts: 1) |
| conv62                                                                | output_layer3                                                         | 2 (L3 memory cuts: 1)    |
| dw4                                                                   | yolo11n_yolo11n_context_3_to_yolo11n_context_4_2546                   | 2 (L3 memory cuts: 1)    |
| yolo11n_yolo11n_context_3_to_yolo11n_context_4_2546                   | yolo11n_yolo11n_context_3_to_yolo11n_context_4_2547                   | 1 (0.00[KB]) (DDR)       |
| yolo11n_yolo11n_context_3_to_yolo11n_context_4_2547                   | conv63                                                                | 2 (L3 memory cuts: 1)    |
| conv63                                                                | dw5_sd0                                                               | 2 (L3 memory cuts: 1)    |
| conv63                                                                | dw5_sd1                                                               | 2 (L3 memory cuts: 1)    |
| dw5_sd0                                                               | dw5_sdc                                                               | 2 (L3 memory cuts: 1)    |
| dw5_sd1                                                               | dw5_sdc                                                               | 2 (L3 memory cuts: 1)    |
| dw5_sdc                                                               | conv64                                                                | 2 (L3 memory cuts: 1)    |
| conv64                                                                | conv65                                                                | 2[S] (L3 memory cuts: 1) |
| conv65                                                                | output_layer4                                                         | 2 (L3 memory cuts: 1)    |
| conv49_ws                                                             | conv49_sd0                                                            | 2 (L3 memory cuts: 1)    |
| conv49_ws                                                             | conv49_sd1                                                            | 2 (L3 memory cuts: 1)    |
| conv49_sd0                                                            | conv49_sdc                                                            | 2 (L3 memory cuts: 1)    |
| conv49_sd1                                                            | conv49_sdc                                                            | 2 (L3 memory cuts: 1)    |
| conv49_sdc                                                            | conv50_ws                                                             | 2 (L3 memory cuts: 1)    |
| conv50_ws                                                             | conv50_sd0                                                            | 2 (L3 memory cuts: 1)    |
| conv50_ws                                                             | conv50_sd1                                                            | 2 (L3 memory cuts: 1)    |
| conv50_sd0                                                            | conv50_sdc                                                            | 2 (L3 memory cuts: 1)    |
| conv50_sd1                                                            | conv50_sdc                                                            | 2 (L3 memory cuts: 1)    |
| conv50_sdc                                                            | conv51                                                                | 3 (L3 memory cuts: 1)    |
| conv51                                                                | output_layer1                                                         | 2 (L3 memory cuts: 1)    |
| dw2_sd0                                                               | dw2_sdc                                                               | 2 (L3 memory cuts: 1)    |
| dw2_sd1                                                               | dw2_sdc                                                               | 2 (L3 memory cuts: 1)    |
| dw2_sdc                                                               | conv52                                                                | 2 (L3 memory cuts: 1)    |
| conv52                                                                | dw3_sd0                                                               | 2 (L3 memory cuts: 1)    |
| conv52                                                                | dw3_sd1                                                               | 2 (L3 memory cuts: 1)    |
| dw3_sd0                                                               | dw3_sdc                                                               | 2 (L3 memory cuts: 1)    |
| dw3_sd1                                                               | dw3_sdc                                                               | 2 (L3 memory cuts: 1)    |
| dw3_sdc                                                               | conv53                                                                | 2 (L3 memory cuts: 1)    |
| conv53                                                                | conv54                                                                | 2[S] (L3 memory cuts: 1) |
| conv54                                                                | output_layer2                                                         | 2 (L3 memory cuts: 1)    |
+-----------------------------------------------------------------------+-----------------------------------------------------------------------+--------------------------+
[2026-02-17 19:46:16.402] [default] [info] Adjust Edges Before Dimaffer buffers:
+-----------------------------------------------------------------------+-----------------------------------------------------------------------+-------------------------------+
| Src                                                                   | Dst                                                                   | Buffers                       |
+-----------------------------------------------------------------------+-----------------------------------------------------------------------+-------------------------------+
| input_layer1                                                          | conv1_ws                                                              | 2 (L3 memory cuts: 1)         |
| conv1_ws                                                              | conv1_sd0                                                             | 3[RPC] (L3 memory cuts: 3)    |
| conv1_ws                                                              | conv1_sd1                                                             | 3[RPC] (L3 memory cuts: 3)    |
| conv1_ws                                                              | conv1_sd2                                                             | 3[RPC] (L3 memory cuts: 3)    |
| conv1_ws                                                              | conv1_sd3                                                             | 3[RPC] (L3 memory cuts: 3)    |
| conv1_sd0                                                             | conv1_sdc                                                             | 2[RPC] (L3 memory cuts: 2)    |
| conv1_sd1                                                             | conv1_sdc                                                             | 2[RPC] (L3 memory cuts: 2)    |
| conv1_sd2                                                             | conv1_sdc                                                             | 2[RPC] (L3 memory cuts: 2)    |
| conv1_sd3                                                             | conv1_sdc                                                             | 2[RPC] (L3 memory cuts: 2)    |
| conv1_sdc                                                             | conv2_ws                                                              | 2[RPC] (L3 memory cuts: 2)    |
| conv2_ws                                                              | conv2_sd0                                                             | 3[RPC] (L3 memory cuts: 3)    |
| conv2_ws                                                              | conv2_sd1                                                             | 2[RPC] (L3 memory cuts: 2)    |
| conv2_ws                                                              | conv2_sd2                                                             | 2[RPC] (L3 memory cuts: 2)    |
| conv2_ws                                                              | conv2_sd3                                                             | 2[RPC] (L3 memory cuts: 2)    |
| conv2_sd0                                                             | conv2_sdc                                                             | 1[RPC] (L3 memory cuts: 1)    |
| conv2_sd1                                                             | conv2_sdc                                                             | 2 (L3 memory cuts: 1)         |
| conv2_sd2                                                             | conv2_sdc                                                             | 2 (L3 memory cuts: 1)         |
| conv2_sd3                                                             | conv2_sdc                                                             | 2 (L3 memory cuts: 1)         |
| conv2_sdc                                                             | conv_feature_splitter1_1                                              | 2[RPC] (L3 memory cuts: 2)    |
| conv2_sdc                                                             | conv_feature_splitter1_2                                              | 2[RPC] (L3 memory cuts: 2)    |
| conv_feature_splitter1_1                                              | concat1                                                               | 7[RPC] (L3 memory cuts: 7)    |
| conv_feature_splitter1_2                                              | conv4_ws                                                              | 2[RPC] (L3 memory cuts: 2)    |
| conv_feature_splitter1_2                                              | ew_add1                                                               | 7[RPC] (L3 memory cuts: 7)    |
| conv_feature_splitter1_2                                              | concat1                                                               | 7[RPC] (L3 memory cuts: 7)    |
| conv4_ws                                                              | conv4_sd0                                                             | 3 (L3 memory cuts: 1)         |
| conv4_ws                                                              | conv4_sd1                                                             | 3 (L3 memory cuts: 1)         |
| conv4_sd0                                                             | conv4_sdc                                                             | 2 (L3 memory cuts: 1)         |
| conv4_sd1                                                             | conv4_sdc                                                             | 2 (L3 memory cuts: 1)         |
| conv4_sdc                                                             | conv5                                                                 | 1 (L3 memory cuts: 1)         |
| conv5                                                                 | ew_add1                                                               | 2 (L3 memory cuts: 1)         |
| ew_add1                                                               | concat1                                                               | 2 (L3 memory cuts: 1)         |
| concat1                                                               | conv6                                                                 | 3[RPC] (L3 memory cuts: 3)    |
| conv6                                                                 | conv7_ws                                                              | 2[RPC] (L3 memory cuts: 2)    |
| conv7_ws                                                              | ws_from_conv7_ws_to_conv7_sd0-3_390                                   | 2[RPC] (L3 memory cuts: 2)    |
| conv7_ws                                                              | conv7_sd4                                                             | 2[RPC] (L3 memory cuts: 2)    |
| conv7_sd4                                                             | conv7_sdc                                                             | 2 (L3 memory cuts: 1)         |
| ws_from_conv7_ws_to_conv7_sd0-3_390                                   | conv7_sd0                                                             | 2[RPC] (L3 memory cuts: 2)    |
| ws_from_conv7_ws_to_conv7_sd0-3_390                                   | conv7_sd1                                                             | 2[RPC] (L3 memory cuts: 2)    |
| ws_from_conv7_ws_to_conv7_sd0-3_390                                   | conv7_sd2                                                             | 2[RPC] (L3 memory cuts: 2)    |
| ws_from_conv7_ws_to_conv7_sd0-3_390                                   | conv7_sd3                                                             | 2[RPC] (L3 memory cuts: 2)    |
| conv7_sd0                                                             | concat_w_from_conv7_sd0-3_to_conv7_sdc                                | 1 (L3 memory cuts: 1)         |
| conv7_sd1                                                             | concat_w_from_conv7_sd0-3_to_conv7_sdc                                | 1 (L3 memory cuts: 1)         |
| conv7_sd2                                                             | concat_w_from_conv7_sd0-3_to_conv7_sdc                                | 1 (L3 memory cuts: 1)         |
| conv7_sd3                                                             | concat_w_from_conv7_sd0-3_to_conv7_sdc                                | 1 (L3 memory cuts: 1)         |
| concat_w_from_conv7_sd0-3_to_conv7_sdc                                | conv7_sdc                                                             | 1 (L3 memory cuts: 1)         |
| conv7_sdc                                                             | conv_feature_splitter2_1                                              | 2 (L3 memory cuts: 1)         |
| conv7_sdc                                                             | conv_feature_splitter2_2                                              | 2 (L3 memory cuts: 1)         |
| conv_feature_splitter2_1                                              | concat2                                                               | 7 (L3 memory cuts: 1)         |
| conv_feature_splitter2_2                                              | conv9                                                                 | 7 (L3 memory cuts: 1)         |
| conv_feature_splitter2_2                                              | ew_add2                                                               | 7 (L3 memory cuts: 1)         |
| conv_feature_splitter2_2                                              | concat2                                                               | 7 (L3 memory cuts: 1)         |
| conv9                                                                 | conv10                                                                | 11[S] (L3 memory cuts: 1)     |
| conv10                                                                | ew_add2                                                               | 2[RPC] (L3 memory cuts: 2)    |
| ew_add2                                                               | concat2                                                               | 3 (L3 memory cuts: 1)         |
| concat2                                                               | conv11                                                                | 3[S] (L3 memory cuts: 1)      |
| conv11                                                                | yolo11n_yolo11n_context_0_to_yolo11n_context_1_yolo11n_context_3_2528 | 2[RPC] (L3 memory cuts: 2)    |
| yolo11n_yolo11n_context_0_to_yolo11n_context_1_yolo11n_context_3_2528 | yolo11n_yolo11n_context_0_to_yolo11n_context_1_2529                   | 1 (0.00[KB]) (DDR)            |
| yolo11n_yolo11n_context_0_to_yolo11n_context_1_yolo11n_context_3_2528 | yolo11n_yolo11n_context_0_to_yolo11n_context_3_2530                   | 1 (0.00[KB]) (DDR)            |
| yolo11n_yolo11n_context_0_to_yolo11n_context_1_2529                   | conv12_ws                                                             | 2 (L3 memory cuts: 1)         |
| conv12_ws                                                             | conv12_sd0                                                            | 3 (L3 memory cuts: 1)         |
| conv12_ws                                                             | conv12_sd1                                                            | 3 (L3 memory cuts: 1)         |
| conv12_ws                                                             | conv12_sd2                                                            | 2 (L3 memory cuts: 1)         |
| conv12_sd0                                                            | conv12_sdc                                                            | 1[RPC] (L3 memory cuts: 1)    |
| conv12_sd1                                                            | conv12_sdc                                                            | 1 (L3 memory cuts: 1)         |
| conv12_sd2                                                            | conv12_sdc                                                            | 2 (L3 memory cuts: 1)         |
| conv12_sdc                                                            | conv_feature_splitter3_1                                              | 2[RPC] (L3 memory cuts: 2)    |
| conv12_sdc                                                            | conv_feature_splitter3_2                                              | 2[RPC] (L3 memory cuts: 2)    |
| conv_feature_splitter3_1                                              | concat4                                                               | 39[S] (L3 memory cuts: 1)     |
| conv_feature_splitter3_2                                              | conv14                                                                | 39[S] (L3 memory cuts: 1)     |
| conv_feature_splitter3_2                                              | conv15                                                                | 39[S] (L3 memory cuts: 1)     |
| conv_feature_splitter3_2                                              | concat4                                                               | 39[S] (L3 memory cuts: 1)     |
| conv14                                                                | conv16                                                                | 5 (L3 memory cuts: 1)         |
| conv14                                                                | ew_add3                                                               | 5 (L3 memory cuts: 1)         |
| conv16                                                                | conv17                                                                | 10[S] (L3 memory cuts: 1)     |
| conv17                                                                | ew_add3                                                               | 1 (L3 memory cuts: 1)         |
| ew_add3                                                               | conv18                                                                | 4 (L3 memory cuts: 1)         |
| ew_add3                                                               | ew_add4                                                               | 4 (L3 memory cuts: 1)         |
| conv18                                                                | conv19                                                                | 9[S] (L3 memory cuts: 1)      |
| conv19                                                                | ew_add4                                                               | 1 (L3 memory cuts: 1)         |
| ew_add4                                                               | concat3                                                               | 3 (L3 memory cuts: 1)         |
| conv15                                                                | concat3                                                               | 9 (L3 memory cuts: 1)         |
| concat3                                                               | conv20                                                                | 2[S] (L3 memory cuts: 1)      |
| conv20                                                                | concat4                                                               | 1[S] (L3 memory cuts: 1)      |
| concat4                                                               | conv21                                                                | 2[S] (L3 memory cuts: 1)      |
| conv21                                                                | conv22_d0                                                             | 3[RPC] (L3 memory cuts: 3)    |
| conv21                                                                | conv22_d1                                                             | 3[RPC] (L3 memory cuts: 3)    |
| conv21                                                                | yolo11n_yolo11n_context_1_to_yolo11n_context_2_2531                   | 3[RPC] (L3 memory cuts: 3)    |
| conv22_d0                                                             | conv22_dc                                                             | 2[RPC] (L3 memory cuts: 2)    |
| conv22_d1                                                             | conv22_dc                                                             | 2[RPC] (L3 memory cuts: 2)    |
| conv22_dc                                                             | conv_feature_splitter4_1                                              | 4[S] (L3 memory cuts: 1)      |
| conv22_dc                                                             | conv_feature_splitter4_2                                              | 4[S] (L3 memory cuts: 1)      |
| conv_feature_splitter4_1                                              | concat6                                                               | 26[S] (L3 memory cuts: 1)     |
| conv_feature_splitter4_2                                              | conv24                                                                | 26[S] (L3 memory cuts: 1)     |
| conv_feature_splitter4_2                                              | conv25                                                                | 26[S] (L3 memory cuts: 1)     |
| conv_feature_splitter4_2                                              | concat6                                                               | 26[S] (L3 memory cuts: 1)     |
| conv24                                                                | conv26                                                                | 4 (L3 memory cuts: 1)         |
| conv24                                                                | ew_add5                                                               | 4 (L3 memory cuts: 1)         |
| conv26                                                                | conv27                                                                | 5[S] (L3 memory cuts: 1)      |
| conv27                                                                | ew_add5                                                               | 1 (L3 memory cuts: 1)         |
| ew_add5                                                               | conv28                                                                | 4 (L3 memory cuts: 1)         |
| ew_add5                                                               | ew_add6                                                               | 4 (L3 memory cuts: 1)         |
| conv28                                                                | conv29                                                                | 5[S] (L3 memory cuts: 1)      |
| conv29                                                                | ew_add6                                                               | 1 (L3 memory cuts: 1)         |
| ew_add6                                                               | concat5                                                               | 3 (L3 memory cuts: 1)         |
| conv25                                                                | concat5                                                               | 8 (L3 memory cuts: 1)         |
| concat5                                                               | conv30                                                                | 2[S] (L3 memory cuts: 1)      |
| conv30                                                                | concat6                                                               | 1[S] (L3 memory cuts: 1)      |
| concat6                                                               | conv31                                                                | 1[S] (L3 memory cuts: 1)      |
| conv31                                                                | conv32                                                                | 2[S] (L3 memory cuts: 1)      |
| conv32                                                                | yolo11n_yolo11n_context_1_to_yolo11n_context_2_2533                   | 1[RPC] (L3 memory cuts: 1)    |
| yolo11n_yolo11n_context_1_to_yolo11n_context_2_2533                   | yolo11n_yolo11n_context_1_to_yolo11n_context_2_2534                   | 1 (0.00[KB]) (DDR)            |
| yolo11n_yolo11n_context_1_to_yolo11n_context_2_2533                   | yolo11n_yolo11n_context_1_to_yolo11n_context_2_2535                   | 1 (0.00[KB]) (DDR)            |
| yolo11n_yolo11n_context_1_to_yolo11n_context_2_2534                   | concat7                                                               | 2 (L3 memory cuts: 1)         |
| yolo11n_yolo11n_context_1_to_yolo11n_context_2_2535                   | maxpool1                                                              | 8 (L3 memory cuts: 1)         |
| maxpool1                                                              | maxpool2                                                              | 9[RPC] (L3 memory cuts: 9)    |
| maxpool1                                                              | concat7                                                               | 9[RPC] (L3 memory cuts: 9)    |
| maxpool2                                                              | maxpool3                                                              | 9[RPC] (L3 memory cuts: 9)    |
| maxpool2                                                              | concat7                                                               | 9[RPC] (L3 memory cuts: 9)    |
| maxpool3                                                              | concat7                                                               | 3[RPC] (L3 memory cuts: 3)    |
| concat7                                                               | conv33                                                                | 4[S] (L3 memory cuts: 1)      |
| conv33                                                                | conv_feature_splitter5_1                                              | 2[S] (L3 memory cuts: 1)      |
| conv33                                                                | conv_feature_splitter5_2                                              | 2[S] (L3 memory cuts: 1)      |
| conv_feature_splitter5_1                                              | concat8                                                               | 76[S] (L3 memory cuts: 3)     |
| conv_feature_splitter5_2                                              | conv_feature_splitter6_1                                              | 2 (L3 memory cuts: 1)         |
| conv_feature_splitter5_2                                              | conv_feature_splitter6_2                                              | 2 (L3 memory cuts: 1)         |
| conv_feature_splitter5_2                                              | conv_feature_splitter6_3                                              | 2 (L3 memory cuts: 1)         |
| conv_feature_splitter5_2                                              | conv36                                                                | 26 (L3 memory cuts: 3)        |
| conv_feature_splitter6_1                                              | matmul1                                                               | 21 (L3 memory cuts: 1)        |
| conv_feature_splitter6_2                                              | matmul1                                                               | 40 (L3 memory cuts: 3)        |
| matmul1                                                               | reduce_max_softmax1                                                   | 2[RPC] (L3 memory cuts: 2)    |
| matmul1                                                               | ew_sub_softmax1                                                       | 2[RPC] (L3 memory cuts: 2)    |
| reduce_max_softmax1                                                   | ew_sub_softmax1                                                       | 1 (L3 memory cuts: 1)         |
| ew_sub_softmax1                                                       | ne_activation_ew_sub_softmax1_sd0                                     | 3 (L3 memory cuts: 4)         |
| ew_sub_softmax1                                                       | ne_activation_ew_sub_softmax1_sd1                                     | 3 (L3 memory cuts: 4)         |
| ew_sub_softmax1                                                       | ne_activation_ew_sub_softmax1_sd2                                     | 3 (L3 memory cuts: 4)         |
| ne_activation_ew_sub_softmax1_sd0                                     | ne_activation_ew_sub_softmax1_sdc                                     | 2 (L3 memory cuts: 1)         |
| ne_activation_ew_sub_softmax1_sd1                                     | ne_activation_ew_sub_softmax1_sdc                                     | 2 (L3 memory cuts: 1)         |
| ne_activation_ew_sub_softmax1_sd2                                     | ne_activation_ew_sub_softmax1_sdc                                     | 2 (L3 memory cuts: 1)         |
| ne_activation_ew_sub_softmax1_sdc                                     | reduce_sum_softmax1                                                   | 1[RPC] (L3 memory cuts: 1)    |
| ne_activation_ew_sub_softmax1_sdc                                     | ew_mult_softmax1                                                      | 2[RPC] (L3 memory cuts: 2)    |
| reduce_sum_softmax1                                                   | ew_mult_softmax1                                                      | 2 (L3 memory cuts: 1)         |
| ew_mult_softmax1                                                      | matmul2                                                               | 2 (L3 memory cuts: 2)         |
| conv_feature_splitter6_3                                              | activation1                                                           | 2 (L3 memory cuts: 1)         |
| conv_feature_splitter6_3                                              | dw1_defuse_width_feature_reshape                                      | 2 (L3 memory cuts: 1)         |
| activation1                                                           | matmul2_reshape                                                       | 1 (L3 memory cuts: 1)         |
| matmul2_reshape                                                       | matmul2                                                               | 60 (L3 memory cuts: 6)        |
| matmul2                                                               | dw1_defuse_1x1                                                        | 2 (L3 memory cuts: 1)         |
| dw1_defuse_width_feature_reshape                                      | dw1_defuse_reshape_hxf_to_w_transposed                                | 5 (L3 memory cuts: 1)         |
| dw1_defuse_reshape_hxf_to_w_transposed                                | dw1_defuse_1x1                                                        | 24 (L3 memory cuts: 21)       |
| dw1_defuse_1x1                                                        | conv36                                                                | 3 (L3 memory cuts: 1)         |
| conv36                                                                | conv37                                                                | 3[S] (L3 memory cuts: 1)      |
| conv36                                                                | conv38                                                                | 3[S] (L3 memory cuts: 1)      |
| conv37                                                                | conv38                                                                | 2[S] (L3 memory cuts: 1)      |
| conv38                                                                | concat8                                                               | 1[S] (L3 memory cuts: 1)      |
| concat8                                                               | conv39                                                                | 2[S] (L3 memory cuts: 1)      |
| conv39                                                                | resize1                                                               | 2 (L3 memory cuts: 1)         |
| conv39                                                                | yolo11n_yolo11n_context_2_to_yolo11n_context_4_2536                   | 2 (L3 memory cuts: 1)         |
| resize1                                                               | concat9                                                               | 3 (L3 memory cuts: 1)         |
| yolo11n_yolo11n_context_2_to_yolo11n_context_4_2536                   | yolo11n_yolo11n_context_2_to_yolo11n_context_4_2537                   | 1 (0.00[KB]) (DDR)            |
| yolo11n_yolo11n_context_2_to_yolo11n_context_4_2537                   | concat15                                                              | 2 (L3 memory cuts: 1)         |
| yolo11n_yolo11n_context_1_to_yolo11n_context_2_2531                   | yolo11n_yolo11n_context_1_to_yolo11n_context_2_2532                   | 1 (0.00[KB]) (DDR)            |
| yolo11n_yolo11n_context_1_to_yolo11n_context_2_2532                   | concat9                                                               | 2 (L3 memory cuts: 1)         |
| concat9                                                               | conv_feature_splitter7_1                                              | 2[S] (L3 memory cuts: 1)      |
| concat9                                                               | conv_feature_splitter7_2                                              | 2[S] (L3 memory cuts: 1)      |
| conv_feature_splitter7_1                                              | concat10                                                              | 8 (L3 memory cuts: 1)         |
| conv_feature_splitter7_2                                              | conv41                                                                | 8 (L3 memory cuts: 1)         |
| conv_feature_splitter7_2                                              | ew_add10                                                              | 8 (L3 memory cuts: 1)         |
| conv_feature_splitter7_2                                              | concat10                                                              | 8 (L3 memory cuts: 1)         |
| conv41                                                                | conv42                                                                | 2[RPC] (L3 memory cuts: 2)    |
| conv42                                                                | ew_add10                                                              | 2 (L3 memory cuts: 1)         |
| ew_add10                                                              | concat10                                                              | 4 (L3 memory cuts: 1)         |
| concat10                                                              | conv43                                                                | 2[S] (L3 memory cuts: 1)      |
| conv43                                                                | yolo11n_yolo11n_context_2_to_yolo11n_context_3_2538                   | 1 (L3 memory cuts: 1)         |
| yolo11n_yolo11n_context_2_to_yolo11n_context_3_2538                   | yolo11n_yolo11n_context_2_to_yolo11n_context_3_2539                   | 1 (0.00[KB]) (DDR)            |
| yolo11n_yolo11n_context_2_to_yolo11n_context_3_2538                   | yolo11n_yolo11n_context_2_to_yolo11n_context_3_2540                   | 1 (0.00[KB]) (DDR)            |
| yolo11n_yolo11n_context_2_to_yolo11n_context_3_2539                   | resize2                                                               | 2 (L3 memory cuts: 1)         |
| resize2                                                               | concat11                                                              | 3[RPC] (L3 memory cuts: 3)    |
| yolo11n_yolo11n_context_2_to_yolo11n_context_3_2540                   | concat13                                                              | 3 (L3 memory cuts: 1)         |
| yolo11n_yolo11n_context_0_to_yolo11n_context_3_2530                   | concat11                                                              | 2 (L3 memory cuts: 1)         |
| concat11                                                              | conv_feature_splitter8_1                                              | 2[S][RPC] (L3 memory cuts: 2) |
| concat11                                                              | conv_feature_splitter8_2                                              | 2[S][RPC] (L3 memory cuts: 2) |
| conv_feature_splitter8_1                                              | concat12                                                              | 8 (L3 memory cuts: 1)         |
| conv_feature_splitter8_2                                              | conv45                                                                | 8 (L3 memory cuts: 1)         |
| conv_feature_splitter8_2                                              | ew_add11                                                              | 8 (L3 memory cuts: 1)         |
| conv_feature_splitter8_2                                              | concat12                                                              | 8 (L3 memory cuts: 1)         |
| conv45                                                                | conv46                                                                | 12[S] (L3 memory cuts: 1)     |
| conv46                                                                | ew_add11                                                              | 2[RPC] (L3 memory cuts: 2)    |
| ew_add11                                                              | concat12                                                              | 3 (L3 memory cuts: 1)         |
| concat12                                                              | conv47                                                                | 2[S] (L3 memory cuts: 1)      |
| conv47                                                                | conv48                                                                | 2[RPC] (L3 memory cuts: 2)    |
| conv47                                                                | conv49_ws                                                             | 2[RPC] (L3 memory cuts: 2)    |
| conv47                                                                | dw2_sd0                                                               | 3[RPC] (L3 memory cuts: 3)    |
| conv47                                                                | dw2_sd1                                                               | 3[RPC] (L3 memory cuts: 3)    |
| conv48                                                                | concat13                                                              | 2 (L3 memory cuts: 1)         |
| concat13                                                              | conv_feature_splitter9_1                                              | 4[S] (L3 memory cuts: 1)      |
| concat13                                                              | conv_feature_splitter9_2                                              | 4[S] (L3 memory cuts: 1)      |
| conv_feature_splitter9_1                                              | concat14                                                              | 6 (L3 memory cuts: 1)         |
| conv_feature_splitter9_2                                              | conv56                                                                | 6 (L3 memory cuts: 1)         |
| conv_feature_splitter9_2                                              | ew_add12                                                              | 6 (L3 memory cuts: 1)         |
| conv_feature_splitter9_2                                              | concat14                                                              | 6 (L3 memory cuts: 1)         |
| conv56                                                                | conv57                                                                | 6[S] (L3 memory cuts: 1)      |
| conv57                                                                | ew_add12                                                              | 2 (L3 memory cuts: 1)         |
| ew_add12                                                              | concat14                                                              | 2 (L3 memory cuts: 1)         |
| concat14                                                              | conv58                                                                | 2[S] (L3 memory cuts: 1)      |
| conv58                                                                | conv59                                                                | 3 (L3 memory cuts: 1)         |
| conv58                                                                | conv60                                                                | 3 (L3 memory cuts: 1)         |
| conv58                                                                | dw4                                                                   | 3 (L3 memory cuts: 1)         |
| conv59                                                                | yolo11n_yolo11n_context_3_to_yolo11n_context_4_2541                   | 1 (L3 memory cuts: 1)         |
| yolo11n_yolo11n_context_3_to_yolo11n_context_4_2541                   | yolo11n_yolo11n_context_3_to_yolo11n_context_4_2542                   | 1 (0.00[KB]) (DDR)            |
| yolo11n_yolo11n_context_3_to_yolo11n_context_4_2542                   | concat15                                                              | 2 (L3 memory cuts: 1)         |
| concat15                                                              | conv_feature_splitter10_1                                             | 2[S] (L3 memory cuts: 1)      |
| concat15                                                              | conv_feature_splitter10_2                                             | 2[S] (L3 memory cuts: 1)      |
| conv_feature_splitter10_1                                             | concat17                                                              | 32[S] (L3 memory cuts: 1)     |
| conv_feature_splitter10_2                                             | conv67                                                                | 32[S] (L3 memory cuts: 1)     |
| conv_feature_splitter10_2                                             | conv68                                                                | 32[S] (L3 memory cuts: 1)     |
| conv_feature_splitter10_2                                             | concat17                                                              | 32[S] (L3 memory cuts: 1)     |
| conv67                                                                | conv69                                                                | 7 (L3 memory cuts: 1)         |
| conv67                                                                | ew_add13                                                              | 7 (L3 memory cuts: 1)         |
| conv69                                                                | conv70                                                                | 5[S] (L3 memory cuts: 1)      |
| conv70                                                                | ew_add13                                                              | 1 (L3 memory cuts: 1)         |
| ew_add13                                                              | conv71                                                                | 2[RPC] (L3 memory cuts: 2)    |
| ew_add13                                                              | ew_add14                                                              | 4[RPC] (L3 memory cuts: 4)    |
| conv71                                                                | conv72                                                                | 5[S] (L3 memory cuts: 1)      |
| conv72                                                                | ew_add14                                                              | 1 (L3 memory cuts: 1)         |
| ew_add14                                                              | concat16                                                              | 2[RPC] (L3 memory cuts: 2)    |
| conv68                                                                | concat16                                                              | 11 (L3 memory cuts: 1)        |
| concat16                                                              | conv73                                                                | 2[S] (L3 memory cuts: 1)      |
| conv73                                                                | concat17                                                              | 1[S][RPC] (L3 memory cuts: 1) |
| concat17                                                              | conv74                                                                | 2[S][RPC] (L3 memory cuts: 2) |
| conv74                                                                | conv75_ws                                                             | 1[RPC] (L3 memory cuts: 1)    |
| conv74                                                                | dw6_fs                                                                | 1[RPC] (L3 memory cuts: 1)    |
| conv75_ws                                                             | conv75_sd0                                                            | 1[RPC] (L3 memory cuts: 1)    |
| conv75_ws                                                             | conv75_sd1                                                            | 2[RPC] (L3 memory cuts: 2)    |
| conv75_sd0                                                            | conv75_sdc                                                            | 2 (L3 memory cuts: 1)         |
| conv75_sd1                                                            | conv75_sdc                                                            | 1[RPC] (L3 memory cuts: 1)    |
| conv75_sdc                                                            | conv76                                                                | 2[RPC] (L3 memory cuts: 2)    |
| conv76                                                                | conv77                                                                | 1[S] (L3 memory cuts: 1)      |
| conv77                                                                | output_layer5                                                         | 1 (L3 memory cuts: 1)         |
| dw6_fs                                                                | dw6_d0                                                                | 1 (L3 memory cuts: 1)         |
| dw6_fs                                                                | dw6_d1                                                                | 1 (L3 memory cuts: 1)         |
| dw6_d0                                                                | dw6_dc                                                                | 2[RPC] (L3 memory cuts: 2)    |
| dw6_d1                                                                | dw6_dc                                                                | 2[RPC] (L3 memory cuts: 2)    |
| dw6_dc                                                                | conv78                                                                | 2[S] (L3 memory cuts: 1)      |
| conv78                                                                | dw7                                                                   | 4 (L3 memory cuts: 1)         |
| dw7                                                                   | conv79                                                                | 3 (L3 memory cuts: 1)         |
| conv79                                                                | conv80                                                                | 1[S] (L3 memory cuts: 1)      |
| conv80                                                                | output_layer6                                                         | 1 (L3 memory cuts: 1)         |
| conv60                                                                | yolo11n_yolo11n_context_3_to_yolo11n_context_4_2543                   | 1 (L3 memory cuts: 1)         |
| yolo11n_yolo11n_context_3_to_yolo11n_context_4_2543                   | yolo11n_yolo11n_context_3_to_yolo11n_context_4_2544                   | 1 (0.00[KB]) (DDR)            |
| yolo11n_yolo11n_context_3_to_yolo11n_context_4_2544                   | conv61_d0                                                             | 4 (L3 memory cuts: 1)         |
| yolo11n_yolo11n_context_3_to_yolo11n_context_4_2544                   | conv61_d1                                                             | 4 (L3 memory cuts: 1)         |
| conv61_d0                                                             | conv61_dc                                                             | 1[S][RPC] (L3 memory cuts: 1) |
| conv61_d1                                                             | conv61_dc                                                             | 1[S][RPC] (L3 memory cuts: 1) |
| conv61_dc                                                             | conv62                                                                | 2[S][RPC] (L3 memory cuts: 2) |
| conv62                                                                | output_layer3                                                         | 2 (L3 memory cuts: 1)         |
| dw4                                                                   | yolo11n_yolo11n_context_3_to_yolo11n_context_4_2546                   | 2[RPC] (L3 memory cuts: 2)    |
| yolo11n_yolo11n_context_3_to_yolo11n_context_4_2546                   | yolo11n_yolo11n_context_3_to_yolo11n_context_4_2547                   | 1 (0.00[KB]) (DDR)            |
| yolo11n_yolo11n_context_3_to_yolo11n_context_4_2547                   | conv63                                                                | 2 (L3 memory cuts: 1)         |
| conv63                                                                | dw5_sd0                                                               | 3 (L3 memory cuts: 1)         |
| conv63                                                                | dw5_sd1                                                               | 3 (L3 memory cuts: 1)         |
| dw5_sd0                                                               | dw5_sdc                                                               | 2[RPC] (L3 memory cuts: 2)    |
| dw5_sd1                                                               | dw5_sdc                                                               | 3 (L3 memory cuts: 1)         |
| dw5_sdc                                                               | conv64                                                                | 3 (L3 memory cuts: 1)         |
| conv64                                                                | conv65                                                                | 1[S] (L3 memory cuts: 1)      |
| conv65                                                                | output_layer4                                                         | 1 (L3 memory cuts: 1)         |
| conv49_ws                                                             | conv49_sd0                                                            | 2 (L3 memory cuts: 1)         |
| conv49_ws                                                             | conv49_sd1                                                            | 2 (L3 memory cuts: 1)         |
| conv49_sd0                                                            | conv49_sdc                                                            | 2 (L3 memory cuts: 1)         |
| conv49_sd1                                                            | conv49_sdc                                                            | 2 (L3 memory cuts: 1)         |
| conv49_sdc                                                            | conv50_ws                                                             | 1 (L3 memory cuts: 1)         |
| conv50_ws                                                             | conv50_sd0                                                            | 2 (L3 memory cuts: 1)         |
| conv50_ws                                                             | conv50_sd1                                                            | 2 (L3 memory cuts: 1)         |
| conv50_sd0                                                            | conv50_sdc                                                            | 2 (L3 memory cuts: 1)         |
| conv50_sd1                                                            | conv50_sdc                                                            | 2 (L3 memory cuts: 1)         |
| conv50_sdc                                                            | conv51                                                                | 2 (L3 memory cuts: 1)         |
| conv51                                                                | output_layer1                                                         | 2[RPC] (L3 memory cuts: 2)    |
| dw2_sd0                                                               | dw2_sdc                                                               | 2[RPC] (L3 memory cuts: 2)    |
| dw2_sd1                                                               | dw2_sdc                                                               | 2[RPC] (L3 memory cuts: 2)    |
| dw2_sdc                                                               | conv52                                                                | 2 (L3 memory cuts: 1)         |
| conv52                                                                | dw3_sd0                                                               | 2 (L3 memory cuts: 1)         |
| conv52                                                                | dw3_sd1                                                               | 2 (L3 memory cuts: 1)         |
| dw3_sd0                                                               | dw3_sdc                                                               | 2[RPC] (L3 memory cuts: 2)    |
| dw3_sd1                                                               | dw3_sdc                                                               | 2[RPC] (L3 memory cuts: 2)    |
| dw3_sdc                                                               | conv53                                                                | 3 (L3 memory cuts: 1)         |
| conv53                                                                | conv54                                                                | 1[S][RPC] (L3 memory cuts: 1) |
| conv54                                                                | output_layer2                                                         | 1 (L3 memory cuts: 1)         |
+-----------------------------------------------------------------------+-----------------------------------------------------------------------+-------------------------------+
[2026-02-17 19:46:16.520] [default] [info] Adjust Edges After Dimaffer buffers:
+-----------------------------------------------------------------------+-----------------------------------------------------------------------+-------------------------------+
| Src                                                                   | Dst                                                                   | Buffers                       |
+-----------------------------------------------------------------------+-----------------------------------------------------------------------+-------------------------------+
| input_layer1                                                          | conv1_ws                                                              | 2 (L3 memory cuts: 1)         |
| conv1_ws                                                              | conv1_sd0                                                             | 3[RPC] (L3 memory cuts: 3)    |
| conv1_ws                                                              | conv1_sd1                                                             | 3[RPC] (L3 memory cuts: 3)    |
| conv1_ws                                                              | conv1_sd2                                                             | 3[RPC] (L3 memory cuts: 3)    |
| conv1_ws                                                              | conv1_sd3                                                             | 3[RPC] (L3 memory cuts: 3)    |
| conv1_sd0                                                             | conv1_sdc                                                             | 2[RPC] (L3 memory cuts: 2)    |
| conv1_sd1                                                             | conv1_sdc                                                             | 2[RPC] (L3 memory cuts: 2)    |
| conv1_sd2                                                             | conv1_sdc                                                             | 2[RPC] (L3 memory cuts: 2)    |
| conv1_sd3                                                             | conv1_sdc                                                             | 2[RPC] (L3 memory cuts: 2)    |
| conv1_sdc                                                             | conv2_ws                                                              | 2[RPC] (L3 memory cuts: 2)    |
| conv2_ws                                                              | conv2_sd0                                                             | 3[RPC] (L3 memory cuts: 3)    |
| conv2_ws                                                              | conv2_sd1                                                             | 2[RPC] (L3 memory cuts: 2)    |
| conv2_ws                                                              | conv2_sd2                                                             | 2[RPC] (L3 memory cuts: 2)    |
| conv2_ws                                                              | conv2_sd3                                                             | 2[RPC] (L3 memory cuts: 2)    |
| conv2_sd0                                                             | conv2_sdc                                                             | 1[RPC] (L3 memory cuts: 1)    |
| conv2_sd1                                                             | conv2_sdc                                                             | 2 (L3 memory cuts: 1)         |
| conv2_sd2                                                             | conv2_sdc                                                             | 2 (L3 memory cuts: 1)         |
| conv2_sd3                                                             | conv2_sdc                                                             | 2 (L3 memory cuts: 1)         |
| conv2_sdc                                                             | conv_feature_splitter1_1                                              | 2[RPC] (L3 memory cuts: 2)    |
| conv2_sdc                                                             | conv_feature_splitter1_2                                              | 2[RPC] (L3 memory cuts: 2)    |
| conv_feature_splitter1_1                                              | concat1                                                               | 7[RPC] (L3 memory cuts: 7)    |
| conv_feature_splitter1_2                                              | conv4_ws                                                              | 2[RPC] (L3 memory cuts: 2)    |
| conv_feature_splitter1_2                                              | ew_add1                                                               | 7[RPC] (L3 memory cuts: 7)    |
| conv_feature_splitter1_2                                              | concat1                                                               | 7[RPC] (L3 memory cuts: 7)    |
| conv4_ws                                                              | conv4_sd0                                                             | 3 (L3 memory cuts: 1)         |
| conv4_ws                                                              | conv4_sd1                                                             | 3 (L3 memory cuts: 1)         |
| conv4_sd0                                                             | conv4_sdc                                                             | 2 (L3 memory cuts: 1)         |
| conv4_sd1                                                             | conv4_sdc                                                             | 2 (L3 memory cuts: 1)         |
| conv4_sdc                                                             | conv5                                                                 | 1 (L3 memory cuts: 1)         |
| conv5                                                                 | ew_add1                                                               | 2 (L3 memory cuts: 1)         |
| ew_add1                                                               | concat1                                                               | 2 (L3 memory cuts: 1)         |
| concat1                                                               | conv6                                                                 | 3[RPC] (L3 memory cuts: 3)    |
| conv6                                                                 | conv7_ws                                                              | 2[RPC] (L3 memory cuts: 2)    |
| conv7_ws                                                              | ws_from_conv7_ws_to_conv7_sd0-3_390                                   | 2[RPC] (L3 memory cuts: 2)    |
| conv7_ws                                                              | conv7_sd4                                                             | 2[RPC] (L3 memory cuts: 2)    |
| conv7_sd4                                                             | conv7_sdc                                                             | 2 (L3 memory cuts: 1)         |
| ws_from_conv7_ws_to_conv7_sd0-3_390                                   | conv7_sd0                                                             | 2[RPC] (L3 memory cuts: 2)    |
| ws_from_conv7_ws_to_conv7_sd0-3_390                                   | conv7_sd1                                                             | 2[RPC] (L3 memory cuts: 2)    |
| ws_from_conv7_ws_to_conv7_sd0-3_390                                   | conv7_sd2                                                             | 2[RPC] (L3 memory cuts: 2)    |
| ws_from_conv7_ws_to_conv7_sd0-3_390                                   | conv7_sd3                                                             | 2[RPC] (L3 memory cuts: 2)    |
| conv7_sd0                                                             | concat_w_from_conv7_sd0-3_to_conv7_sdc                                | 1 (L3 memory cuts: 1)         |
| conv7_sd1                                                             | concat_w_from_conv7_sd0-3_to_conv7_sdc                                | 1 (L3 memory cuts: 1)         |
| conv7_sd2                                                             | concat_w_from_conv7_sd0-3_to_conv7_sdc                                | 1 (L3 memory cuts: 1)         |
| conv7_sd3                                                             | concat_w_from_conv7_sd0-3_to_conv7_sdc                                | 1 (L3 memory cuts: 1)         |
| concat_w_from_conv7_sd0-3_to_conv7_sdc                                | conv7_sdc                                                             | 1 (L3 memory cuts: 1)         |
| conv7_sdc                                                             | conv_feature_splitter2_1                                              | 2 (L3 memory cuts: 1)         |
| conv7_sdc                                                             | conv_feature_splitter2_2                                              | 2 (L3 memory cuts: 1)         |
| conv_feature_splitter2_1                                              | concat2                                                               | 7 (L3 memory cuts: 1)         |
| conv_feature_splitter2_2                                              | conv9                                                                 | 7 (L3 memory cuts: 1)         |
| conv_feature_splitter2_2                                              | ew_add2                                                               | 7 (L3 memory cuts: 1)         |
| conv_feature_splitter2_2                                              | concat2                                                               | 7 (L3 memory cuts: 1)         |
| conv9                                                                 | conv10                                                                | 11[S] (L3 memory cuts: 1)     |
| conv10                                                                | ew_add2                                                               | 2[RPC] (L3 memory cuts: 2)    |
| ew_add2                                                               | concat2                                                               | 3 (L3 memory cuts: 1)         |
| concat2                                                               | conv11                                                                | 3[S] (L3 memory cuts: 1)      |
| conv11                                                                | yolo11n_yolo11n_context_0_to_yolo11n_context_1_yolo11n_context_3_2528 | 2[RPC] (L3 memory cuts: 2)    |
| yolo11n_yolo11n_context_0_to_yolo11n_context_1_yolo11n_context_3_2528 | yolo11n_yolo11n_context_0_to_yolo11n_context_1_2529                   | 1 (0.00[KB]) (DDR)            |
| yolo11n_yolo11n_context_0_to_yolo11n_context_1_yolo11n_context_3_2528 | yolo11n_yolo11n_context_0_to_yolo11n_context_3_2530                   | 1 (0.00[KB]) (DDR)            |
| yolo11n_yolo11n_context_0_to_yolo11n_context_1_2529                   | conv12_ws                                                             | 2 (L3 memory cuts: 1)         |
| conv12_ws                                                             | conv12_sd0                                                            | 3 (L3 memory cuts: 1)         |
| conv12_ws                                                             | conv12_sd1                                                            | 3 (L3 memory cuts: 1)         |
| conv12_ws                                                             | conv12_sd2                                                            | 2 (L3 memory cuts: 1)         |
| conv12_sd0                                                            | conv12_sdc                                                            | 1[RPC] (L3 memory cuts: 1)    |
| conv12_sd1                                                            | conv12_sdc                                                            | 1 (L3 memory cuts: 1)         |
| conv12_sd2                                                            | conv12_sdc                                                            | 2 (L3 memory cuts: 1)         |
| conv12_sdc                                                            | conv_feature_splitter3_1                                              | 2[RPC] (L3 memory cuts: 2)    |
| conv12_sdc                                                            | conv_feature_splitter3_2                                              | 2[RPC] (L3 memory cuts: 2)    |
| conv_feature_splitter3_1                                              | concat4                                                               | 39[S] (L3 memory cuts: 1)     |
| conv_feature_splitter3_2                                              | conv14                                                                | 39[S] (L3 memory cuts: 1)     |
| conv_feature_splitter3_2                                              | conv15                                                                | 39[S] (L3 memory cuts: 1)     |
| conv_feature_splitter3_2                                              | concat4                                                               | 39[S] (L3 memory cuts: 1)     |
| conv14                                                                | conv16                                                                | 5 (L3 memory cuts: 1)         |
| conv14                                                                | ew_add3                                                               | 5 (L3 memory cuts: 1)         |
| conv16                                                                | conv17                                                                | 10[S] (L3 memory cuts: 1)     |
| conv17                                                                | ew_add3                                                               | 1 (L3 memory cuts: 1)         |
| ew_add3                                                               | conv18                                                                | 4 (L3 memory cuts: 1)         |
| ew_add3                                                               | ew_add4                                                               | 4 (L3 memory cuts: 1)         |
| conv18                                                                | conv19                                                                | 9[S] (L3 memory cuts: 1)      |
| conv19                                                                | ew_add4                                                               | 1 (L3 memory cuts: 1)         |
| ew_add4                                                               | concat3                                                               | 3 (L3 memory cuts: 1)         |
| conv15                                                                | concat3                                                               | 9 (L3 memory cuts: 1)         |
| concat3                                                               | conv20                                                                | 2[S] (L3 memory cuts: 1)      |
| conv20                                                                | concat4                                                               | 1[S] (L3 memory cuts: 1)      |
| concat4                                                               | conv21                                                                | 2[S] (L3 memory cuts: 1)      |
| conv21                                                                | conv22_d0                                                             | 3[RPC] (L3 memory cuts: 3)    |
| conv21                                                                | conv22_d1                                                             | 3[RPC] (L3 memory cuts: 3)    |
| conv21                                                                | yolo11n_yolo11n_context_1_to_yolo11n_context_2_2531                   | 3[RPC] (L3 memory cuts: 3)    |
| conv22_d0                                                             | conv22_dc                                                             | 2[RPC] (L3 memory cuts: 2)    |
| conv22_d1                                                             | conv22_dc                                                             | 2[RPC] (L3 memory cuts: 2)    |
| conv22_dc                                                             | conv_feature_splitter4_1                                              | 4[S] (L3 memory cuts: 1)      |
| conv22_dc                                                             | conv_feature_splitter4_2                                              | 4[S] (L3 memory cuts: 1)      |
| conv_feature_splitter4_1                                              | concat6                                                               | 26[S] (L3 memory cuts: 1)     |
| conv_feature_splitter4_2                                              | conv24                                                                | 26[S] (L3 memory cuts: 1)     |
| conv_feature_splitter4_2                                              | conv25                                                                | 26[S] (L3 memory cuts: 1)     |
| conv_feature_splitter4_2                                              | concat6                                                               | 26[S] (L3 memory cuts: 1)     |
| conv24                                                                | conv26                                                                | 4 (L3 memory cuts: 1)         |
| conv24                                                                | ew_add5                                                               | 4 (L3 memory cuts: 1)         |
| conv26                                                                | conv27                                                                | 5[S] (L3 memory cuts: 1)      |
| conv27                                                                | ew_add5                                                               | 1 (L3 memory cuts: 1)         |
| ew_add5                                                               | conv28                                                                | 4 (L3 memory cuts: 1)         |
| ew_add5                                                               | ew_add6                                                               | 4 (L3 memory cuts: 1)         |
| conv28                                                                | conv29                                                                | 5[S] (L3 memory cuts: 1)      |
| conv29                                                                | ew_add6                                                               | 1 (L3 memory cuts: 1)         |
| ew_add6                                                               | concat5                                                               | 3 (L3 memory cuts: 1)         |
| conv25                                                                | concat5                                                               | 8 (L3 memory cuts: 1)         |
| concat5                                                               | conv30                                                                | 2[S] (L3 memory cuts: 1)      |
| conv30                                                                | concat6                                                               | 1[S] (L3 memory cuts: 1)      |
| concat6                                                               | conv31                                                                | 1[S] (L3 memory cuts: 1)      |
| conv31                                                                | conv32                                                                | 2[S] (L3 memory cuts: 1)      |
| conv32                                                                | yolo11n_yolo11n_context_1_to_yolo11n_context_2_2533                   | 1[RPC] (L3 memory cuts: 1)    |
| yolo11n_yolo11n_context_1_to_yolo11n_context_2_2533                   | yolo11n_yolo11n_context_1_to_yolo11n_context_2_2534                   | 1 (0.00[KB]) (DDR)            |
| yolo11n_yolo11n_context_1_to_yolo11n_context_2_2533                   | yolo11n_yolo11n_context_1_to_yolo11n_context_2_2535                   | 1 (0.00[KB]) (DDR)            |
| yolo11n_yolo11n_context_1_to_yolo11n_context_2_2534                   | concat7                                                               | 2 (L3 memory cuts: 1)         |
| yolo11n_yolo11n_context_1_to_yolo11n_context_2_2535                   | maxpool1                                                              | 8 (L3 memory cuts: 1)         |
| maxpool1                                                              | maxpool2                                                              | 9[RPC] (L3 memory cuts: 9)    |
| maxpool1                                                              | concat7                                                               | 9[RPC] (L3 memory cuts: 9)    |
| maxpool2                                                              | maxpool3                                                              | 9[RPC] (L3 memory cuts: 9)    |
| maxpool2                                                              | concat7                                                               | 9[RPC] (L3 memory cuts: 9)    |
| maxpool3                                                              | concat7                                                               | 3[RPC] (L3 memory cuts: 3)    |
| concat7                                                               | conv33                                                                | 4[S] (L3 memory cuts: 1)      |
| conv33                                                                | conv_feature_splitter5_1                                              | 2[S] (L3 memory cuts: 1)      |
| conv33                                                                | conv_feature_splitter5_2                                              | 2[S] (L3 memory cuts: 1)      |
| conv_feature_splitter5_1                                              | concat8                                                               | 76[S] (L3 memory cuts: 3)     |
| conv_feature_splitter5_2                                              | conv_feature_splitter6_1                                              | 2 (L3 memory cuts: 1)         |
| conv_feature_splitter5_2                                              | conv_feature_splitter6_2                                              | 2 (L3 memory cuts: 1)         |
| conv_feature_splitter5_2                                              | conv_feature_splitter6_3                                              | 2 (L3 memory cuts: 1)         |
| conv_feature_splitter5_2                                              | conv36                                                                | 26 (L3 memory cuts: 3)        |
| conv_feature_splitter6_1                                              | matmul1                                                               | 21 (L3 memory cuts: 1)        |
| conv_feature_splitter6_2                                              | matmul1                                                               | 40 (L3 memory cuts: 3)        |
| matmul1                                                               | reduce_max_softmax1                                                   | 2[RPC] (L3 memory cuts: 2)    |
| matmul1                                                               | ew_sub_softmax1                                                       | 2[RPC] (L3 memory cuts: 2)    |
| reduce_max_softmax1                                                   | ew_sub_softmax1                                                       | 1 (L3 memory cuts: 1)         |
| ew_sub_softmax1                                                       | ne_activation_ew_sub_softmax1_sd0                                     | 3 (L3 memory cuts: 4)         |
| ew_sub_softmax1                                                       | ne_activation_ew_sub_softmax1_sd1                                     | 3 (L3 memory cuts: 4)         |
| ew_sub_softmax1                                                       | ne_activation_ew_sub_softmax1_sd2                                     | 3 (L3 memory cuts: 4)         |
| ne_activation_ew_sub_softmax1_sd0                                     | ne_activation_ew_sub_softmax1_sdc                                     | 2 (L3 memory cuts: 1)         |
| ne_activation_ew_sub_softmax1_sd1                                     | ne_activation_ew_sub_softmax1_sdc                                     | 2 (L3 memory cuts: 1)         |
| ne_activation_ew_sub_softmax1_sd2                                     | ne_activation_ew_sub_softmax1_sdc                                     | 2 (L3 memory cuts: 1)         |
| ne_activation_ew_sub_softmax1_sdc                                     | reduce_sum_softmax1                                                   | 1[RPC] (L3 memory cuts: 1)    |
| ne_activation_ew_sub_softmax1_sdc                                     | ew_mult_softmax1                                                      | 2[RPC] (L3 memory cuts: 2)    |
| reduce_sum_softmax1                                                   | ew_mult_softmax1                                                      | 2 (L3 memory cuts: 1)         |
| ew_mult_softmax1                                                      | matmul2                                                               | 2 (L3 memory cuts: 2)         |
| conv_feature_splitter6_3                                              | activation1                                                           | 2 (L3 memory cuts: 1)         |
| conv_feature_splitter6_3                                              | dw1_defuse_width_feature_reshape                                      | 2 (L3 memory cuts: 1)         |
| activation1                                                           | matmul2_reshape                                                       | 1 (L3 memory cuts: 1)         |
| matmul2_reshape                                                       | matmul2                                                               | 60 (L3 memory cuts: 6)        |
| matmul2                                                               | dw1_defuse_1x1                                                        | 2 (L3 memory cuts: 1)         |
| dw1_defuse_width_feature_reshape                                      | dw1_defuse_reshape_hxf_to_w_transposed                                | 5 (L3 memory cuts: 1)         |
| dw1_defuse_reshape_hxf_to_w_transposed                                | dw1_defuse_1x1                                                        | 24 (L3 memory cuts: 21)       |
| dw1_defuse_1x1                                                        | conv36                                                                | 3 (L3 memory cuts: 1)         |
| conv36                                                                | conv37                                                                | 3[S] (L3 memory cuts: 1)      |
| conv36                                                                | conv38                                                                | 3[S] (L3 memory cuts: 1)      |
| conv37                                                                | conv38                                                                | 2[S] (L3 memory cuts: 1)      |
| conv38                                                                | concat8                                                               | 1[S] (L3 memory cuts: 1)      |
| concat8                                                               | conv39                                                                | 2[S] (L3 memory cuts: 1)      |
| conv39                                                                | resize1                                                               | 2 (L3 memory cuts: 1)         |
| conv39                                                                | yolo11n_yolo11n_context_2_to_yolo11n_context_4_2536                   | 2 (L3 memory cuts: 1)         |
| resize1                                                               | concat9                                                               | 3 (L3 memory cuts: 1)         |
| yolo11n_yolo11n_context_2_to_yolo11n_context_4_2536                   | yolo11n_yolo11n_context_2_to_yolo11n_context_4_2537                   | 1 (0.00[KB]) (DDR)            |
| yolo11n_yolo11n_context_2_to_yolo11n_context_4_2537                   | concat15                                                              | 2 (L3 memory cuts: 1)         |
| yolo11n_yolo11n_context_1_to_yolo11n_context_2_2531                   | yolo11n_yolo11n_context_1_to_yolo11n_context_2_2532                   | 1 (0.00[KB]) (DDR)            |
| yolo11n_yolo11n_context_1_to_yolo11n_context_2_2532                   | concat9                                                               | 2 (L3 memory cuts: 1)         |
| concat9                                                               | conv_feature_splitter7_1                                              | 2[S] (L3 memory cuts: 1)      |
| concat9                                                               | conv_feature_splitter7_2                                              | 2[S] (L3 memory cuts: 1)      |
| conv_feature_splitter7_1                                              | concat10                                                              | 8 (L3 memory cuts: 1)         |
| conv_feature_splitter7_2                                              | conv41                                                                | 8 (L3 memory cuts: 1)         |
| conv_feature_splitter7_2                                              | ew_add10                                                              | 8 (L3 memory cuts: 1)         |
| conv_feature_splitter7_2                                              | concat10                                                              | 8 (L3 memory cuts: 1)         |
| conv41                                                                | conv42                                                                | 2[RPC] (L3 memory cuts: 2)    |
| conv42                                                                | ew_add10                                                              | 2 (L3 memory cuts: 1)         |
| ew_add10                                                              | concat10                                                              | 4 (L3 memory cuts: 1)         |
| concat10                                                              | conv43                                                                | 2[S] (L3 memory cuts: 1)      |
| conv43                                                                | yolo11n_yolo11n_context_2_to_yolo11n_context_3_2538                   | 1 (L3 memory cuts: 1)         |
| yolo11n_yolo11n_context_2_to_yolo11n_context_3_2538                   | yolo11n_yolo11n_context_2_to_yolo11n_context_3_2539                   | 1 (0.00[KB]) (DDR)            |
| yolo11n_yolo11n_context_2_to_yolo11n_context_3_2538                   | yolo11n_yolo11n_context_2_to_yolo11n_context_3_2540                   | 1 (0.00[KB]) (DDR)            |
| yolo11n_yolo11n_context_2_to_yolo11n_context_3_2539                   | resize2                                                               | 2 (L3 memory cuts: 1)         |
| resize2                                                               | concat11                                                              | 3[RPC] (L3 memory cuts: 3)    |
| yolo11n_yolo11n_context_2_to_yolo11n_context_3_2540                   | concat13                                                              | 3 (L3 memory cuts: 1)         |
| yolo11n_yolo11n_context_0_to_yolo11n_context_3_2530                   | concat11                                                              | 2 (L3 memory cuts: 1)         |
| concat11                                                              | conv_feature_splitter8_1                                              | 2[S][RPC] (L3 memory cuts: 2) |
| concat11                                                              | conv_feature_splitter8_2                                              | 2[S][RPC] (L3 memory cuts: 2) |
| conv_feature_splitter8_1                                              | concat12                                                              | 8 (L3 memory cuts: 1)         |
| conv_feature_splitter8_2                                              | conv45                                                                | 8 (L3 memory cuts: 1)         |
| conv_feature_splitter8_2                                              | ew_add11                                                              | 8 (L3 memory cuts: 1)         |
| conv_feature_splitter8_2                                              | concat12                                                              | 8 (L3 memory cuts: 1)         |
| conv45                                                                | conv46                                                                | 12[S] (L3 memory cuts: 1)     |
| conv46                                                                | ew_add11                                                              | 2[RPC] (L3 memory cuts: 2)    |
| ew_add11                                                              | concat12                                                              | 3 (L3 memory cuts: 1)         |
| concat12                                                              | conv47                                                                | 2[S] (L3 memory cuts: 1)      |
| conv47                                                                | conv48                                                                | 2[RPC] (L3 memory cuts: 2)    |
| conv47                                                                | conv49_ws                                                             | 2[RPC] (L3 memory cuts: 2)    |
| conv47                                                                | dw2_sd0                                                               | 3[RPC] (L3 memory cuts: 3)    |
| conv47                                                                | dw2_sd1                                                               | 3[RPC] (L3 memory cuts: 3)    |
| conv48                                                                | concat13                                                              | 2 (L3 memory cuts: 1)         |
| concat13                                                              | conv_feature_splitter9_1                                              | 4[S] (L3 memory cuts: 1)      |
| concat13                                                              | conv_feature_splitter9_2                                              | 4[S] (L3 memory cuts: 1)      |
| conv_feature_splitter9_1                                              | concat14                                                              | 6 (L3 memory cuts: 1)         |
| conv_feature_splitter9_2                                              | conv56                                                                | 6 (L3 memory cuts: 1)         |
| conv_feature_splitter9_2                                              | ew_add12                                                              | 6 (L3 memory cuts: 1)         |
| conv_feature_splitter9_2                                              | concat14                                                              | 6 (L3 memory cuts: 1)         |
| conv56                                                                | conv57                                                                | 6[S] (L3 memory cuts: 1)      |
| conv57                                                                | ew_add12                                                              | 2 (L3 memory cuts: 1)         |
| ew_add12                                                              | concat14                                                              | 2 (L3 memory cuts: 1)         |
| concat14                                                              | conv58                                                                | 2[S] (L3 memory cuts: 1)      |
| conv58                                                                | conv59                                                                | 3 (L3 memory cuts: 1)         |
| conv58                                                                | conv60                                                                | 3 (L3 memory cuts: 1)         |
| conv58                                                                | dw4                                                                   | 3 (L3 memory cuts: 1)         |
| conv59                                                                | yolo11n_yolo11n_context_3_to_yolo11n_context_4_2541                   | 1 (L3 memory cuts: 1)         |
| yolo11n_yolo11n_context_3_to_yolo11n_context_4_2541                   | yolo11n_yolo11n_context_3_to_yolo11n_context_4_2542                   | 1 (0.00[KB]) (DDR)            |
| yolo11n_yolo11n_context_3_to_yolo11n_context_4_2542                   | concat15                                                              | 2 (L3 memory cuts: 1)         |
| concat15                                                              | conv_feature_splitter10_1                                             | 2[S] (L3 memory cuts: 1)      |
| concat15                                                              | conv_feature_splitter10_2                                             | 2[S] (L3 memory cuts: 1)      |
| conv_feature_splitter10_1                                             | concat17                                                              | 32[S] (L3 memory cuts: 1)     |
| conv_feature_splitter10_2                                             | conv67                                                                | 32[S] (L3 memory cuts: 1)     |
| conv_feature_splitter10_2                                             | conv68                                                                | 32[S] (L3 memory cuts: 1)     |
| conv_feature_splitter10_2                                             | concat17                                                              | 32[S] (L3 memory cuts: 1)     |
| conv67                                                                | conv69                                                                | 7 (L3 memory cuts: 1)         |
| conv67                                                                | ew_add13                                                              | 7 (L3 memory cuts: 1)         |
| conv69                                                                | conv70                                                                | 5[S] (L3 memory cuts: 1)      |
| conv70                                                                | ew_add13                                                              | 1 (L3 memory cuts: 1)         |
| ew_add13                                                              | conv71                                                                | 2[RPC] (L3 memory cuts: 2)    |
| ew_add13                                                              | ew_add14                                                              | 4[RPC] (L3 memory cuts: 4)    |
| conv71                                                                | conv72                                                                | 5[S] (L3 memory cuts: 1)      |
| conv72                                                                | ew_add14                                                              | 1 (L3 memory cuts: 1)         |
| ew_add14                                                              | concat16                                                              | 2[RPC] (L3 memory cuts: 2)    |
| conv68                                                                | concat16                                                              | 11 (L3 memory cuts: 1)        |
| concat16                                                              | conv73                                                                | 2[S] (L3 memory cuts: 1)      |
| conv73                                                                | concat17                                                              | 1[S][RPC] (L3 memory cuts: 1) |
| concat17                                                              | conv74                                                                | 2[S][RPC] (L3 memory cuts: 2) |
| conv74                                                                | conv75_ws                                                             | 1[RPC] (L3 memory cuts: 1)    |
| conv74                                                                | dw6_fs                                                                | 1[RPC] (L3 memory cuts: 1)    |
| conv75_ws                                                             | conv75_sd0                                                            | 1[RPC] (L3 memory cuts: 1)    |
| conv75_ws                                                             | conv75_sd1                                                            | 2[RPC] (L3 memory cuts: 2)    |
| conv75_sd0                                                            | conv75_sdc                                                            | 2 (L3 memory cuts: 1)         |
| conv75_sd1                                                            | conv75_sdc                                                            | 1[RPC] (L3 memory cuts: 1)    |
| conv75_sdc                                                            | conv76                                                                | 2[RPC] (L3 memory cuts: 2)    |
| conv76                                                                | conv77                                                                | 1[S] (L3 memory cuts: 1)      |
| conv77                                                                | output_layer5                                                         | 1 (L3 memory cuts: 1)         |
| dw6_fs                                                                | dw6_d0                                                                | 1 (L3 memory cuts: 1)         |
| dw6_fs                                                                | dw6_d1                                                                | 1 (L3 memory cuts: 1)         |
| dw6_d0                                                                | dw6_dc                                                                | 2[RPC] (L3 memory cuts: 2)    |
| dw6_d1                                                                | dw6_dc                                                                | 2[RPC] (L3 memory cuts: 2)    |
| dw6_dc                                                                | conv78                                                                | 2[S] (L3 memory cuts: 1)      |
| conv78                                                                | dw7                                                                   | 4 (L3 memory cuts: 1)         |
| dw7                                                                   | conv79                                                                | 3 (L3 memory cuts: 1)         |
| conv79                                                                | conv80                                                                | 1[S] (L3 memory cuts: 1)      |
| conv80                                                                | output_layer6                                                         | 1 (L3 memory cuts: 1)         |
| conv60                                                                | yolo11n_yolo11n_context_3_to_yolo11n_context_4_2543                   | 1 (L3 memory cuts: 1)         |
| yolo11n_yolo11n_context_3_to_yolo11n_context_4_2543                   | yolo11n_yolo11n_context_3_to_yolo11n_context_4_2544                   | 1 (0.00[KB]) (DDR)            |
| yolo11n_yolo11n_context_3_to_yolo11n_context_4_2544                   | conv61_d0                                                             | 4 (L3 memory cuts: 1)         |
| yolo11n_yolo11n_context_3_to_yolo11n_context_4_2544                   | conv61_d1                                                             | 4 (L3 memory cuts: 1)         |
| conv61_d0                                                             | conv61_dc                                                             | 1[S][RPC] (L3 memory cuts: 1) |
| conv61_d1                                                             | conv61_dc                                                             | 1[S][RPC] (L3 memory cuts: 1) |
| conv61_dc                                                             | conv62                                                                | 2[S][RPC] (L3 memory cuts: 2) |
| conv62                                                                | output_layer3                                                         | 2 (L3 memory cuts: 1)         |
| dw4                                                                   | yolo11n_yolo11n_context_3_to_yolo11n_context_4_2546                   | 2[RPC] (L3 memory cuts: 2)    |
| yolo11n_yolo11n_context_3_to_yolo11n_context_4_2546                   | yolo11n_yolo11n_context_3_to_yolo11n_context_4_2547                   | 1 (0.00[KB]) (DDR)            |
| yolo11n_yolo11n_context_3_to_yolo11n_context_4_2547                   | conv63                                                                | 2 (L3 memory cuts: 1)         |
| conv63                                                                | dw5_sd0                                                               | 3 (L3 memory cuts: 1)         |
| conv63                                                                | dw5_sd1                                                               | 3 (L3 memory cuts: 1)         |
| dw5_sd0                                                               | dw5_sdc                                                               | 2[RPC] (L3 memory cuts: 2)    |
| dw5_sd1                                                               | dw5_sdc                                                               | 3 (L3 memory cuts: 1)         |
| dw5_sdc                                                               | conv64                                                                | 3 (L3 memory cuts: 1)         |
| conv64                                                                | conv65                                                                | 1[S] (L3 memory cuts: 1)      |
| conv65                                                                | output_layer4                                                         | 1 (L3 memory cuts: 1)         |
| conv49_ws                                                             | conv49_sd0                                                            | 2 (L3 memory cuts: 1)         |
| conv49_ws                                                             | conv49_sd1                                                            | 2 (L3 memory cuts: 1)         |
| conv49_sd0                                                            | conv49_sdc                                                            | 2 (L3 memory cuts: 1)         |
| conv49_sd1                                                            | conv49_sdc                                                            | 2 (L3 memory cuts: 1)         |
| conv49_sdc                                                            | conv50_ws                                                             | 1 (L3 memory cuts: 1)         |
| conv50_ws                                                             | conv50_sd0                                                            | 2 (L3 memory cuts: 1)         |
| conv50_ws                                                             | conv50_sd1                                                            | 2 (L3 memory cuts: 1)         |
| conv50_sd0                                                            | conv50_sdc                                                            | 2 (L3 memory cuts: 1)         |
| conv50_sd1                                                            | conv50_sdc                                                            | 2 (L3 memory cuts: 1)         |
| conv50_sdc                                                            | conv51                                                                | 2 (L3 memory cuts: 1)         |
| conv51                                                                | output_layer1                                                         | 2[RPC] (L3 memory cuts: 2)    |
| dw2_sd0                                                               | dw2_sdc                                                               | 2[RPC] (L3 memory cuts: 2)    |
| dw2_sd1                                                               | dw2_sdc                                                               | 2[RPC] (L3 memory cuts: 2)    |
| dw2_sdc                                                               | conv52                                                                | 2 (L3 memory cuts: 1)         |
| conv52                                                                | dw3_sd0                                                               | 2 (L3 memory cuts: 1)         |
| conv52                                                                | dw3_sd1                                                               | 2 (L3 memory cuts: 1)         |
| dw3_sd0                                                               | dw3_sdc                                                               | 2[RPC] (L3 memory cuts: 2)    |
| dw3_sd1                                                               | dw3_sdc                                                               | 2[RPC] (L3 memory cuts: 2)    |
| dw3_sdc                                                               | conv53                                                                | 3 (L3 memory cuts: 1)         |
| conv53                                                                | conv54                                                                | 1[S][RPC] (L3 memory cuts: 1) |
| conv54                                                                | output_layer2                                                         | 1 (L3 memory cuts: 1)         |
+-----------------------------------------------------------------------+-----------------------------------------------------------------------+-------------------------------+
[2026-02-17 19:46:23.402] [default] [info] Pre-allocation Resources for yolo11n_context_0
+-----------------------------------------------------------------------+-------------+-----------------------+-----------------------+----------------------+----------------+-----+-----+------+
| Node                                                                  | Subclusters | L3 Weight Memory Cuts | L3 Output Memory Cuts | L3 Input Memory Cuts | L4 Memory Cuts | IBs | OBs | APUs |
+-----------------------------------------------------------------------+-------------+-----------------------+-----------------------+----------------------+----------------+-----+-----+------+
| input_layer1                                                          | 0           | 0                     | 0                     | 0                    | 0.500          | 0   | 0   | 0    |
| conv1_ws                                                              | 1           | 0                     | 12                    | 0                    | 0.000          | 0   | 0   | 1    |
| conv1_sd0                                                             | 2           | 2                     | 2                     | 3                    | 0.000          | 0   | 0   | 1    |
| conv1_sd1                                                             | 2           | 2                     | 2                     | 3                    | 0.000          | 0   | 0   | 1    |
| conv1_sd2                                                             | 2           | 2                     | 2                     | 3                    | 0.000          | 0   | 0   | 1    |
| conv1_sd3                                                             | 2           | 2                     | 2                     | 3                    | 0.000          | 0   | 0   | 1    |
| conv1_sdc                                                             | 1           | 0                     | 2                     | 8                    | 0.000          | 0   | 0   | 1    |
| conv2_ws                                                              | 1           | 0                     | 9                     | 2                    | 0.000          | 0   | 0   | 1    |
| conv2_sd0                                                             | 4           | 4                     | 1                     | 3                    | 0.000          | 0   | 0   | 1    |
| conv2_sd1                                                             | 4           | 4                     | 1                     | 2                    | 0.000          | 0   | 0   | 1    |
| conv2_sd2                                                             | 4           | 4                     | 1                     | 2                    | 0.000          | 0   | 0   | 1    |
| conv2_sd3                                                             | 4           | 4                     | 1                     | 2                    | 0.000          | 0   | 0   | 1    |
| conv2_sdc                                                             | 1           | 0                     | 4                     | 4                    | 0.000          | 0   | 0   | 1    |
| conv_feature_splitter1_1                                              | 1           | 1                     | 7                     | 2                    | 0.000          | 0   | 0   | 1    |
| conv_feature_splitter1_2                                              | 1           | 1                     | 16                    | 2                    | 0.000          | 0   | 0   | 1    |
| conv4_ws                                                              | 1           | 0                     | 2                     | 2                    | 0.000          | 0   | 0   | 1    |
| conv4_sd0                                                             | 1           | 1                     | 1                     | 1                    | 0.000          | 0   | 0   | 1    |
| conv4_sd1                                                             | 1           | 1                     | 1                     | 1                    | 0.000          | 0   | 0   | 1    |
| conv4_sdc                                                             | 1           | 0                     | 1                     | 2                    | 0.000          | 0   | 0   | 1    |
| conv5                                                                 | 4           | 2                     | 1                     | 1                    | 0.000          | 0   | 0   | 1    |
| ew_add1                                                               | 1           | 1                     | 1                     | 8                    | 0.000          | 0   | 0   | 1    |
| concat1                                                               | 1           | 0                     | 3                     | 15                   | 0.000          | 0   | 0   | 1    |
| conv6                                                                 | 8           | 4                     | 2                     | 3                    | 0.000          | 0   | 0   | 1    |
| conv7_ws                                                              | 1           | 0                     | 4                     | 2                    | 0.000          | 0   | 0   | 1    |
| conv7_sd4                                                             | 4           | 4                     | 1                     | 2                    | 0.000          | 0   | 0   | 1    |
| ws_from_conv7_ws_to_conv7_sd0-3_390                                   | 1           | 0                     | 8                     | 2                    | 0.000          | 0   | 0   | 1    |
| conv7_sd0                                                             | 4           | 4                     | 1                     | 2                    | 0.000          | 0   | 0   | 1    |
| conv7_sd1                                                             | 4           | 4                     | 1                     | 2                    | 0.000          | 0   | 0   | 1    |
| conv7_sd2                                                             | 4           | 4                     | 1                     | 2                    | 0.000          | 0   | 0   | 1    |
| conv7_sd3                                                             | 4           | 4                     | 1                     | 2                    | 0.000          | 0   | 0   | 1    |
| concat_w_from_conv7_sd0-3_to_conv7_sdc                                | 1           | 0                     | 1                     | 4                    | 0.000          | 0   | 0   | 1    |
| conv7_sdc                                                             | 1           | 0                     | 2                     | 2                    | 0.000          | 0   | 0   | 1    |
| conv_feature_splitter2_1                                              | 1           | 1                     | 1                     | 1                    | 0.000          | 0   | 0   | 1    |
| conv_feature_splitter2_2                                              | 1           | 1                     | 3                     | 1                    | 0.000          | 0   | 0   | 1    |
| conv9                                                                 | 2           | 2                     | 1                     | 1                    | 0.000          | 0   | 0   | 1    |
| conv10                                                                | 2           | 1                     | 2                     | 1                    | 0.000          | 0   | 0   | 1    |
| ew_add2                                                               | 1           | 1                     | 1                     | 3                    | 0.000          | 0   | 0   | 1    |
| concat2                                                               | 1           | 0                     | 1                     | 3                    | 0.000          | 0   | 0   | 1    |
| conv11                                                                | 6           | 6                     | 2                     | 1                    | 0.000          | 0   | 0   | 1    |
| yolo11n_yolo11n_context_0_to_yolo11n_context_1_yolo11n_context_3_2528 | 0           | 0                     | 0                     | 0                    | 0.500          | 0   | 0   | 0    |
+-----------------------------------------------------------------------+-------------+-----------------------+-----------------------+----------------------+----------------+-----+-----+------+
TOTAL:  LCUs: 38 (59.375%), Subclusters: 86 (33.5938%), Weight memory cuts: 67 (13.0859%), L3 Output memory cuts: 105 (20.5078%), L3 Input memory cuts: 103 (20.1172%), L3 total cuts: 172 (33.5938%), L4 memory cuts: 0 (0%), IBs: 0 (0%), OBs: 0 (0%), APUs: 38 (47.5%)
[2026-02-17 19:46:23.412] [default] [info] Pre-allocation buffers for yolo11n_context_0 buffers:
+----------------------------------------+-----------------------------------------------------------------------+----------------------------+
| Src                                    | Dst                                                                   | Buffers                    |
+----------------------------------------+-----------------------------------------------------------------------+----------------------------+
| input_layer1                           | conv1_ws                                                              | 2 (L3 memory cuts: 1)      |
| conv1_ws                               | conv1_sd0                                                             | 3[RPC] (L3 memory cuts: 3) |
| conv1_ws                               | conv1_sd1                                                             | 3[RPC] (L3 memory cuts: 3) |
| conv1_ws                               | conv1_sd2                                                             | 3[RPC] (L3 memory cuts: 3) |
| conv1_ws                               | conv1_sd3                                                             | 3[RPC] (L3 memory cuts: 3) |
| conv1_sd0                              | conv1_sdc                                                             | 2[RPC] (L3 memory cuts: 2) |
| conv1_sd1                              | conv1_sdc                                                             | 2[RPC] (L3 memory cuts: 2) |
| conv1_sd2                              | conv1_sdc                                                             | 2[RPC] (L3 memory cuts: 2) |
| conv1_sd3                              | conv1_sdc                                                             | 2[RPC] (L3 memory cuts: 2) |
| conv1_sdc                              | conv2_ws                                                              | 2[RPC] (L3 memory cuts: 2) |
| conv2_ws                               | conv2_sd0                                                             | 3[RPC] (L3 memory cuts: 3) |
| conv2_ws                               | conv2_sd1                                                             | 2[RPC] (L3 memory cuts: 2) |
| conv2_ws                               | conv2_sd2                                                             | 2[RPC] (L3 memory cuts: 2) |
| conv2_ws                               | conv2_sd3                                                             | 2[RPC] (L3 memory cuts: 2) |
| conv2_sd0                              | conv2_sdc                                                             | 1[RPC] (L3 memory cuts: 1) |
| conv2_sd1                              | conv2_sdc                                                             | 2 (L3 memory cuts: 1)      |
| conv2_sd2                              | conv2_sdc                                                             | 2 (L3 memory cuts: 1)      |
| conv2_sd3                              | conv2_sdc                                                             | 2 (L3 memory cuts: 1)      |
| conv2_sdc                              | conv_feature_splitter1_1                                              | 2[RPC] (L3 memory cuts: 2) |
| conv2_sdc                              | conv_feature_splitter1_2                                              | 2[RPC] (L3 memory cuts: 2) |
| conv_feature_splitter1_1               | concat1                                                               | 7[RPC] (L3 memory cuts: 7) |
| conv_feature_splitter1_2               | conv4_ws                                                              | 2[RPC] (L3 memory cuts: 2) |
| conv_feature_splitter1_2               | ew_add1                                                               | 7[RPC] (L3 memory cuts: 7) |
| conv_feature_splitter1_2               | concat1                                                               | 7[RPC] (L3 memory cuts: 7) |
| conv4_ws                               | conv4_sd0                                                             | 3 (L3 memory cuts: 1)      |
| conv4_ws                               | conv4_sd1                                                             | 3 (L3 memory cuts: 1)      |
| conv4_sd0                              | conv4_sdc                                                             | 2 (L3 memory cuts: 1)      |
| conv4_sd1                              | conv4_sdc                                                             | 2 (L3 memory cuts: 1)      |
| conv4_sdc                              | conv5                                                                 | 1 (L3 memory cuts: 1)      |
| conv5                                  | ew_add1                                                               | 2 (L3 memory cuts: 1)      |
| ew_add1                                | concat1                                                               | 2 (L3 memory cuts: 1)      |
| concat1                                | conv6                                                                 | 3[RPC] (L3 memory cuts: 3) |
| conv6                                  | conv7_ws                                                              | 2[RPC] (L3 memory cuts: 2) |
| conv7_ws                               | ws_from_conv7_ws_to_conv7_sd0-3_390                                   | 2[RPC] (L3 memory cuts: 2) |
| conv7_ws                               | conv7_sd4                                                             | 2[RPC] (L3 memory cuts: 2) |
| conv7_sd4                              | conv7_sdc                                                             | 2 (L3 memory cuts: 1)      |
| ws_from_conv7_ws_to_conv7_sd0-3_390    | conv7_sd0                                                             | 2[RPC] (L3 memory cuts: 2) |
| ws_from_conv7_ws_to_conv7_sd0-3_390    | conv7_sd1                                                             | 2[RPC] (L3 memory cuts: 2) |
| ws_from_conv7_ws_to_conv7_sd0-3_390    | conv7_sd2                                                             | 2[RPC] (L3 memory cuts: 2) |
| ws_from_conv7_ws_to_conv7_sd0-3_390    | conv7_sd3                                                             | 2[RPC] (L3 memory cuts: 2) |
| conv7_sd0                              | concat_w_from_conv7_sd0-3_to_conv7_sdc                                | 1 (L3 memory cuts: 1)      |
| conv7_sd1                              | concat_w_from_conv7_sd0-3_to_conv7_sdc                                | 1 (L3 memory cuts: 1)      |
| conv7_sd2                              | concat_w_from_conv7_sd0-3_to_conv7_sdc                                | 1 (L3 memory cuts: 1)      |
| conv7_sd3                              | concat_w_from_conv7_sd0-3_to_conv7_sdc                                | 1 (L3 memory cuts: 1)      |
| concat_w_from_conv7_sd0-3_to_conv7_sdc | conv7_sdc                                                             | 1 (L3 memory cuts: 1)      |
| conv7_sdc                              | conv_feature_splitter2_1                                              | 2 (L3 memory cuts: 1)      |
| conv7_sdc                              | conv_feature_splitter2_2                                              | 2 (L3 memory cuts: 1)      |
| conv_feature_splitter2_1               | concat2                                                               | 7 (L3 memory cuts: 1)      |
| conv_feature_splitter2_2               | conv9                                                                 | 7 (L3 memory cuts: 1)      |
| conv_feature_splitter2_2               | ew_add2                                                               | 7 (L3 memory cuts: 1)      |
| conv_feature_splitter2_2               | concat2                                                               | 7 (L3 memory cuts: 1)      |
| conv9                                  | conv10                                                                | 11[S] (L3 memory cuts: 1)  |
| conv10                                 | ew_add2                                                               | 2[RPC] (L3 memory cuts: 2) |
| ew_add2                                | concat2                                                               | 3 (L3 memory cuts: 1)      |
| concat2                                | conv11                                                                | 3[S] (L3 memory cuts: 1)   |
| conv11                                 | yolo11n_yolo11n_context_0_to_yolo11n_context_1_yolo11n_context_3_2528 | 2[RPC] (L3 memory cuts: 2) |
+----------------------------------------+-----------------------------------------------------------------------+----------------------------+
[2026-02-17 19:46:23.563] [default] [info] Pre-allocation Resources for yolo11n_context_1
+-----------------------------------------------------+-------------+-----------------------+-----------------------+----------------------+----------------+-----+-----+------+
| Node                                                | Subclusters | L3 Weight Memory Cuts | L3 Output Memory Cuts | L3 Input Memory Cuts | L4 Memory Cuts | IBs | OBs | APUs |
+-----------------------------------------------------+-------------+-----------------------+-----------------------+----------------------+----------------+-----+-----+------+
| yolo11n_yolo11n_context_0_to_yolo11n_context_1_2529 | 0           | 0                     | 0                     | 0                    | 0.500          | 0   | 0   | 0    |
| conv12_ws                                           | 1           | 0                     | 3                     | 0                    | 0.000          | 0   | 0   | 1    |
| conv12_sd0                                          | 8           | 8                     | 1                     | 1                    | 0.000          | 0   | 0   | 1    |
| conv12_sd1                                          | 8           | 8                     | 1                     | 1                    | 0.000          | 0   | 0   | 1    |
| conv12_sd2                                          | 8           | 8                     | 1                     | 1                    | 0.000          | 0   | 0   | 1    |
| conv12_sdc                                          | 1           | 0                     | 4                     | 3                    | 0.000          | 0   | 0   | 1    |
| conv_feature_splitter3_1                            | 1           | 1                     | 1                     | 2                    | 0.000          | 0   | 0   | 1    |
| conv_feature_splitter3_2                            | 1           | 1                     | 3                     | 2                    | 0.000          | 0   | 0   | 1    |
| conv14                                              | 1           | 1                     | 2                     | 1                    | 0.000          | 0   | 0   | 1    |
| conv16                                              | 2           | 1                     | 1                     | 1                    | 0.000          | 0   | 0   | 1    |
| conv17                                              | 2           | 1                     | 1                     | 1                    | 0.000          | 0   | 0   | 1    |
| ew_add3                                             | 1           | 1                     | 2                     | 2                    | 0.000          | 0   | 0   | 1    |
| conv18                                              | 2           | 1                     | 1                     | 1                    | 0.000          | 0   | 0   | 1    |
| conv19                                              | 2           | 1                     | 1                     | 1                    | 0.000          | 0   | 0   | 1    |
| ew_add4                                             | 1           | 1                     | 1                     | 2                    | 0.000          | 0   | 0   | 1    |
| conv15                                              | 1           | 1                     | 1                     | 1                    | 0.000          | 0   | 0   | 1    |
| concat3                                             | 1           | 0                     | 1                     | 2                    | 0.000          | 0   | 0   | 1    |
| conv20                                              | 1           | 1                     | 1                     | 1                    | 0.000          | 0   | 0   | 1    |
| concat4                                             | 1           | 0                     | 1                     | 3                    | 0.000          | 0   | 0   | 1    |
| conv21                                              | 3           | 3                     | 9                     | 1                    | 0.000          | 0   | 0   | 1    |
| conv22_d0                                           | 6           | 6                     | 2                     | 3                    | 0.000          | 0   | 0   | 1    |
| conv22_d1                                           | 6           | 6                     | 2                     | 3                    | 0.000          | 0   | 0   | 1    |
| conv22_dc                                           | 1           | 0                     | 2                     | 4                    | 0.000          | 0   | 0   | 1    |
| conv_feature_splitter4_1                            | 2           | 1                     | 1                     | 1                    | 0.000          | 0   | 0   | 1    |
| conv_feature_splitter4_2                            | 2           | 1                     | 3                     | 1                    | 0.000          | 0   | 0   | 1    |
| conv24                                              | 1           | 1                     | 2                     | 1                    | 0.000          | 0   | 0   | 1    |
| conv26                                              | 2           | 2                     | 1                     | 1                    | 0.000          | 0   | 0   | 1    |
| conv27                                              | 2           | 2                     | 1                     | 1                    | 0.000          | 0   | 0   | 1    |
| ew_add5                                             | 1           | 1                     | 2                     | 2                    | 0.000          | 0   | 0   | 1    |
| conv28                                              | 2           | 2                     | 1                     | 1                    | 0.000          | 0   | 0   | 1    |
| conv29                                              | 2           | 2                     | 1                     | 1                    | 0.000          | 0   | 0   | 1    |
| ew_add6                                             | 1           | 1                     | 1                     | 2                    | 0.000          | 0   | 0   | 1    |
| conv25                                              | 1           | 1                     | 1                     | 1                    | 0.000          | 0   | 0   | 1    |
| concat5                                             | 1           | 0                     | 1                     | 2                    | 0.000          | 0   | 0   | 1    |
| conv30                                              | 1           | 1                     | 1                     | 1                    | 0.000          | 0   | 0   | 1    |
| concat6                                             | 1           | 0                     | 1                     | 3                    | 0.000          | 0   | 0   | 1    |
| conv31                                              | 4           | 4                     | 1                     | 1                    | 0.000          | 0   | 0   | 1    |
| conv32                                              | 1           | 1                     | 1                     | 1                    | 0.000          | 0   | 0   | 1    |
| yolo11n_yolo11n_context_1_to_yolo11n_context_2_2533 | 0           | 0                     | 0                     | 0                    | 0.500          | 0   | 0   | 0    |
| yolo11n_yolo11n_context_1_to_yolo11n_context_2_2531 | 0           | 0                     | 0                     | 0                    | 0.500          | 0   | 0   | 0    |
+-----------------------------------------------------+-------------+-----------------------+-----------------------+----------------------+----------------+-----+-----+------+
TOTAL:  LCUs: 37 (57.8125%), Subclusters: 83 (32.4219%), Weight memory cuts: 70 (13.6719%), L3 Output memory cuts: 61 (11.9141%), L3 Input memory cuts: 57 (11.1328%), L3 total cuts: 131 (25.5859%), L4 memory cuts: 0 (0%), IBs: 0 (0%), OBs: 0 (0%), APUs: 37 (46.25%)
[2026-02-17 19:46:23.573] [default] [info] Pre-allocation buffers for yolo11n_context_1 buffers:
+-----------------------------------------------------+-----------------------------------------------------+----------------------------+
| Src                                                 | Dst                                                 | Buffers                    |
+-----------------------------------------------------+-----------------------------------------------------+----------------------------+
| yolo11n_yolo11n_context_0_to_yolo11n_context_1_2529 | conv12_ws                                           | 2 (L3 memory cuts: 1)      |
| conv12_ws                                           | conv12_sd0                                          | 3 (L3 memory cuts: 1)      |
| conv12_ws                                           | conv12_sd1                                          | 3 (L3 memory cuts: 1)      |
| conv12_ws                                           | conv12_sd2                                          | 2 (L3 memory cuts: 1)      |
| conv12_sd0                                          | conv12_sdc                                          | 1[RPC] (L3 memory cuts: 1) |
| conv12_sd1                                          | conv12_sdc                                          | 1 (L3 memory cuts: 1)      |
| conv12_sd2                                          | conv12_sdc                                          | 2 (L3 memory cuts: 1)      |
| conv12_sdc                                          | conv_feature_splitter3_1                            | 2[RPC] (L3 memory cuts: 2) |
| conv12_sdc                                          | conv_feature_splitter3_2                            | 2[RPC] (L3 memory cuts: 2) |
| conv_feature_splitter3_1                            | concat4                                             | 39[S] (L3 memory cuts: 1)  |
| conv_feature_splitter3_2                            | conv14                                              | 39[S] (L3 memory cuts: 1)  |
| conv_feature_splitter3_2                            | conv15                                              | 39[S] (L3 memory cuts: 1)  |
| conv_feature_splitter3_2                            | concat4                                             | 39[S] (L3 memory cuts: 1)  |
| conv14                                              | conv16                                              | 5 (L3 memory cuts: 1)      |
| conv14                                              | ew_add3                                             | 5 (L3 memory cuts: 1)      |
| conv16                                              | conv17                                              | 10[S] (L3 memory cuts: 1)  |
| conv17                                              | ew_add3                                             | 1 (L3 memory cuts: 1)      |
| ew_add3                                             | conv18                                              | 4 (L3 memory cuts: 1)      |
| ew_add3                                             | ew_add4                                             | 4 (L3 memory cuts: 1)      |
| conv18                                              | conv19                                              | 9[S] (L3 memory cuts: 1)   |
| conv19                                              | ew_add4                                             | 1 (L3 memory cuts: 1)      |
| ew_add4                                             | concat3                                             | 3 (L3 memory cuts: 1)      |
| conv15                                              | concat3                                             | 9 (L3 memory cuts: 1)      |
| concat3                                             | conv20                                              | 2[S] (L3 memory cuts: 1)   |
| conv20                                              | concat4                                             | 1[S] (L3 memory cuts: 1)   |
| concat4                                             | conv21                                              | 2[S] (L3 memory cuts: 1)   |
| conv21                                              | conv22_d0                                           | 3[RPC] (L3 memory cuts: 3) |
| conv21                                              | conv22_d1                                           | 3[RPC] (L3 memory cuts: 3) |
| conv21                                              | yolo11n_yolo11n_context_1_to_yolo11n_context_2_2531 | 3[RPC] (L3 memory cuts: 3) |
| conv22_d0                                           | conv22_dc                                           | 2[RPC] (L3 memory cuts: 2) |
| conv22_d1                                           | conv22_dc                                           | 2[RPC] (L3 memory cuts: 2) |
| conv22_dc                                           | conv_feature_splitter4_1                            | 4[S] (L3 memory cuts: 1)   |
| conv22_dc                                           | conv_feature_splitter4_2                            | 4[S] (L3 memory cuts: 1)   |
| conv_feature_splitter4_1                            | concat6                                             | 26[S] (L3 memory cuts: 1)  |
| conv_feature_splitter4_2                            | conv24                                              | 26[S] (L3 memory cuts: 1)  |
| conv_feature_splitter4_2                            | conv25                                              | 26[S] (L3 memory cuts: 1)  |
| conv_feature_splitter4_2                            | concat6                                             | 26[S] (L3 memory cuts: 1)  |
| conv24                                              | conv26                                              | 4 (L3 memory cuts: 1)      |
| conv24                                              | ew_add5                                             | 4 (L3 memory cuts: 1)      |
| conv26                                              | conv27                                              | 5[S] (L3 memory cuts: 1)   |
| conv27                                              | ew_add5                                             | 1 (L3 memory cuts: 1)      |
| ew_add5                                             | conv28                                              | 4 (L3 memory cuts: 1)      |
| ew_add5                                             | ew_add6                                             | 4 (L3 memory cuts: 1)      |
| conv28                                              | conv29                                              | 5[S] (L3 memory cuts: 1)   |
| conv29                                              | ew_add6                                             | 1 (L3 memory cuts: 1)      |
| ew_add6                                             | concat5                                             | 3 (L3 memory cuts: 1)      |
| conv25                                              | concat5                                             | 8 (L3 memory cuts: 1)      |
| concat5                                             | conv30                                              | 2[S] (L3 memory cuts: 1)   |
| conv30                                              | concat6                                             | 1[S] (L3 memory cuts: 1)   |
| concat6                                             | conv31                                              | 1[S] (L3 memory cuts: 1)   |
| conv31                                              | conv32                                              | 2[S] (L3 memory cuts: 1)   |
| conv32                                              | yolo11n_yolo11n_context_1_to_yolo11n_context_2_2533 | 1[RPC] (L3 memory cuts: 1) |
+-----------------------------------------------------+-----------------------------------------------------+----------------------------+
[2026-02-17 19:46:23.759] [default] [info] Pre-allocation Resources for yolo11n_context_2
+-----------------------------------------------------+-------------+-----------------------+-----------------------+----------------------+----------------+-----+-----+------+
| Node                                                | Subclusters | L3 Weight Memory Cuts | L3 Output Memory Cuts | L3 Input Memory Cuts | L4 Memory Cuts | IBs | OBs | APUs |
+-----------------------------------------------------+-------------+-----------------------+-----------------------+----------------------+----------------+-----+-----+------+
| yolo11n_yolo11n_context_1_to_yolo11n_context_2_2532 | 0           | 0                     | 0                     | 0                    | 0.500          | 0   | 0   | 0    |
| yolo11n_yolo11n_context_1_to_yolo11n_context_2_2534 | 0           | 0                     | 0                     | 0                    | 0.500          | 0   | 0   | 0    |
| yolo11n_yolo11n_context_1_to_yolo11n_context_2_2535 | 0           | 0                     | 0                     | 0                    | 0.500          | 0   | 0   | 0    |
| maxpool1                                            | 1           | 0                     | 18                    | 0                    | 0.000          | 0   | 0   | 1    |
| maxpool2                                            | 1           | 0                     | 18                    | 9                    | 0.000          | 0   | 0   | 1    |
| maxpool3                                            | 1           | 0                     | 3                     | 9                    | 0.000          | 0   | 0   | 1    |
| concat7                                             | 1           | 0                     | 1                     | 21                   | 0.000          | 0   | 0   | 1    |
| conv33                                              | 4           | 4                     | 2                     | 1                    | 0.000          | 0   | 0   | 1    |
| conv_feature_splitter5_1                            | 1           | 1                     | 3                     | 1                    | 0.000          | 0   | 0   | 1    |
| conv_feature_splitter5_2                            | 1           | 1                     | 6                     | 1                    | 0.000          | 0   | 0   | 1    |
| conv_feature_splitter6_1                            | 1           | 1                     | 1                     | 1                    | 0.000          | 0   | 0   | 1    |
| conv_feature_splitter6_2                            | 1           | 1                     | 3                     | 1                    | 0.000          | 0   | 0   | 1    |
| matmul1                                             | 1           | 0                     | 4                     | 1                    | 0.000          | 0   | 0   | 1    |
| reduce_max_softmax1                                 | 1           | 0                     | 1                     | 2                    | 0.000          | 0   | 0   | 1    |
| ew_sub_softmax1                                     | 1           | 1                     | 12                    | 3                    | 0.000          | 0   | 0   | 1    |
| ne_activation_ew_sub_softmax1_sd0                   | 1 [16bit]   | 1                     | 1                     | 4                    | 0.000          | 0   | 0   | 1    |
| ne_activation_ew_sub_softmax1_sd1                   | 1 [16bit]   | 1                     | 1                     | 4                    | 0.000          | 0   | 0   | 1    |
| ne_activation_ew_sub_softmax1_sd2                   | 1 [16bit]   | 1                     | 1                     | 4                    | 0.000          | 0   | 0   | 1    |
| ne_activation_ew_sub_softmax1_sdc                   | 1           | 0                     | 3                     | 3                    | 0.000          | 0   | 0   | 1    |
| reduce_sum_softmax1                                 | 1           | 0                     | 1                     | 1                    | 0.000          | 0   | 0   | 1    |
| ew_mult_softmax1                                    | 1           | 0                     | 2                     | 3                    | 0.000          | 0   | 0   | 1    |
| conv_feature_splitter6_3                            | 1           | 1                     | 2                     | 1                    | 0.000          | 0   | 0   | 1    |
| activation1                                         | 1           | 1                     | 1                     | 1                    | 0.000          | 0   | 0   | 1    |
| matmul2_reshape                                     | 1           | 0                     | 6                     | 1                    | 0.000          | 0   | 0   | 1    |
| matmul2                                             | 2           | 0                     | 1                     | 2                    | 0.000          | 0   | 0   | 1    |
| dw1_defuse_width_feature_reshape                    | 1           | 0                     | 1                     | 1                    | 0.000          | 0   | 0   | 1    |
| dw1_defuse_reshape_hxf_to_w_transposed              | 1           | 0                     | 21                    | 1                    | 0.000          | 0   | 0   | 1    |
| dw1_defuse_1x1                                      | 1           | 1                     | 1                     | 22                   | 0.000          | 0   | 0   | 1    |
| conv36                                              | 1           | 1                     | 2                     | 4                    | 0.000          | 0   | 0   | 1    |
| conv37                                              | 1           | 1                     | 1                     | 1                    | 0.000          | 0   | 0   | 1    |
| conv38                                              | 1           | 1                     | 1                     | 2                    | 0.000          | 0   | 0   | 1    |
| concat8                                             | 1           | 0                     | 1                     | 4                    | 0.000          | 0   | 0   | 1    |
| conv39                                              | 2           | 2                     | 2                     | 1                    | 0.000          | 0   | 0   | 1    |
| resize1                                             | 1           | 0                     | 1                     | 1                    | 0.000          | 0   | 0   | 1    |
| concat9                                             | 1           | 0                     | 2                     | 1                    | 0.000          | 0   | 0   | 1    |
| conv_feature_splitter7_1                            | 3           | 3                     | 1                     | 1                    | 0.000          | 0   | 0   | 1    |
| conv_feature_splitter7_2                            | 3           | 3                     | 3                     | 1                    | 0.000          | 0   | 0   | 1    |
| conv41                                              | 2           | 1                     | 2                     | 1                    | 0.000          | 0   | 0   | 1    |
| conv42                                              | 2           | 2                     | 1                     | 2                    | 0.000          | 0   | 0   | 1    |
| ew_add10                                            | 1           | 1                     | 1                     | 2                    | 0.000          | 0   | 0   | 1    |
| concat10                                            | 1           | 0                     | 1                     | 3                    | 0.000          | 0   | 0   | 1    |
| conv43                                              | 3           | 3                     | 1                     | 1                    | 0.000          | 0   | 0   | 1    |
| yolo11n_yolo11n_context_2_to_yolo11n_context_3_2538 | 0           | 0                     | 0                     | 0                    | 0.500          | 0   | 0   | 0    |
| yolo11n_yolo11n_context_2_to_yolo11n_context_4_2536 | 0           | 0                     | 0                     | 0                    | 0.500          | 0   | 0   | 0    |
+-----------------------------------------------------+-------------+-----------------------+-----------------------+----------------------+----------------+-----+-----+------+
TOTAL:  LCUs: 39 (60.9375%), Subclusters: 52 (20.3125%), 16bit Subclusters: 3 (1.17188%), Weight memory cuts: 33 (6.44531%), L3 Output memory cuts: 134 (26.1719%), L3 Input memory cuts: 123 (24.0234%), L3 total cuts: 167 (32.6172%), L4 memory cuts: 0 (0%), IBs: 0 (0%), OBs: 0 (0%), APUs: 39 (48.75%)
[2026-02-17 19:46:23.768] [default] [info] Pre-allocation buffers for yolo11n_context_2 buffers:
+-----------------------------------------------------+-----------------------------------------------------+----------------------------+
| Src                                                 | Dst                                                 | Buffers                    |
+-----------------------------------------------------+-----------------------------------------------------+----------------------------+
| yolo11n_yolo11n_context_1_to_yolo11n_context_2_2532 | concat9                                             | 2 (L3 memory cuts: 1)      |
| yolo11n_yolo11n_context_1_to_yolo11n_context_2_2534 | concat7                                             | 2 (L3 memory cuts: 1)      |
| yolo11n_yolo11n_context_1_to_yolo11n_context_2_2535 | maxpool1                                            | 8 (L3 memory cuts: 1)      |
| maxpool1                                            | maxpool2                                            | 9[RPC] (L3 memory cuts: 9) |
| maxpool1                                            | concat7                                             | 9[RPC] (L3 memory cuts: 9) |
| maxpool2                                            | maxpool3                                            | 9[RPC] (L3 memory cuts: 9) |
| maxpool2                                            | concat7                                             | 9[RPC] (L3 memory cuts: 9) |
| maxpool3                                            | concat7                                             | 3[RPC] (L3 memory cuts: 3) |
| concat7                                             | conv33                                              | 4[S] (L3 memory cuts: 1)   |
| conv33                                              | conv_feature_splitter5_1                            | 2[S] (L3 memory cuts: 1)   |
| conv33                                              | conv_feature_splitter5_2                            | 2[S] (L3 memory cuts: 1)   |
| conv_feature_splitter5_1                            | concat8                                             | 76[S] (L3 memory cuts: 3)  |
| conv_feature_splitter5_2                            | conv_feature_splitter6_1                            | 2 (L3 memory cuts: 1)      |
| conv_feature_splitter5_2                            | conv_feature_splitter6_2                            | 2 (L3 memory cuts: 1)      |
| conv_feature_splitter5_2                            | conv_feature_splitter6_3                            | 2 (L3 memory cuts: 1)      |
| conv_feature_splitter5_2                            | conv36                                              | 26 (L3 memory cuts: 3)     |
| conv_feature_splitter6_1                            | matmul1                                             | 21 (L3 memory cuts: 1)     |
| conv_feature_splitter6_2                            | matmul1                                             | 40 (L3 memory cuts: 3)     |
| matmul1                                             | reduce_max_softmax1                                 | 2[RPC] (L3 memory cuts: 2) |
| matmul1                                             | ew_sub_softmax1                                     | 2[RPC] (L3 memory cuts: 2) |
| reduce_max_softmax1                                 | ew_sub_softmax1                                     | 1 (L3 memory cuts: 1)      |
| ew_sub_softmax1                                     | ne_activation_ew_sub_softmax1_sd0                   | 3 (L3 memory cuts: 4)      |
| ew_sub_softmax1                                     | ne_activation_ew_sub_softmax1_sd1                   | 3 (L3 memory cuts: 4)      |
| ew_sub_softmax1                                     | ne_activation_ew_sub_softmax1_sd2                   | 3 (L3 memory cuts: 4)      |
| ne_activation_ew_sub_softmax1_sd0                   | ne_activation_ew_sub_softmax1_sdc                   | 2 (L3 memory cuts: 1)      |
| ne_activation_ew_sub_softmax1_sd1                   | ne_activation_ew_sub_softmax1_sdc                   | 2 (L3 memory cuts: 1)      |
| ne_activation_ew_sub_softmax1_sd2                   | ne_activation_ew_sub_softmax1_sdc                   | 2 (L3 memory cuts: 1)      |
| ne_activation_ew_sub_softmax1_sdc                   | reduce_sum_softmax1                                 | 1[RPC] (L3 memory cuts: 1) |
| ne_activation_ew_sub_softmax1_sdc                   | ew_mult_softmax1                                    | 2[RPC] (L3 memory cuts: 2) |
| reduce_sum_softmax1                                 | ew_mult_softmax1                                    | 2 (L3 memory cuts: 1)      |
| ew_mult_softmax1                                    | matmul2                                             | 2 (L3 memory cuts: 2)      |
| conv_feature_splitter6_3                            | activation1                                         | 2 (L3 memory cuts: 1)      |
| conv_feature_splitter6_3                            | dw1_defuse_width_feature_reshape                    | 2 (L3 memory cuts: 1)      |
| activation1                                         | matmul2_reshape                                     | 1 (L3 memory cuts: 1)      |
| matmul2_reshape                                     | matmul2                                             | 60 (L3 memory cuts: 6)     |
| matmul2                                             | dw1_defuse_1x1                                      | 2 (L3 memory cuts: 1)      |
| dw1_defuse_width_feature_reshape                    | dw1_defuse_reshape_hxf_to_w_transposed              | 5 (L3 memory cuts: 1)      |
| dw1_defuse_reshape_hxf_to_w_transposed              | dw1_defuse_1x1                                      | 24 (L3 memory cuts: 21)    |
| dw1_defuse_1x1                                      | conv36                                              | 3 (L3 memory cuts: 1)      |
| conv36                                              | conv37                                              | 3[S] (L3 memory cuts: 1)   |
| conv36                                              | conv38                                              | 3[S] (L3 memory cuts: 1)   |
| conv37                                              | conv38                                              | 2[S] (L3 memory cuts: 1)   |
| conv38                                              | concat8                                             | 1[S] (L3 memory cuts: 1)   |
| concat8                                             | conv39                                              | 2[S] (L3 memory cuts: 1)   |
| conv39                                              | resize1                                             | 2 (L3 memory cuts: 1)      |
| conv39                                              | yolo11n_yolo11n_context_2_to_yolo11n_context_4_2536 | 2 (L3 memory cuts: 1)      |
| resize1                                             | concat9                                             | 3 (L3 memory cuts: 1)      |
| concat9                                             | conv_feature_splitter7_1                            | 2[S] (L3 memory cuts: 1)   |
| concat9                                             | conv_feature_splitter7_2                            | 2[S] (L3 memory cuts: 1)   |
| conv_feature_splitter7_1                            | concat10                                            | 8 (L3 memory cuts: 1)      |
| conv_feature_splitter7_2                            | conv41                                              | 8 (L3 memory cuts: 1)      |
| conv_feature_splitter7_2                            | ew_add10                                            | 8 (L3 memory cuts: 1)      |
| conv_feature_splitter7_2                            | concat10                                            | 8 (L3 memory cuts: 1)      |
| conv41                                              | conv42                                              | 2[RPC] (L3 memory cuts: 2) |
| conv42                                              | ew_add10                                            | 2 (L3 memory cuts: 1)      |
| ew_add10                                            | concat10                                            | 4 (L3 memory cuts: 1)      |
| concat10                                            | conv43                                              | 2[S] (L3 memory cuts: 1)   |
| conv43                                              | yolo11n_yolo11n_context_2_to_yolo11n_context_3_2538 | 1 (L3 memory cuts: 1)      |
+-----------------------------------------------------+-----------------------------------------------------+----------------------------+
[2026-02-17 19:46:23.974] [default] [info] Pre-allocation Resources for yolo11n_context_3
+-----------------------------------------------------+-------------+-----------------------+-----------------------+----------------------+----------------+-----+-----+------+
| Node                                                | Subclusters | L3 Weight Memory Cuts | L3 Output Memory Cuts | L3 Input Memory Cuts | L4 Memory Cuts | IBs | OBs | APUs |
+-----------------------------------------------------+-------------+-----------------------+-----------------------+----------------------+----------------+-----+-----+------+
| yolo11n_yolo11n_context_0_to_yolo11n_context_3_2530 | 0           | 0                     | 0                     | 0                    | 0.500          | 0   | 0   | 0    |
| yolo11n_yolo11n_context_2_to_yolo11n_context_3_2539 | 0           | 0                     | 0                     | 0                    | 0.500          | 0   | 0   | 0    |
| resize2                                             | 1           | 0                     | 3                     | 0                    | 0.000          | 0   | 0   | 1    |
| concat11                                            | 1           | 0                     | 4                     | 3                    | 0.000          | 0   | 0   | 1    |
| conv_feature_splitter8_1                            | 4           | 4                     | 1                     | 2                    | 0.000          | 0   | 0   | 1    |
| conv_feature_splitter8_2                            | 4           | 4                     | 3                     | 2                    | 0.000          | 0   | 0   | 1    |
| conv45                                              | 2           | 2                     | 1                     | 1                    | 0.000          | 0   | 0   | 1    |
| conv46                                              | 2           | 1                     | 2                     | 1                    | 0.000          | 0   | 0   | 1    |
| ew_add11                                            | 1           | 1                     | 1                     | 3                    | 0.000          | 0   | 0   | 1    |
| concat12                                            | 1           | 0                     | 1                     | 3                    | 0.000          | 0   | 0   | 1    |
| conv47                                              | 3           | 3                     | 10                    | 1                    | 0.000          | 0   | 0   | 1    |
| conv48                                              | 8           | 8                     | 1                     | 2                    | 0.000          | 0   | 0   | 1    |
| conv49_ws                                           | 1           | 0                     | 2                     | 2                    | 0.000          | 0   | 0   | 1    |
| conv49_sd0                                          | 8           | 8                     | 1                     | 1                    | 0.000          | 0   | 0   | 1    |
| conv49_sd1                                          | 8           | 8                     | 1                     | 1                    | 0.000          | 0   | 0   | 1    |
| conv49_sdc                                          | 1           | 0                     | 1                     | 2                    | 0.000          | 0   | 0   | 1    |
| conv50_ws                                           | 1           | 0                     | 2                     | 1                    | 0.000          | 0   | 0   | 1    |
| conv50_sd0                                          | 8           | 8                     | 1                     | 1                    | 0.000          | 0   | 0   | 1    |
| conv50_sd1                                          | 8           | 8                     | 1                     | 1                    | 0.000          | 0   | 0   | 1    |
| conv50_sdc                                          | 1           | 0                     | 1                     | 2                    | 0.000          | 0   | 0   | 1    |
| conv51                                              | 2           | 1                     | 2                     | 1                    | 0.000          | 0   | 0   | 1    |
| auto_reshape_from_conv51_to_output_layer1           | 0           | 0                     | 0                     | 0                    | 1.000          | 0   | 0   | 0    |
| output_layer1                                       | 0           | 0                     | 0                     | 0                    | 0.500          | 0   | 0   | 0    |
| dw2_sd0                                             | 2           | 1                     | 2                     | 3                    | 0.000          | 0   | 0   | 1    |
| dw2_sd1                                             | 2           | 1                     | 2                     | 3                    | 0.000          | 0   | 0   | 1    |
| dw2_sdc                                             | 1           | 0                     | 1                     | 4                    | 0.000          | 0   | 0   | 1    |
| conv52                                              | 2           | 2                     | 2                     | 1                    | 0.000          | 0   | 0   | 1    |
| dw3_sd0                                             | 2           | 1                     | 2                     | 1                    | 0.000          | 0   | 0   | 1    |
| dw3_sd1                                             | 2           | 1                     | 2                     | 1                    | 0.000          | 0   | 0   | 1    |
| dw3_sdc                                             | 1           | 0                     | 1                     | 4                    | 0.000          | 0   | 0   | 1    |
| conv53                                              | 2           | 2                     | 1                     | 1                    | 0.000          | 0   | 0   | 1    |
| conv54                                              | 1           | 1                     | 1                     | 1                    | 0.000          | 0   | 0   | 1    |
| auto_reshape_from_conv54_to_output_layer2           | 0           | 0                     | 0                     | 0                    | 1.000          | 0   | 0   | 0    |
| output_layer2                                       | 0           | 0                     | 0                     | 0                    | 0.500          | 0   | 0   | 0    |
| yolo11n_yolo11n_context_2_to_yolo11n_context_3_2540 | 0           | 0                     | 0                     | 0                    | 0.500          | 0   | 0   | 0    |
| concat13                                            | 1           | 0                     | 2                     | 1                    | 0.000          | 0   | 0   | 1    |
| conv_feature_splitter9_1                            | 2           | 1                     | 1                     | 1                    | 0.000          | 0   | 0   | 1    |
| conv_feature_splitter9_2                            | 2           | 1                     | 3                     | 1                    | 0.000          | 0   | 0   | 1    |
| conv56                                              | 2           | 2                     | 1                     | 1                    | 0.000          | 0   | 0   | 1    |
| conv57                                              | 2           | 2                     | 1                     | 1                    | 0.000          | 0   | 0   | 1    |
| ew_add12                                            | 1           | 1                     | 1                     | 2                    | 0.000          | 0   | 0   | 1    |
| concat14                                            | 1           | 0                     | 1                     | 3                    | 0.000          | 0   | 0   | 1    |
| conv58                                              | 3           | 3                     | 3                     | 1                    | 0.000          | 0   | 0   | 1    |
| conv59                                              | 6           | 6                     | 1                     | 1                    | 0.000          | 0   | 0   | 1    |
| yolo11n_yolo11n_context_3_to_yolo11n_context_4_2541 | 0           | 0                     | 0                     | 0                    | 0.500          | 0   | 0   | 0    |
| conv60                                              | 8           | 8                     | 1                     | 1                    | 0.000          | 0   | 0   | 1    |
| yolo11n_yolo11n_context_3_to_yolo11n_context_4_2543 | 0           | 0                     | 0                     | 0                    | 0.500          | 0   | 0   | 0    |
| dw4                                                 | 2           | 1                     | 2                     | 1                    | 0.000          | 0   | 0   | 1    |
| yolo11n_yolo11n_context_3_to_yolo11n_context_4_2546 | 0           | 0                     | 0                     | 0                    | 0.500          | 0   | 0   | 0    |
+-----------------------------------------------------+-------------+-----------------------+-----------------------+----------------------+----------------+-----+-----+------+
TOTAL:  LCUs: 39 (60.9375%), Subclusters: 110 (42.9688%), Weight memory cuts: 90 (17.5781%), L3 Output memory cuts: 70 (13.6719%), L3 Input memory cuts: 63 (12.3047%), L3 total cuts: 160 (31.25%), L4 memory cuts: 2 (7.14286%), IBs: 0 (0%), OBs: 0 (0%), APUs: 39 (48.75%)
[2026-02-17 19:46:23.988] [default] [info] Pre-allocation buffers for yolo11n_context_3 buffers:
+-----------------------------------------------------+-----------------------------------------------------+-------------------------------+
| Src                                                 | Dst                                                 | Buffers                       |
+-----------------------------------------------------+-----------------------------------------------------+-------------------------------+
| yolo11n_yolo11n_context_0_to_yolo11n_context_3_2530 | concat11                                            | 2 (L3 memory cuts: 1)         |
| yolo11n_yolo11n_context_2_to_yolo11n_context_3_2539 | resize2                                             | 2 (L3 memory cuts: 1)         |
| resize2                                             | concat11                                            | 3[RPC] (L3 memory cuts: 3)    |
| concat11                                            | conv_feature_splitter8_1                            | 2[S][RPC] (L3 memory cuts: 2) |
| concat11                                            | conv_feature_splitter8_2                            | 2[S][RPC] (L3 memory cuts: 2) |
| conv_feature_splitter8_1                            | concat12                                            | 8 (L3 memory cuts: 1)         |
| conv_feature_splitter8_2                            | conv45                                              | 8 (L3 memory cuts: 1)         |
| conv_feature_splitter8_2                            | ew_add11                                            | 8 (L3 memory cuts: 1)         |
| conv_feature_splitter8_2                            | concat12                                            | 8 (L3 memory cuts: 1)         |
| conv45                                              | conv46                                              | 12[S] (L3 memory cuts: 1)     |
| conv46                                              | ew_add11                                            | 2[RPC] (L3 memory cuts: 2)    |
| ew_add11                                            | concat12                                            | 3 (L3 memory cuts: 1)         |
| concat12                                            | conv47                                              | 2[S] (L3 memory cuts: 1)      |
| conv47                                              | conv48                                              | 2[RPC] (L3 memory cuts: 2)    |
| conv47                                              | conv49_ws                                           | 2[RPC] (L3 memory cuts: 2)    |
| conv47                                              | dw2_sd0                                             | 3[RPC] (L3 memory cuts: 3)    |
| conv47                                              | dw2_sd1                                             | 3[RPC] (L3 memory cuts: 3)    |
| conv48                                              | concat13                                            | 2 (L3 memory cuts: 1)         |
| conv49_ws                                           | conv49_sd0                                          | 2 (L3 memory cuts: 1)         |
| conv49_ws                                           | conv49_sd1                                          | 2 (L3 memory cuts: 1)         |
| conv49_sd0                                          | conv49_sdc                                          | 2 (L3 memory cuts: 1)         |
| conv49_sd1                                          | conv49_sdc                                          | 2 (L3 memory cuts: 1)         |
| conv49_sdc                                          | conv50_ws                                           | 1 (L3 memory cuts: 1)         |
| conv50_ws                                           | conv50_sd0                                          | 2 (L3 memory cuts: 1)         |
| conv50_ws                                           | conv50_sd1                                          | 2 (L3 memory cuts: 1)         |
| conv50_sd0                                          | conv50_sdc                                          | 2 (L3 memory cuts: 1)         |
| conv50_sd1                                          | conv50_sdc                                          | 2 (L3 memory cuts: 1)         |
| conv50_sdc                                          | conv51                                              | 2 (L3 memory cuts: 1)         |
| conv51                                              | auto_reshape_from_conv51_to_output_layer1           | 2[RPC] (L3 memory cuts: 2)    |
| auto_reshape_from_conv51_to_output_layer1           | output_layer1                                       | 2 (L4 memory cuts: 1)         |
| dw2_sd0                                             | dw2_sdc                                             | 2[RPC] (L3 memory cuts: 2)    |
| dw2_sd1                                             | dw2_sdc                                             | 2[RPC] (L3 memory cuts: 2)    |
| dw2_sdc                                             | conv52                                              | 2 (L3 memory cuts: 1)         |
| conv52                                              | dw3_sd0                                             | 2 (L3 memory cuts: 1)         |
| conv52                                              | dw3_sd1                                             | 2 (L3 memory cuts: 1)         |
| dw3_sd0                                             | dw3_sdc                                             | 2[RPC] (L3 memory cuts: 2)    |
| dw3_sd1                                             | dw3_sdc                                             | 2[RPC] (L3 memory cuts: 2)    |
| dw3_sdc                                             | conv53                                              | 3 (L3 memory cuts: 1)         |
| conv53                                              | conv54                                              | 1[S][RPC] (L3 memory cuts: 1) |
| conv54                                              | auto_reshape_from_conv54_to_output_layer2           | 1 (L3 memory cuts: 1)         |
| auto_reshape_from_conv54_to_output_layer2           | output_layer2                                       | 1 (L4 memory cuts: 1)         |
| yolo11n_yolo11n_context_2_to_yolo11n_context_3_2540 | concat13                                            | 3 (L3 memory cuts: 1)         |
| concat13                                            | conv_feature_splitter9_1                            | 4[S] (L3 memory cuts: 1)      |
| concat13                                            | conv_feature_splitter9_2                            | 4[S] (L3 memory cuts: 1)      |
| conv_feature_splitter9_1                            | concat14                                            | 6 (L3 memory cuts: 1)         |
| conv_feature_splitter9_2                            | conv56                                              | 6 (L3 memory cuts: 1)         |
| conv_feature_splitter9_2                            | ew_add12                                            | 6 (L3 memory cuts: 1)         |
| conv_feature_splitter9_2                            | concat14                                            | 6 (L3 memory cuts: 1)         |
| conv56                                              | conv57                                              | 6[S] (L3 memory cuts: 1)      |
| conv57                                              | ew_add12                                            | 2 (L3 memory cuts: 1)         |
| ew_add12                                            | concat14                                            | 2 (L3 memory cuts: 1)         |
| concat14                                            | conv58                                              | 2[S] (L3 memory cuts: 1)      |
| conv58                                              | conv59                                              | 3 (L3 memory cuts: 1)         |
| conv58                                              | conv60                                              | 3 (L3 memory cuts: 1)         |
| conv58                                              | dw4                                                 | 3 (L3 memory cuts: 1)         |
| conv59                                              | yolo11n_yolo11n_context_3_to_yolo11n_context_4_2541 | 1 (L3 memory cuts: 1)         |
| conv60                                              | yolo11n_yolo11n_context_3_to_yolo11n_context_4_2543 | 1 (L3 memory cuts: 1)         |
| dw4                                                 | yolo11n_yolo11n_context_3_to_yolo11n_context_4_2546 | 2[RPC] (L3 memory cuts: 2)    |
+-----------------------------------------------------+-----------------------------------------------------+-------------------------------+
[2026-02-17 19:46:24.179] [default] [info] Pre-allocation Resources for yolo11n_context_4
+-----------------------------------------------------+-------------+-----------------------+-----------------------+----------------------+----------------+-----+-----+------+
| Node                                                | Subclusters | L3 Weight Memory Cuts | L3 Output Memory Cuts | L3 Input Memory Cuts | L4 Memory Cuts | IBs | OBs | APUs |
+-----------------------------------------------------+-------------+-----------------------+-----------------------+----------------------+----------------+-----+-----+------+
| yolo11n_yolo11n_context_2_to_yolo11n_context_4_2537 | 0           | 0                     | 0                     | 0                    | 0.500          | 0   | 0   | 0    |
| yolo11n_yolo11n_context_3_to_yolo11n_context_4_2542 | 0           | 0                     | 0                     | 0                    | 0.500          | 0   | 0   | 0    |
| concat15                                            | 1           | 0                     | 2                     | 0                    | 0.000          | 0   | 0   | 1    |
| conv_feature_splitter10_1                           | 4           | 4                     | 1                     | 1                    | 0.000          | 0   | 0   | 1    |
| conv_feature_splitter10_2                           | 4           | 4                     | 3                     | 1                    | 0.000          | 0   | 0   | 1    |
| conv67                                              | 1           | 1                     | 2                     | 1                    | 0.000          | 0   | 0   | 1    |
| conv69                                              | 3           | 3                     | 1                     | 1                    | 0.000          | 0   | 0   | 1    |
| conv70                                              | 3           | 3                     | 1                     | 1                    | 0.000          | 0   | 0   | 1    |
| ew_add13                                            | 1           | 1                     | 6                     | 2                    | 0.000          | 0   | 0   | 1    |
| conv71                                              | 3           | 3                     | 1                     | 2                    | 0.000          | 0   | 0   | 1    |
| conv72                                              | 3           | 3                     | 1                     | 1                    | 0.000          | 0   | 0   | 1    |
| ew_add14                                            | 1           | 1                     | 2                     | 5                    | 0.000          | 0   | 0   | 1    |
| conv68                                              | 1           | 1                     | 1                     | 1                    | 0.000          | 0   | 0   | 1    |
| concat16                                            | 1           | 0                     | 1                     | 3                    | 0.000          | 0   | 0   | 1    |
| conv73                                              | 1           | 1                     | 1                     | 1                    | 0.000          | 0   | 0   | 1    |
| concat17                                            | 1           | 0                     | 2                     | 3                    | 0.000          | 0   | 0   | 1    |
| conv74                                              | 7           | 7                     | 2                     | 2                    | 0.000          | 0   | 0   | 1    |
| conv75_ws                                           | 1           | 0                     | 3                     | 1                    | 0.000          | 0   | 0   | 1    |
| conv75_sd0                                          | 8           | 8                     | 1                     | 1                    | 0.000          | 0   | 0   | 1    |
| conv75_sd1                                          | 8           | 8                     | 1                     | 2                    | 0.000          | 0   | 0   | 1    |
| conv75_sdc                                          | 1           | 0                     | 2                     | 2                    | 0.000          | 0   | 0   | 1    |
| conv76                                              | 3           | 3                     | 1                     | 2                    | 0.000          | 0   | 0   | 1    |
| conv77                                              | 1           | 1                     | 1                     | 1                    | 0.000          | 0   | 0   | 1    |
| auto_reshape_from_conv77_to_output_layer5           | 0           | 0                     | 0                     | 0                    | 1.000          | 0   | 0   | 0    |
| output_layer5                                       | 0           | 0                     | 0                     | 0                    | 0.500          | 0   | 0   | 0    |
| dw6_fs                                              | 1           | 0                     | 2                     | 1                    | 0.000          | 0   | 0   | 1    |
| dw6_d0                                              | 2           | 1                     | 2                     | 1                    | 0.000          | 0   | 0   | 1    |
| dw6_d1                                              | 2           | 1                     | 2                     | 1                    | 0.000          | 0   | 0   | 1    |
| dw6_dc                                              | 1           | 0                     | 1                     | 4                    | 0.000          | 0   | 0   | 1    |
| conv78                                              | 1           | 1                     | 1                     | 1                    | 0.000          | 0   | 0   | 1    |
| dw7                                                 | 1           | 1                     | 1                     | 1                    | 0.000          | 0   | 0   | 1    |
| conv79                                              | 1           | 1                     | 1                     | 1                    | 0.000          | 0   | 0   | 1    |
| conv80                                              | 1           | 1                     | 1                     | 1                    | 0.000          | 0   | 0   | 1    |
| auto_reshape_from_conv80_to_output_layer6           | 0           | 0                     | 0                     | 0                    | 1.000          | 0   | 0   | 0    |
| output_layer6                                       | 0           | 0                     | 0                     | 0                    | 0.500          | 0   | 0   | 0    |
| yolo11n_yolo11n_context_3_to_yolo11n_context_4_2544 | 0           | 0                     | 0                     | 0                    | 0.500          | 0   | 0   | 0    |
| conv61_d0                                           | 4           | 4                     | 1                     | 0                    | 0.000          | 0   | 0   | 1    |
| conv61_d1                                           | 4           | 4                     | 1                     | 0                    | 0.000          | 0   | 0   | 1    |
| conv61_dc                                           | 1           | 0                     | 2                     | 2                    | 0.000          | 0   | 0   | 1    |
| conv62                                              | 1           | 1                     | 1                     | 2                    | 0.000          | 0   | 0   | 1    |
| auto_reshape_from_conv62_to_output_layer3           | 0           | 0                     | 0                     | 0                    | 1.000          | 0   | 0   | 0    |
| output_layer3                                       | 0           | 0                     | 0                     | 0                    | 0.500          | 0   | 0   | 0    |
| yolo11n_yolo11n_context_3_to_yolo11n_context_4_2547 | 0           | 0                     | 0                     | 0                    | 0.500          | 0   | 0   | 0    |
| conv63                                              | 2           | 2                     | 2                     | 0                    | 0.000          | 0   | 0   | 1    |
| dw5_sd0                                             | 1           | 1                     | 2                     | 1                    | 0.000          | 0   | 0   | 1    |
| dw5_sd1                                             | 1           | 1                     | 1                     | 1                    | 0.000          | 0   | 0   | 1    |
| dw5_sdc                                             | 1           | 0                     | 1                     | 3                    | 0.000          | 0   | 0   | 1    |
| conv64                                              | 1           | 1                     | 1                     | 1                    | 0.000          | 0   | 0   | 1    |
| conv65                                              | 1           | 1                     | 1                     | 1                    | 0.000          | 0   | 0   | 1    |
| auto_reshape_from_conv65_to_output_layer4           | 0           | 0                     | 0                     | 0                    | 1.000          | 0   | 0   | 0    |
| output_layer4                                       | 0           | 0                     | 0                     | 0                    | 0.500          | 0   | 0   | 0    |
+-----------------------------------------------------+-------------+-----------------------+-----------------------+----------------------+----------------+-----+-----+------+
TOTAL:  LCUs: 39 (60.9375%), Subclusters: 84 (32.8125%), Weight memory cuts: 73 (14.2578%), L3 Output memory cuts: 60 (11.7188%), L3 Input memory cuts: 56 (10.9375%), L3 total cuts: 133 (25.9766%), L4 memory cuts: 4 (14.2857%), IBs: 0 (0%), OBs: 0 (0%), APUs: 39 (48.75%)
[2026-02-17 19:46:24.188] [default] [info] Pre-allocation buffers for yolo11n_context_4 buffers:
+-----------------------------------------------------+-------------------------------------------+-------------------------------+
| Src                                                 | Dst                                       | Buffers                       |
+-----------------------------------------------------+-------------------------------------------+-------------------------------+
| yolo11n_yolo11n_context_2_to_yolo11n_context_4_2537 | concat15                                  | 2 (L3 memory cuts: 1)         |
| yolo11n_yolo11n_context_3_to_yolo11n_context_4_2542 | concat15                                  | 2 (L3 memory cuts: 1)         |
| concat15                                            | conv_feature_splitter10_1                 | 2[S] (L3 memory cuts: 1)      |
| concat15                                            | conv_feature_splitter10_2                 | 2[S] (L3 memory cuts: 1)      |
| conv_feature_splitter10_1                           | concat17                                  | 32[S] (L3 memory cuts: 1)     |
| conv_feature_splitter10_2                           | conv67                                    | 32[S] (L3 memory cuts: 1)     |
| conv_feature_splitter10_2                           | conv68                                    | 32[S] (L3 memory cuts: 1)     |
| conv_feature_splitter10_2                           | concat17                                  | 32[S] (L3 memory cuts: 1)     |
| conv67                                              | conv69                                    | 7 (L3 memory cuts: 1)         |
| conv67                                              | ew_add13                                  | 7 (L3 memory cuts: 1)         |
| conv69                                              | conv70                                    | 5[S] (L3 memory cuts: 1)      |
| conv70                                              | ew_add13                                  | 1 (L3 memory cuts: 1)         |
| ew_add13                                            | conv71                                    | 2[RPC] (L3 memory cuts: 2)    |
| ew_add13                                            | ew_add14                                  | 4[RPC] (L3 memory cuts: 4)    |
| conv71                                              | conv72                                    | 5[S] (L3 memory cuts: 1)      |
| conv72                                              | ew_add14                                  | 1 (L3 memory cuts: 1)         |
| ew_add14                                            | concat16                                  | 2[RPC] (L3 memory cuts: 2)    |
| conv68                                              | concat16                                  | 11 (L3 memory cuts: 1)        |
| concat16                                            | conv73                                    | 2[S] (L3 memory cuts: 1)      |
| conv73                                              | concat17                                  | 1[S][RPC] (L3 memory cuts: 1) |
| concat17                                            | conv74                                    | 2[S][RPC] (L3 memory cuts: 2) |
| conv74                                              | conv75_ws                                 | 1[RPC] (L3 memory cuts: 1)    |
| conv74                                              | dw6_fs                                    | 1[RPC] (L3 memory cuts: 1)    |
| conv75_ws                                           | conv75_sd0                                | 1[RPC] (L3 memory cuts: 1)    |
| conv75_ws                                           | conv75_sd1                                | 2[RPC] (L3 memory cuts: 2)    |
| conv75_sd0                                          | conv75_sdc                                | 2 (L3 memory cuts: 1)         |
| conv75_sd1                                          | conv75_sdc                                | 1[RPC] (L3 memory cuts: 1)    |
| conv75_sdc                                          | conv76                                    | 2[RPC] (L3 memory cuts: 2)    |
| conv76                                              | conv77                                    | 1[S] (L3 memory cuts: 1)      |
| conv77                                              | auto_reshape_from_conv77_to_output_layer5 | 1 (L3 memory cuts: 1)         |
| auto_reshape_from_conv77_to_output_layer5           | output_layer5                             | 2 (L4 memory cuts: 1)         |
| dw6_fs                                              | dw6_d0                                    | 1 (L3 memory cuts: 1)         |
| dw6_fs                                              | dw6_d1                                    | 1 (L3 memory cuts: 1)         |
| dw6_d0                                              | dw6_dc                                    | 2[RPC] (L3 memory cuts: 2)    |
| dw6_d1                                              | dw6_dc                                    | 2[RPC] (L3 memory cuts: 2)    |
| dw6_dc                                              | conv78                                    | 2[S] (L3 memory cuts: 1)      |
| conv78                                              | dw7                                       | 4 (L3 memory cuts: 1)         |
| dw7                                                 | conv79                                    | 3 (L3 memory cuts: 1)         |
| conv79                                              | conv80                                    | 1[S] (L3 memory cuts: 1)      |
| conv80                                              | auto_reshape_from_conv80_to_output_layer6 | 1 (L3 memory cuts: 1)         |
| auto_reshape_from_conv80_to_output_layer6           | output_layer6                             | 2 (L4 memory cuts: 1)         |
| yolo11n_yolo11n_context_3_to_yolo11n_context_4_2544 | conv61_d0                                 | 4 (L3 memory cuts: 1)         |
| yolo11n_yolo11n_context_3_to_yolo11n_context_4_2544 | conv61_d1                                 | 4 (L3 memory cuts: 1)         |
| conv61_d0                                           | conv61_dc                                 | 1[S][RPC] (L3 memory cuts: 1) |
| conv61_d1                                           | conv61_dc                                 | 1[S][RPC] (L3 memory cuts: 1) |
| conv61_dc                                           | conv62                                    | 2[S][RPC] (L3 memory cuts: 2) |
| conv62                                              | auto_reshape_from_conv62_to_output_layer3 | 2 (L3 memory cuts: 1)         |
| auto_reshape_from_conv62_to_output_layer3           | output_layer3                             | 2 (L4 memory cuts: 1)         |
| yolo11n_yolo11n_context_3_to_yolo11n_context_4_2547 | conv63                                    | 2 (L3 memory cuts: 1)         |
| conv63                                              | dw5_sd0                                   | 3 (L3 memory cuts: 1)         |
| conv63                                              | dw5_sd1                                   | 3 (L3 memory cuts: 1)         |
| dw5_sd0                                             | dw5_sdc                                   | 2[RPC] (L3 memory cuts: 2)    |
| dw5_sd1                                             | dw5_sdc                                   | 3 (L3 memory cuts: 1)         |
| dw5_sdc                                             | conv64                                    | 3 (L3 memory cuts: 1)         |
| conv64                                              | conv65                                    | 1[S] (L3 memory cuts: 1)      |
| conv65                                              | auto_reshape_from_conv65_to_output_layer4 | 1 (L3 memory cuts: 1)         |
| auto_reshape_from_conv65_to_output_layer4           | output_layer4                             | 1 (L4 memory cuts: 1)         |
+-----------------------------------------------------+-------------------------------------------+-------------------------------+
[2026-02-17 19:46:24.189] [default] [info] yolo11n_context_0 - Bottleneck FPS: 1302.08 (layer: input_layer1)
[2026-02-17 19:46:24.189] [default] [info] yolo11n_context_1 - Bottleneck FPS: 1582.65 (layer: conv12_sd0)
[2026-02-17 19:46:24.189] [default] [info] yolo11n_context_2 - Bottleneck FPS: 1288.5 (layer: maxpool1)
[2026-02-17 19:46:24.189] [default] [info] yolo11n_context_3 - Bottleneck FPS: 1362.96 (layer: dw4)
[2026-02-17 19:46:24.189] [default] [info] yolo11n_context_4 - Bottleneck FPS: 2966.17 (layer: conv75_sd1)
[2026-02-17 19:46:24.966] [default] [info] Pre-Allocation Layers FPS: 
yolo11n_context_0: 
 
			 input_layer1: 1,302.08
			 conv1_ws: 2,280.67
			 conv1_sd0: 1,304.06
			 conv1_sd1: 1,315.04
			 conv1_sd2: 1,315.04
			 conv1_sd3: 1,315.04
			 conv1_sdc: 1,570.19
			 conv2_ws: 1,752.95
			 conv2_sd0: 1,410.34
			 conv2_sd1: 1,437.92
			 conv2_sd2: 1,437.92
			 conv2_sd3: 1,437.92
			 conv2_sdc: 2,705.13
			 conv_feature_splitter1_1: 1,552.67
			 conv_feature_splitter1_2: 1,520.54
			 conv4_ws: 6,735.93
			 conv4_sd0: 1,423.27
			 conv4_sd1: 1,424.09
			 conv4_sdc: 11,567.7
			 conv5: 2,060.03
			 ew_add1: 2,548.11
			 concat1: 2,545.42
			 conv6: 1,435.02
			 conv7_ws: 1,834
			 conv7_sd4: 1,635.03
			 ws_from_conv7_ws_to_conv7_sd0-3_390: 2,014.23
			 conv7_sd0: 1,568.36
			 conv7_sd1: 1,635.03
			 conv7_sd2: 1,635.03
			 conv7_sd3: 1,635.03
			 concat_w_from_conv7_sd0-3_to_conv7_sdc: 4,751.33
			 conv7_sdc: 5,433.38
			 conv_feature_splitter2_1: 1,750.54
			 conv_feature_splitter2_2: 1,750.54
			 conv9: 1,491.96
			 conv10: 1,418.14
			 ew_add2: 5,074.92
			 concat2: 4,515.13
			 conv11: 1,541.18
			 yolo11n_yolo11n_context_0_to_yolo11n_context_1_yolo11n_context_3_2528: 1,953.12
yolo11n_context_1: 
 
			 yolo11n_yolo11n_context_0_to_yolo11n_context_1_2529: 1,953.12
			 conv12_ws: 3,208.6
			 conv12_sd0: 1,582.65
			 conv12_sd1: 1,650.03
			 conv12_sd2: 3,288.88
			 conv12_sdc: 6,975.32
			 conv_feature_splitter3_1: 1,800.33
			 conv_feature_splitter3_2: 1,800.33
			 conv14: 6,884.56
			 conv16: 2,459.04
			 conv17: 2,505.28
			 ew_add3: 19,783.4
			 conv18: 2,459.04
			 conv19: 2,505.28
			 ew_add4: 19,783.4
			 conv15: 6,884.56
			 concat3: 25,209.6
			 conv20: 3,337.2
			 concat4: 9,464.1
			 conv21: 1,640.82
			 conv22_d0: 1,636.61
			 conv22_d1: 1,636.61
			 conv22_dc: 24,469.3
			 conv_feature_splitter4_1: 2,034.37
			 conv_feature_splitter4_2: 2,034.37
			 conv24: 6,088.19
			 conv26: 2,275.43
			 conv27: 2,294.54
			 ew_add5: 32,789.6
			 conv28: 2,275.43
			 conv29: 2,294.54
			 ew_add6: 32,789.6
			 conv25: 6,088.19
			 concat5: 46,152.1
			 conv30: 3,003.43
			 concat6: 16,511.9
			 conv31: 1,989.05
			 conv32: 1,583.15
			 yolo11n_yolo11n_context_1_to_yolo11n_context_2_2533: 26,040
			 yolo11n_yolo11n_context_1_to_yolo11n_context_2_2531: 7,812.35
yolo11n_context_2: 
 
			 yolo11n_yolo11n_context_1_to_yolo11n_context_2_2532: 7,812.35
			 yolo11n_yolo11n_context_1_to_yolo11n_context_2_2534: 26,040
			 yolo11n_yolo11n_context_1_to_yolo11n_context_2_2535: 26,040
			 maxpool1: 1,288.5
			 maxpool2: 1,288.5
			 maxpool3: 1,288.5
			 concat7: 12,596.4
			 conv33: 1,523.57
			 conv_feature_splitter5_1: 1,562.13
			 conv_feature_splitter5_2: 1,559.05
			 conv_feature_splitter6_1: 6,086.33
			 conv_feature_splitter6_2: 5,415.58
			 conv_feature_splitter6_3: 3,081.64
			 activation1: 18,131.5
			 matmul2_reshape: 25,479.3
			 dw1_defuse_width_feature_reshape: 23,319.5
			 dw1_defuse_reshape_hxf_to_w_transposed: 2,877.49
 
			 matmul1: 1,383.78
			 reduce_max_softmax1: 8,196.89
			 ew_sub_softmax1: 3,559.38
			 ne_activation_ew_sub_softmax1_sd0: 1,783.32
			 ne_activation_ew_sub_softmax1_sd1: 1,783.32
			 ne_activation_ew_sub_softmax1_sd2: 2,037.69
			 ne_activation_ew_sub_softmax1_sdc: 1,661.65
			 reduce_sum_softmax1: 8,257.81
			 ew_mult_softmax1: 4,150.28
			 matmul2: 2,043.08
			 dw1_defuse_1x1: 3,463.11
			 conv36: 2,839.68
			 conv37: 1,502.96
			 conv38: 1,516.64
			 concat8: 24,481.3
			 conv39: 1,575.17
			 resize1: 2,595.73
			 concat9: 4,970.98
			 conv_feature_splitter7_1: 1,681.37
			 conv_feature_splitter7_2: 1,681.37
			 conv41: 1,315.93
			 conv42: 1,524.38
			 ew_add10: 10,065.7
			 concat10: 9,636
			 conv43: 1,640.82
			 yolo11n_yolo11n_context_2_to_yolo11n_context_3_2538: 7,812.35
			 yolo11n_yolo11n_context_2_to_yolo11n_context_4_2536: 13,020.4
yolo11n_context_3: 
 
			 yolo11n_yolo11n_context_0_to_yolo11n_context_3_2530: 1,953.12
			 yolo11n_yolo11n_context_2_to_yolo11n_context_3_2539: 7,812.35
			 resize2: 1,496.9
			 concat11: 1,847.52
			 conv_feature_splitter8_1: 1,843.48
			 conv_feature_splitter8_2: 1,843.48
			 conv45: 1,491.96
			 conv46: 1,418.14
			 ew_add11: 5,074.92
			 concat12: 4,515.13
			 conv47: 1,474.34
			 conv48: 1,563.61
			 conv49_ws: 6,350.92
			 conv49_sd0: 1,576.47
			 conv49_sd1: 1,576.96
			 conv49_sdc: 5,433.38
			 conv50_ws: 6,350.92
			 conv50_sd0: 1,576.47
			 conv50_sd1: 1,576.96
			 conv50_sdc: 5,433.38
			 conv51: 1,537.39
			 auto_reshape_from_conv51_to_output_layer1: 3,776.4
			 output_layer1: 3,906.21
			 dw2_sd0: 1,382.21
			 dw2_sd1: 1,377.34
			 dw2_sdc: 5,433.38
			 conv52: 1,731.14
			 dw3_sd0: 1,382.21
			 dw3_sd1: 1,377.34
			 dw3_sdc: 5,433.38
			 conv53: 1,495.1
			 conv54: 6,508.19
			 auto_reshape_from_conv54_to_output_layer2: 78,109.7
			 output_layer2: 249,844
			 yolo11n_yolo11n_context_2_to_yolo11n_context_3_2540: 7,812.35
			 concat13: 9,508.64
			 conv_feature_splitter9_1: 1,824.64
			 conv_feature_splitter9_2: 1,824.64
			 conv56: 1,562.42
			 conv57: 1,518.56
			 ew_add12: 10,065.7
			 concat14: 9,636
			 conv58: 1,640.82
			 conv59: 1,636.61
			 yolo11n_yolo11n_context_3_to_yolo11n_context_4_2541: 26,040
			 conv60: 1,594.82
			 yolo11n_yolo11n_context_3_to_yolo11n_context_4_2543: 15,624.4
			 dw4: 1,362.96
			 yolo11n_yolo11n_context_3_to_yolo11n_context_4_2546: 7,812.35
yolo11n_context_4: 
 
			 yolo11n_yolo11n_context_2_to_yolo11n_context_4_2537: 13,020.4
			 yolo11n_yolo11n_context_3_to_yolo11n_context_4_2542: 26,040
			 concat15: 16,524.1
			 conv_feature_splitter10_1: 3,969
			 conv_feature_splitter10_2: 3,969
			 conv67: 6,088.19
			 conv69: 3,095.52
			 conv70: 3,132.42
			 ew_add13: 32,682.4
			 conv71: 3,095.52
			 conv72: 3,132.42
			 ew_add14: 32,789.6
			 conv68: 6,088.19
			 concat16: 46,152.1
			 conv73: 3,003.43
			 concat17: 16,511.9
			 conv74: 3,255.18
			 conv75_ws: 15,382.8
			 conv75_sd0: 7,557.44
			 conv75_sd1: 2,966.17
			 conv75_sdc: 42,287.8
			 conv76: 3,095.52
			 conv77: 11,434.8
			 auto_reshape_from_conv77_to_output_layer5: 46,723.5
			 output_layer5: 62,490.2
			 dw6_fs: 25,414.6
			 dw6_d0: 3,381.95
			 dw6_d1: 3,381.95
			 dw6_dc: 24,469.3
			 conv78: 3,146.11
			 dw7: 4,033.84
			 conv79: 11,117
			 conv80: 81,950.4
			 auto_reshape_from_conv80_to_output_layer6: 217,273
			 output_layer6: 499,376
			 yolo11n_yolo11n_context_3_to_yolo11n_context_4_2544: 15,624.4
			 conv61_d0: 3,022.45
			 conv61_d1: 3,022.45
			 conv61_dc: 24,970.3
			 conv62: 3,490.98
			 auto_reshape_from_conv62_to_output_layer3: 14,619.3
			 output_layer3: 15,624.4
			 yolo11n_yolo11n_context_3_to_yolo11n_context_4_2547: 7,812.35
			 conv63: 3,618.57
			 dw5_sd0: 3,107.74
			 dw5_sd1: 4,630.11
			 dw5_sdc: 16,653.5
			 conv64: 3,339.43
			 conv65: 25,411.3
			 auto_reshape_from_conv65_to_output_layer4: 185,099
			 output_layer4: 997,506
[2026-02-17 19:46:24.983] [default] [info] Partition passed at control_util 0.6.
[2026-02-17 19:46:27.795] [default] [info] Microcode violation: DUAL_BUFFER_FLIP_OUT in the next 1 cycles after APU_WRITE_TO_MEM
 in layer conv11, line: 37
[2026-02-17 19:46:27.920] [default] [info] Microcode violation: DUAL_BUFFER_FLIP_OUT in the next 1 cycles after APU_WRITE_TO_MEM
 in layer conv14, line: 33
[2026-02-17 19:46:28.187] [default] [info] Microcode violation: DUAL_BUFFER_FLIP_OUT in the next 1 cycles after APU_WRITE_TO_MEM
 in layer conv15, line: 33
[2026-02-17 19:46:28.209] [default] [info] Microcode violation: DUAL_BUFFER_FLIP_OUT in the next 1 cycles after APU_WRITE_TO_MEM
 in layer conv21, line: 37
[2026-02-17 19:46:28.333] [default] [info] Microcode violation: DUAL_BUFFER_FLIP_OUT in the next 1 cycles after APU_WRITE_TO_MEM
 in layer conv24, line: 33
[2026-02-17 19:46:28.810] [default] [info] Microcode violation: DUAL_BUFFER_FLIP_OUT in the next 1 cycles after APU_WRITE_TO_MEM
 in layer conv25, line: 33
[2026-02-17 19:46:28.857] [default] [info] Microcode violation: DUAL_BUFFER_FLIP_OUT in the next 1 cycles after APU_WRITE_TO_MEM
 in layer conv32, line: 46
[2026-02-17 19:46:29.093] [default] [info] Microcode violation: DUAL_BUFFER_FLIP_OUT in the next 1 cycles after APU_WRITE_TO_MEM
 in layer conv_feature_splitter5_2, line: 59
[2026-02-17 19:46:29.278] [default] [info] Microcode violation: DUAL_BUFFER_FLIP_OUT in the next 1 cycles after APU_WRITE_TO_MEM
 in layer dw1_defuse_width_feature_reshape, line: 10
[2026-02-17 19:46:29.279] [default] [info] Microcode violation: DUAL_BUFFER_FLIP_OUT in the next 1 cycles after APU_WRITE_TO_MEM
 in layer dw1_defuse_width_feature_reshape, line: 39
[2026-02-17 19:46:29.436] [default] [info] Microcode violation: DUAL_BUFFER_FLIP_OUT in the next 1 cycles after APU_WRITE_TO_MEM
 in layer conv39, line: 53
[2026-02-17 19:46:29.445] [default] [info] Microcode violation: DUAL_BUFFER_FLIP_OUT in the next 1 cycles after APU_WRITE_TO_MEM
 in layer resize1, line: 15
[2026-02-17 19:46:29.459] [default] [info] Microcode violation: DUAL_BUFFER_FLIP_OUT in the next 1 cycles after APU_WRITE_TO_MEM
 in layer conv_feature_splitter7_1, line: 37
[2026-02-17 19:46:29.474] [default] [info] Microcode violation: DUAL_BUFFER_FLIP_OUT in the next 1 cycles after APU_WRITE_TO_MEM
 in layer conv_feature_splitter7_2, line: 37
[2026-02-17 19:46:29.739] [default] [info] Microcode violation: DUAL_BUFFER_FLIP_OUT in the next 1 cycles after APU_WRITE_TO_MEM
 in layer conv43, line: 37
[2026-02-17 19:46:29.789] [default] [info] Microcode violation: DUAL_BUFFER_FLIP_OUT in the next 1 cycles after APU_WRITE_TO_MEM
 in layer resize2, line: 16
[2026-02-17 19:46:29.799] [default] [info] Microcode violation: DUAL_BUFFER_FLIP_OUT in the next 1 cycles after APU_WRITE_TO_MEM
 in layer conv_feature_splitter8_1, line: 32
[2026-02-17 19:46:29.806] [default] [info] Microcode violation: DUAL_BUFFER_FLIP_OUT in the next 1 cycles after APU_WRITE_TO_MEM
 in layer conv_feature_splitter8_2, line: 32
[2026-02-17 19:46:29.983] [default] [info] Microcode violation: DUAL_BUFFER_FLIP_OUT in the next 1 cycles after APU_WRITE_TO_MEM
 in layer conv47, line: 59
[2026-02-17 19:46:30.642] [default] [info] Microcode violation: DUAL_BUFFER_FLIP_OUT in the next 1 cycles after APU_WRITE_TO_MEM
 in layer conv54, line: 30
[2026-02-17 19:46:30.973] [default] [info] Microcode violation: DUAL_BUFFER_FLIP_OUT in the next 1 cycles after APU_WRITE_TO_MEM
 in layer conv58, line: 37
[2026-02-17 19:46:31.496] [default] [info] Microcode violation: DUAL_BUFFER_FLIP_OUT in the next 1 cycles after APU_WRITE_TO_MEM
 in layer conv65, line: 30
[2026-02-17 19:46:31.623] [default] [info] Microcode violation: DUAL_BUFFER_FLIP_OUT in the next 1 cycles after APU_WRITE_TO_MEM
 in layer conv62, line: 33
[2026-02-17 19:46:31.657] [default] [info] Microcode violation: DUAL_BUFFER_FLIP_OUT in the next 1 cycles after APU_WRITE_TO_MEM
 in layer conv67, line: 33
[2026-02-17 19:46:32.075] [default] [info] Microcode violation: DUAL_BUFFER_FLIP_OUT in the next 1 cycles after APU_WRITE_TO_MEM
 in layer conv68, line: 33
[2026-02-17 19:46:32.120] [default] [info] Microcode violation: DUAL_BUFFER_FLIP_OUT in the next 1 cycles after APU_WRITE_TO_MEM
 in layer conv74, line: 37
[2026-02-17 19:46:32.438] [default] [info] Microcode violation: DUAL_BUFFER_FLIP_OUT in the next 1 cycles after APU_WRITE_TO_MEM
 in layer conv77, line: 33
[2026-02-17 19:46:32.606] [default] [info] Microcode violation: DUAL_BUFFER_FLIP_OUT in the next 1 cycles after APU_WRITE_TO_MEM
 in layer conv78, line: 33
[2026-02-17 19:46:32.793] [default] [info] Microcode violation: DUAL_BUFFER_FLIP_OUT in the next 1 cycles after APU_WRITE_TO_MEM
 in layer conv80, line: 30
[2026-02-17 19:46:36.012] [default] [info] Microcode violation: DUAL_BUFFER_FLIP_OUT in the next 1 cycles after APU_WRITE_TO_MEM
 in layer conv11, line: 37
[2026-02-17 19:46:36.134] [default] [info] Microcode violation: DUAL_BUFFER_FLIP_OUT in the next 1 cycles after APU_WRITE_TO_MEM
 in layer conv14, line: 33
[2026-02-17 19:46:36.413] [default] [info] Microcode violation: DUAL_BUFFER_FLIP_OUT in the next 1 cycles after APU_WRITE_TO_MEM
 in layer conv15, line: 33
[2026-02-17 19:46:36.439] [default] [info] Microcode violation: DUAL_BUFFER_FLIP_OUT in the next 1 cycles after APU_WRITE_TO_MEM
 in layer conv21, line: 37
[2026-02-17 19:46:36.592] [default] [info] Microcode violation: DUAL_BUFFER_FLIP_OUT in the next 1 cycles after APU_WRITE_TO_MEM
 in layer conv24, line: 33
[2026-02-17 19:46:37.147] [default] [info] Microcode violation: DUAL_BUFFER_FLIP_OUT in the next 1 cycles after APU_WRITE_TO_MEM
 in layer conv25, line: 33
[2026-02-17 19:46:37.206] [default] [info] Microcode violation: DUAL_BUFFER_FLIP_OUT in the next 1 cycles after APU_WRITE_TO_MEM
 in layer conv32, line: 46
[2026-02-17 19:46:37.476] [default] [info] Microcode violation: DUAL_BUFFER_FLIP_OUT in the next 1 cycles after APU_WRITE_TO_MEM
 in layer conv_feature_splitter5_2, line: 59
[2026-02-17 19:46:37.724] [default] [info] Microcode violation: DUAL_BUFFER_FLIP_OUT in the next 1 cycles after APU_WRITE_TO_MEM
 in layer dw1_defuse_width_feature_reshape, line: 10
[2026-02-17 19:46:37.726] [default] [info] Microcode violation: DUAL_BUFFER_FLIP_OUT in the next 1 cycles after APU_WRITE_TO_MEM
 in layer dw1_defuse_width_feature_reshape, line: 39
[2026-02-17 19:46:37.910] [default] [info] Microcode violation: DUAL_BUFFER_FLIP_OUT in the next 1 cycles after APU_WRITE_TO_MEM
 in layer conv39, line: 53
[2026-02-17 19:46:37.927] [default] [info] Microcode violation: DUAL_BUFFER_FLIP_OUT in the next 1 cycles after APU_WRITE_TO_MEM
 in layer resize1, line: 15
[2026-02-17 19:46:37.947] [default] [info] Microcode violation: DUAL_BUFFER_FLIP_OUT in the next 1 cycles after APU_WRITE_TO_MEM
 in layer conv_feature_splitter7_1, line: 37
[2026-02-17 19:46:37.968] [default] [info] Microcode violation: DUAL_BUFFER_FLIP_OUT in the next 1 cycles after APU_WRITE_TO_MEM
 in layer conv_feature_splitter7_2, line: 37
[2026-02-17 19:46:38.253] [default] [info] Microcode violation: DUAL_BUFFER_FLIP_OUT in the next 1 cycles after APU_WRITE_TO_MEM
 in layer conv43, line: 37
[2026-02-17 19:46:38.304] [default] [info] Microcode violation: DUAL_BUFFER_FLIP_OUT in the next 1 cycles after APU_WRITE_TO_MEM
 in layer resize2, line: 16
[2026-02-17 19:46:38.312] [default] [info] Microcode violation: DUAL_BUFFER_FLIP_OUT in the next 1 cycles after APU_WRITE_TO_MEM
 in layer conv_feature_splitter8_1, line: 32
[2026-02-17 19:46:38.317] [default] [info] Microcode violation: DUAL_BUFFER_FLIP_OUT in the next 1 cycles after APU_WRITE_TO_MEM
 in layer conv_feature_splitter8_2, line: 32
[2026-02-17 19:46:38.484] [default] [info] Microcode violation: DUAL_BUFFER_FLIP_OUT in the next 1 cycles after APU_WRITE_TO_MEM
 in layer conv47, line: 59
[2026-02-17 19:46:39.030] [default] [info] Microcode violation: DUAL_BUFFER_FLIP_OUT in the next 1 cycles after APU_WRITE_TO_MEM
 in layer conv54, line: 30
[2026-02-17 19:46:39.295] [default] [info] Microcode violation: DUAL_BUFFER_FLIP_OUT in the next 1 cycles after APU_WRITE_TO_MEM
 in layer conv58, line: 37
[2026-02-17 19:46:39.725] [default] [info] Microcode violation: DUAL_BUFFER_FLIP_OUT in the next 1 cycles after APU_WRITE_TO_MEM
 in layer conv65, line: 30
[2026-02-17 19:46:39.830] [default] [info] Microcode violation: DUAL_BUFFER_FLIP_OUT in the next 1 cycles after APU_WRITE_TO_MEM
 in layer conv62, line: 33
[2026-02-17 19:46:39.858] [default] [info] Microcode violation: DUAL_BUFFER_FLIP_OUT in the next 1 cycles after APU_WRITE_TO_MEM
 in layer conv67, line: 33
[2026-02-17 19:46:40.247] [default] [info] Microcode violation: DUAL_BUFFER_FLIP_OUT in the next 1 cycles after APU_WRITE_TO_MEM
 in layer conv68, line: 33
[2026-02-17 19:46:40.281] [default] [info] Microcode violation: DUAL_BUFFER_FLIP_OUT in the next 1 cycles after APU_WRITE_TO_MEM
 in layer conv74, line: 37
[2026-02-17 19:46:40.626] [default] [info] Microcode violation: DUAL_BUFFER_FLIP_OUT in the next 1 cycles after APU_WRITE_TO_MEM
 in layer conv77, line: 33
[2026-02-17 19:46:40.770] [default] [info] Microcode violation: DUAL_BUFFER_FLIP_OUT in the next 1 cycles after APU_WRITE_TO_MEM
 in layer conv78, line: 33
[2026-02-17 19:46:40.937] [default] [info] Microcode violation: DUAL_BUFFER_FLIP_OUT in the next 1 cycles after APU_WRITE_TO_MEM
 in layer conv80, line: 30
[2026-02-17 19:46:44.113] [default] [info] Microcode violation: DUAL_BUFFER_FLIP_OUT in the next 1 cycles after APU_WRITE_TO_MEM
 in layer conv11, line: 37
[2026-02-17 19:46:44.259] [default] [info] Microcode violation: DUAL_BUFFER_FLIP_OUT in the next 1 cycles after APU_WRITE_TO_MEM
 in layer conv14, line: 33
[2026-02-17 19:46:44.556] [default] [info] Microcode violation: DUAL_BUFFER_FLIP_OUT in the next 1 cycles after APU_WRITE_TO_MEM
 in layer conv15, line: 33
[2026-02-17 19:46:44.580] [default] [info] Microcode violation: DUAL_BUFFER_FLIP_OUT in the next 1 cycles after APU_WRITE_TO_MEM
 in layer conv21, line: 37
[2026-02-17 19:46:44.711] [default] [info] Microcode violation: DUAL_BUFFER_FLIP_OUT in the next 1 cycles after APU_WRITE_TO_MEM
 in layer conv24, line: 33
[2026-02-17 19:46:45.190] [default] [info] Microcode violation: DUAL_BUFFER_FLIP_OUT in the next 1 cycles after APU_WRITE_TO_MEM
 in layer conv25, line: 33
[2026-02-17 19:46:45.242] [default] [info] Microcode violation: DUAL_BUFFER_FLIP_OUT in the next 1 cycles after APU_WRITE_TO_MEM
 in layer conv32, line: 46
[2026-02-17 19:46:45.477] [default] [info] Microcode violation: DUAL_BUFFER_FLIP_OUT in the next 1 cycles after APU_WRITE_TO_MEM
 in layer conv_feature_splitter5_2, line: 59
[2026-02-17 19:46:45.688] [default] [info] Microcode violation: DUAL_BUFFER_FLIP_OUT in the next 1 cycles after APU_WRITE_TO_MEM
 in layer dw1_defuse_width_feature_reshape, line: 10
[2026-02-17 19:46:45.689] [default] [info] Microcode violation: DUAL_BUFFER_FLIP_OUT in the next 1 cycles after APU_WRITE_TO_MEM
 in layer dw1_defuse_width_feature_reshape, line: 39
[2026-02-17 19:46:45.852] [default] [info] Microcode violation: DUAL_BUFFER_FLIP_OUT in the next 1 cycles after APU_WRITE_TO_MEM
 in layer conv39, line: 53
[2026-02-17 19:46:45.862] [default] [info] Microcode violation: DUAL_BUFFER_FLIP_OUT in the next 1 cycles after APU_WRITE_TO_MEM
 in layer resize1, line: 15
[2026-02-17 19:46:45.878] [default] [info] Microcode violation: DUAL_BUFFER_FLIP_OUT in the next 1 cycles after APU_WRITE_TO_MEM
 in layer conv_feature_splitter7_1, line: 37
[2026-02-17 19:46:45.895] [default] [info] Microcode violation: DUAL_BUFFER_FLIP_OUT in the next 1 cycles after APU_WRITE_TO_MEM
 in layer conv_feature_splitter7_2, line: 37
[2026-02-17 19:46:46.198] [default] [info] Microcode violation: DUAL_BUFFER_FLIP_OUT in the next 1 cycles after APU_WRITE_TO_MEM
 in layer conv43, line: 37
[2026-02-17 19:46:46.253] [default] [info] Microcode violation: DUAL_BUFFER_FLIP_OUT in the next 1 cycles after APU_WRITE_TO_MEM
 in layer resize2, line: 16
[2026-02-17 19:46:46.263] [default] [info] Microcode violation: DUAL_BUFFER_FLIP_OUT in the next 1 cycles after APU_WRITE_TO_MEM
 in layer conv_feature_splitter8_1, line: 32
[2026-02-17 19:46:46.271] [default] [info] Microcode violation: DUAL_BUFFER_FLIP_OUT in the next 1 cycles after APU_WRITE_TO_MEM
 in layer conv_feature_splitter8_2, line: 32
[2026-02-17 19:46:46.491] [default] [info] Microcode violation: DUAL_BUFFER_FLIP_OUT in the next 1 cycles after APU_WRITE_TO_MEM
 in layer conv47, line: 59
[2026-02-17 19:46:47.089] [default] [info] Microcode violation: DUAL_BUFFER_FLIP_OUT in the next 1 cycles after APU_WRITE_TO_MEM
 in layer conv54, line: 30
[2026-02-17 19:46:47.361] [default] [info] Microcode violation: DUAL_BUFFER_FLIP_OUT in the next 1 cycles after APU_WRITE_TO_MEM
 in layer conv58, line: 37
[2026-02-17 19:46:47.771] [default] [info] Microcode violation: DUAL_BUFFER_FLIP_OUT in the next 1 cycles after APU_WRITE_TO_MEM
 in layer conv65, line: 30
[2026-02-17 19:46:47.869] [default] [info] Microcode violation: DUAL_BUFFER_FLIP_OUT in the next 1 cycles after APU_WRITE_TO_MEM
 in layer conv62, line: 33
[2026-02-17 19:46:47.899] [default] [info] Microcode violation: DUAL_BUFFER_FLIP_OUT in the next 1 cycles after APU_WRITE_TO_MEM
 in layer conv67, line: 33
[2026-02-17 19:46:48.300] [default] [info] Microcode violation: DUAL_BUFFER_FLIP_OUT in the next 1 cycles after APU_WRITE_TO_MEM
 in layer conv68, line: 33
[2026-02-17 19:46:48.350] [default] [info] Microcode violation: DUAL_BUFFER_FLIP_OUT in the next 1 cycles after APU_WRITE_TO_MEM
 in layer conv74, line: 37
[2026-02-17 19:46:48.696] [default] [info] Microcode violation: DUAL_BUFFER_FLIP_OUT in the next 1 cycles after APU_WRITE_TO_MEM
 in layer conv77, line: 33
[2026-02-17 19:46:48.866] [default] [info] Microcode violation: DUAL_BUFFER_FLIP_OUT in the next 1 cycles after APU_WRITE_TO_MEM
 in layer conv78, line: 33
[2026-02-17 19:46:49.049] [default] [info] Microcode violation: DUAL_BUFFER_FLIP_OUT in the next 1 cycles after APU_WRITE_TO_MEM
 in layer conv80, line: 30
[2026-02-17 19:46:49.679] [default] [info] [1;36mValidating layers feasibility[0m
[2026-02-17 19:46:51.331] [default] [info] [1;32mLayers feasibility validated successfully[0m
[2026-02-17 19:46:51.331] [default] [info] Running resources allocation (mapping) flow, time per context: 59m 59s
[2026-02-17 19:46:51.420] [default] [info] Resolve-prepost Buffers yolo11n_context_0 buffers:
+----------------------------------------+-----------------------------------------------------------------------+----------------------------+
| Src                                    | Dst                                                                   | Buffers                    |
+----------------------------------------+-----------------------------------------------------------------------+----------------------------+
| input_layer1                           | input_to_cluster_unknown_375_i0                                       | 2 (L3 memory cuts: 1)      |
| input_to_cluster_unknown_375_i0        | conv1_ws                                                              | 2 (L3 memory cuts: 1)      |
| conv1_ws                               | conv1_sd0                                                             | 3[RPC] (L3 memory cuts: 3) |
| conv1_ws                               | conv1_sd1                                                             | 3[RPC] (L3 memory cuts: 3) |
| conv1_ws                               | conv1_sd2                                                             | 3[RPC] (L3 memory cuts: 3) |
| conv1_ws                               | conv1_sd3                                                             | 3[RPC] (L3 memory cuts: 3) |
| conv1_sd0                              | conv1_sdc                                                             | 2[RPC] (L3 memory cuts: 2) |
| conv1_sd1                              | conv1_sdc                                                             | 2[RPC] (L3 memory cuts: 2) |
| conv1_sd2                              | conv1_sdc                                                             | 2[RPC] (L3 memory cuts: 2) |
| conv1_sd3                              | conv1_sdc                                                             | 2[RPC] (L3 memory cuts: 2) |
| conv1_sdc                              | conv2_ws                                                              | 2[RPC] (L3 memory cuts: 2) |
| conv2_ws                               | conv2_sd0                                                             | 3[RPC] (L3 memory cuts: 3) |
| conv2_ws                               | conv2_sd1                                                             | 2[RPC] (L3 memory cuts: 2) |
| conv2_ws                               | conv2_sd2                                                             | 2[RPC] (L3 memory cuts: 2) |
| conv2_ws                               | conv2_sd3                                                             | 2[RPC] (L3 memory cuts: 2) |
| conv2_sd0                              | conv2_sdc                                                             | 1[RPC] (L3 memory cuts: 1) |
| conv2_sd1                              | conv2_sdc                                                             | 2 (L3 memory cuts: 1)      |
| conv2_sd2                              | conv2_sdc                                                             | 2 (L3 memory cuts: 1)      |
| conv2_sd3                              | conv2_sdc                                                             | 2 (L3 memory cuts: 1)      |
| conv2_sdc                              | conv_feature_splitter1_1                                              | 2[RPC] (L3 memory cuts: 2) |
| conv2_sdc                              | conv_feature_splitter1_2                                              | 2[RPC] (L3 memory cuts: 2) |
| conv_feature_splitter1_1               | concat1                                                               | 7[RPC] (L3 memory cuts: 7) |
| conv_feature_splitter1_2               | conv4_ws                                                              | 2[RPC] (L3 memory cuts: 2) |
| conv_feature_splitter1_2               | ew_add1                                                               | 7[RPC] (L3 memory cuts: 7) |
| conv_feature_splitter1_2               | concat1                                                               | 7[RPC] (L3 memory cuts: 7) |
| conv4_ws                               | conv4_sd0                                                             | 3 (L3 memory cuts: 1)      |
| conv4_ws                               | conv4_sd1                                                             | 3 (L3 memory cuts: 1)      |
| conv4_sd0                              | conv4_sdc                                                             | 2 (L3 memory cuts: 1)      |
| conv4_sd1                              | conv4_sdc                                                             | 2 (L3 memory cuts: 1)      |
| conv4_sdc                              | conv5                                                                 | 1 (L3 memory cuts: 1)      |
| conv5                                  | ew_add1                                                               | 2 (L3 memory cuts: 1)      |
| ew_add1                                | concat1                                                               | 2 (L3 memory cuts: 1)      |
| concat1                                | conv6                                                                 | 3[RPC] (L3 memory cuts: 3) |
| conv6                                  | conv7_ws                                                              | 2[RPC] (L3 memory cuts: 2) |
| conv7_ws                               | ws_from_conv7_ws_to_conv7_sd0-3_390                                   | 2[RPC] (L3 memory cuts: 2) |
| conv7_ws                               | conv7_sd4                                                             | 2[RPC] (L3 memory cuts: 2) |
| conv7_sd4                              | conv7_sdc                                                             | 2 (L3 memory cuts: 1)      |
| ws_from_conv7_ws_to_conv7_sd0-3_390    | conv7_sd0                                                             | 2[RPC] (L3 memory cuts: 2) |
| ws_from_conv7_ws_to_conv7_sd0-3_390    | conv7_sd1                                                             | 2[RPC] (L3 memory cuts: 2) |
| ws_from_conv7_ws_to_conv7_sd0-3_390    | conv7_sd2                                                             | 2[RPC] (L3 memory cuts: 2) |
| ws_from_conv7_ws_to_conv7_sd0-3_390    | conv7_sd3                                                             | 2[RPC] (L3 memory cuts: 2) |
| conv7_sd0                              | concat_w_from_conv7_sd0-3_to_conv7_sdc                                | 1 (L3 memory cuts: 1)      |
| conv7_sd1                              | concat_w_from_conv7_sd0-3_to_conv7_sdc                                | 1 (L3 memory cuts: 1)      |
| conv7_sd2                              | concat_w_from_conv7_sd0-3_to_conv7_sdc                                | 1 (L3 memory cuts: 1)      |
| conv7_sd3                              | concat_w_from_conv7_sd0-3_to_conv7_sdc                                | 1 (L3 memory cuts: 1)      |
| concat_w_from_conv7_sd0-3_to_conv7_sdc | conv7_sdc                                                             | 1 (L3 memory cuts: 1)      |
| conv7_sdc                              | conv_feature_splitter2_1                                              | 2 (L3 memory cuts: 1)      |
| conv7_sdc                              | conv_feature_splitter2_2                                              | 2 (L3 memory cuts: 1)      |
| conv_feature_splitter2_1               | concat2                                                               | 7 (L3 memory cuts: 1)      |
| conv_feature_splitter2_2               | conv9                                                                 | 7 (L3 memory cuts: 1)      |
| conv_feature_splitter2_2               | ew_add2                                                               | 7 (L3 memory cuts: 1)      |
| conv_feature_splitter2_2               | concat2                                                               | 7 (L3 memory cuts: 1)      |
| conv9                                  | conv10                                                                | 11[S] (L3 memory cuts: 1)  |
| conv10                                 | ew_add2                                                               | 2[RPC] (L3 memory cuts: 2) |
| ew_add2                                | concat2                                                               | 3 (L3 memory cuts: 1)      |
| concat2                                | conv11                                                                | 3[S] (L3 memory cuts: 1)   |
| conv11                                 | output_from_cluster_unknown_376_i0                                    | 2[RPC] (L3 memory cuts: 2) |
| output_from_cluster_unknown_376_i0     | yolo11n_yolo11n_context_0_to_yolo11n_context_1_yolo11n_context_3_2528 | 2 (L3 memory cuts: 1)      |
+----------------------------------------+-----------------------------------------------------------------------+----------------------------+
[2026-02-17 19:46:51.524] [default] [info] Resolve-prepost Buffers yolo11n_context_1 buffers:
+-----------------------------------------------------+-----------------------------------------------------+----------------------------+
| Src                                                 | Dst                                                 | Buffers                    |
+-----------------------------------------------------+-----------------------------------------------------+----------------------------+
| yolo11n_yolo11n_context_0_to_yolo11n_context_1_2529 | input_to_cluster_unknown_377_i0                     | 2 (L3 memory cuts: 1)      |
| input_to_cluster_unknown_377_i0                     | conv12_ws                                           | 2 (L3 memory cuts: 1)      |
| conv12_ws                                           | conv12_sd0                                          | 3 (L3 memory cuts: 1)      |
| conv12_ws                                           | conv12_sd1                                          | 3 (L3 memory cuts: 1)      |
| conv12_ws                                           | conv12_sd2                                          | 2 (L3 memory cuts: 1)      |
| conv12_sd0                                          | conv12_sdc                                          | 1[RPC] (L3 memory cuts: 1) |
| conv12_sd1                                          | conv12_sdc                                          | 1 (L3 memory cuts: 1)      |
| conv12_sd2                                          | conv12_sdc                                          | 2 (L3 memory cuts: 1)      |
| conv12_sdc                                          | conv_feature_splitter3_1                            | 2[RPC] (L3 memory cuts: 2) |
| conv12_sdc                                          | conv_feature_splitter3_2                            | 2[RPC] (L3 memory cuts: 2) |
| conv_feature_splitter3_1                            | concat4                                             | 39[S] (L3 memory cuts: 1)  |
| conv_feature_splitter3_2                            | conv14                                              | 39[S] (L3 memory cuts: 1)  |
| conv_feature_splitter3_2                            | conv15                                              | 39[S] (L3 memory cuts: 1)  |
| conv_feature_splitter3_2                            | concat4                                             | 39[S] (L3 memory cuts: 1)  |
| conv14                                              | conv16                                              | 5 (L3 memory cuts: 1)      |
| conv14                                              | ew_add3                                             | 5 (L3 memory cuts: 1)      |
| conv16                                              | conv17                                              | 10[S] (L3 memory cuts: 1)  |
| conv17                                              | ew_add3                                             | 1 (L3 memory cuts: 1)      |
| ew_add3                                             | conv18                                              | 4 (L3 memory cuts: 1)      |
| ew_add3                                             | ew_add4                                             | 4 (L3 memory cuts: 1)      |
| conv18                                              | conv19                                              | 9[S] (L3 memory cuts: 1)   |
| conv19                                              | ew_add4                                             | 1 (L3 memory cuts: 1)      |
| ew_add4                                             | concat3                                             | 3 (L3 memory cuts: 1)      |
| conv15                                              | concat3                                             | 9 (L3 memory cuts: 1)      |
| concat3                                             | conv20                                              | 2[S] (L3 memory cuts: 1)   |
| conv20                                              | concat4                                             | 1[S] (L3 memory cuts: 1)   |
| concat4                                             | conv21                                              | 2[S] (L3 memory cuts: 1)   |
| conv21                                              | conv22_d0                                           | 3[RPC] (L3 memory cuts: 3) |
| conv21                                              | conv22_d1                                           | 3[RPC] (L3 memory cuts: 3) |
| conv21                                              | output_from_cluster_unknown_378_i0                  | 3[RPC] (L3 memory cuts: 3) |
| conv22_d0                                           | conv22_dc                                           | 2[RPC] (L3 memory cuts: 2) |
| conv22_d1                                           | conv22_dc                                           | 2[RPC] (L3 memory cuts: 2) |
| conv22_dc                                           | conv_feature_splitter4_1                            | 4[S] (L3 memory cuts: 1)   |
| conv22_dc                                           | conv_feature_splitter4_2                            | 4[S] (L3 memory cuts: 1)   |
| conv_feature_splitter4_1                            | concat6                                             | 26[S] (L3 memory cuts: 1)  |
| conv_feature_splitter4_2                            | conv24                                              | 26[S] (L3 memory cuts: 1)  |
| conv_feature_splitter4_2                            | conv25                                              | 26[S] (L3 memory cuts: 1)  |
| conv_feature_splitter4_2                            | concat6                                             | 26[S] (L3 memory cuts: 1)  |
| conv24                                              | conv26                                              | 4 (L3 memory cuts: 1)      |
| conv24                                              | ew_add5                                             | 4 (L3 memory cuts: 1)      |
| conv26                                              | conv27                                              | 5[S] (L3 memory cuts: 1)   |
| conv27                                              | ew_add5                                             | 1 (L3 memory cuts: 1)      |
| ew_add5                                             | conv28                                              | 4 (L3 memory cuts: 1)      |
| ew_add5                                             | ew_add6                                             | 4 (L3 memory cuts: 1)      |
| conv28                                              | conv29                                              | 5[S] (L3 memory cuts: 1)   |
| conv29                                              | ew_add6                                             | 1 (L3 memory cuts: 1)      |
| ew_add6                                             | concat5                                             | 3 (L3 memory cuts: 1)      |
| conv25                                              | concat5                                             | 8 (L3 memory cuts: 1)      |
| concat5                                             | conv30                                              | 2[S] (L3 memory cuts: 1)   |
| conv30                                              | concat6                                             | 1[S] (L3 memory cuts: 1)   |
| concat6                                             | conv31                                              | 1[S] (L3 memory cuts: 1)   |
| conv31                                              | conv32                                              | 2[S] (L3 memory cuts: 1)   |
| conv32                                              | output_from_cluster_unknown_379_i0                  | 1[RPC] (L3 memory cuts: 1) |
| output_from_cluster_unknown_379_i0                  | yolo11n_yolo11n_context_1_to_yolo11n_context_2_2533 | 1 (L3 memory cuts: 1)      |
| output_from_cluster_unknown_378_i0                  | yolo11n_yolo11n_context_1_to_yolo11n_context_2_2531 | 3 (L3 memory cuts: 1)      |
+-----------------------------------------------------+-----------------------------------------------------+----------------------------+
[2026-02-17 19:46:51.648] [default] [info] Resolve-prepost Buffers yolo11n_context_2 buffers:
+-----------------------------------------------------+-----------------------------------------------------+----------------------------+
| Src                                                 | Dst                                                 | Buffers                    |
+-----------------------------------------------------+-----------------------------------------------------+----------------------------+
| yolo11n_yolo11n_context_1_to_yolo11n_context_2_2532 | input_to_cluster_unknown_380_i0                     | 2 (L3 memory cuts: 1)      |
| input_to_cluster_unknown_380_i0                     | concat9                                             | 2 (L3 memory cuts: 1)      |
| yolo11n_yolo11n_context_1_to_yolo11n_context_2_2534 | input_to_cluster_unknown_381_i0                     | 2 (L3 memory cuts: 1)      |
| input_to_cluster_unknown_381_i0                     | concat7                                             | 2 (L3 memory cuts: 1)      |
| yolo11n_yolo11n_context_1_to_yolo11n_context_2_2535 | input_to_cluster_unknown_382_i0                     | 8 (L3 memory cuts: 1)      |
| input_to_cluster_unknown_382_i0                     | maxpool1                                            | 8 (L3 memory cuts: 1)      |
| maxpool1                                            | maxpool2                                            | 9[RPC] (L3 memory cuts: 9) |
| maxpool1                                            | concat7                                             | 9[RPC] (L3 memory cuts: 9) |
| maxpool2                                            | maxpool3                                            | 9[RPC] (L3 memory cuts: 9) |
| maxpool2                                            | concat7                                             | 9[RPC] (L3 memory cuts: 9) |
| maxpool3                                            | concat7                                             | 3[RPC] (L3 memory cuts: 3) |
| concat7                                             | conv33                                              | 4[S] (L3 memory cuts: 1)   |
| conv33                                              | conv_feature_splitter5_1                            | 2[S] (L3 memory cuts: 1)   |
| conv33                                              | conv_feature_splitter5_2                            | 2[S] (L3 memory cuts: 1)   |
| conv_feature_splitter5_1                            | concat8                                             | 76[S] (L3 memory cuts: 3)  |
| conv_feature_splitter5_2                            | conv_feature_splitter6_1                            | 2 (L3 memory cuts: 1)      |
| conv_feature_splitter5_2                            | conv_feature_splitter6_2                            | 2 (L3 memory cuts: 1)      |
| conv_feature_splitter5_2                            | conv_feature_splitter6_3                            | 2 (L3 memory cuts: 1)      |
| conv_feature_splitter5_2                            | conv36                                              | 26 (L3 memory cuts: 3)     |
| conv_feature_splitter6_1                            | matmul1                                             | 21 (L3 memory cuts: 1)     |
| conv_feature_splitter6_2                            | matmul1                                             | 40 (L3 memory cuts: 3)     |
| matmul1                                             | reduce_max_softmax1                                 | 2[RPC] (L3 memory cuts: 2) |
| matmul1                                             | ew_sub_softmax1                                     | 2[RPC] (L3 memory cuts: 2) |
| reduce_max_softmax1                                 | ew_sub_softmax1                                     | 1 (L3 memory cuts: 1)      |
| ew_sub_softmax1                                     | ne_activation_ew_sub_softmax1_sd0                   | 3 (L3 memory cuts: 4)      |
| ew_sub_softmax1                                     | ne_activation_ew_sub_softmax1_sd1                   | 3 (L3 memory cuts: 4)      |
| ew_sub_softmax1                                     | ne_activation_ew_sub_softmax1_sd2                   | 3 (L3 memory cuts: 4)      |
| ne_activation_ew_sub_softmax1_sd0                   | ne_activation_ew_sub_softmax1_sdc                   | 2 (L3 memory cuts: 1)      |
| ne_activation_ew_sub_softmax1_sd1                   | ne_activation_ew_sub_softmax1_sdc                   | 2 (L3 memory cuts: 1)      |
| ne_activation_ew_sub_softmax1_sd2                   | ne_activation_ew_sub_softmax1_sdc                   | 2 (L3 memory cuts: 1)      |
| ne_activation_ew_sub_softmax1_sdc                   | reduce_sum_softmax1                                 | 1[RPC] (L3 memory cuts: 1) |
| ne_activation_ew_sub_softmax1_sdc                   | ew_mult_softmax1                                    | 2[RPC] (L3 memory cuts: 2) |
| reduce_sum_softmax1                                 | ew_mult_softmax1                                    | 2 (L3 memory cuts: 1)      |
| ew_mult_softmax1                                    | matmul2                                             | 2 (L3 memory cuts: 2)      |
| conv_feature_splitter6_3                            | activation1                                         | 2 (L3 memory cuts: 1)      |
| conv_feature_splitter6_3                            | dw1_defuse_width_feature_reshape                    | 2 (L3 memory cuts: 1)      |
| activation1                                         | matmul2_reshape                                     | 1 (L3 memory cuts: 1)      |
| matmul2_reshape                                     | matmul2                                             | 60 (L3 memory cuts: 6)     |
| matmul2                                             | dw1_defuse_1x1                                      | 2 (L3 memory cuts: 1)      |
| dw1_defuse_width_feature_reshape                    | dw1_defuse_reshape_hxf_to_w_transposed              | 5 (L3 memory cuts: 1)      |
| dw1_defuse_reshape_hxf_to_w_transposed              | dw1_defuse_1x1                                      | 24 (L3 memory cuts: 21)    |
| dw1_defuse_1x1                                      | conv36                                              | 3 (L3 memory cuts: 1)      |
| conv36                                              | conv37                                              | 3[S] (L3 memory cuts: 1)   |
| conv36                                              | conv38                                              | 3[S] (L3 memory cuts: 1)   |
| conv37                                              | conv38                                              | 2[S] (L3 memory cuts: 1)   |
| conv38                                              | concat8                                             | 1[S] (L3 memory cuts: 1)   |
| concat8                                             | conv39                                              | 2[S] (L3 memory cuts: 1)   |
| conv39                                              | resize1                                             | 2 (L3 memory cuts: 1)      |
| conv39                                              | output_from_cluster_unknown_383_i0                  | 2 (L3 memory cuts: 1)      |
| resize1                                             | concat9                                             | 3 (L3 memory cuts: 1)      |
| concat9                                             | conv_feature_splitter7_1                            | 2[S] (L3 memory cuts: 1)   |
| concat9                                             | conv_feature_splitter7_2                            | 2[S] (L3 memory cuts: 1)   |
| conv_feature_splitter7_1                            | concat10                                            | 8 (L3 memory cuts: 1)      |
| conv_feature_splitter7_2                            | conv41                                              | 8 (L3 memory cuts: 1)      |
| conv_feature_splitter7_2                            | ew_add10                                            | 8 (L3 memory cuts: 1)      |
| conv_feature_splitter7_2                            | concat10                                            | 8 (L3 memory cuts: 1)      |
| conv41                                              | conv42                                              | 2[RPC] (L3 memory cuts: 2) |
| conv42                                              | ew_add10                                            | 2 (L3 memory cuts: 1)      |
| ew_add10                                            | concat10                                            | 4 (L3 memory cuts: 1)      |
| concat10                                            | conv43                                              | 2[S] (L3 memory cuts: 1)   |
| conv43                                              | output_from_cluster_unknown_384_i0                  | 1 (L3 memory cuts: 1)      |
| output_from_cluster_unknown_384_i0                  | yolo11n_yolo11n_context_2_to_yolo11n_context_3_2538 | 1 (L3 memory cuts: 1)      |
| output_from_cluster_unknown_383_i0                  | yolo11n_yolo11n_context_2_to_yolo11n_context_4_2536 | 2 (L3 memory cuts: 1)      |
+-----------------------------------------------------+-----------------------------------------------------+----------------------------+
[2026-02-17 19:46:51.783] [default] [info] Resolve-prepost Buffers yolo11n_context_3 buffers:
+-----------------------------------------------------+-----------------------------------------------------+-------------------------------+
| Src                                                 | Dst                                                 | Buffers                       |
+-----------------------------------------------------+-----------------------------------------------------+-------------------------------+
| yolo11n_yolo11n_context_0_to_yolo11n_context_3_2530 | input_to_cluster_unknown_385_i0                     | 2 (L3 memory cuts: 1)         |
| input_to_cluster_unknown_385_i0                     | concat11                                            | 2 (L3 memory cuts: 1)         |
| yolo11n_yolo11n_context_2_to_yolo11n_context_3_2539 | input_to_cluster_unknown_386_i0                     | 2 (L3 memory cuts: 1)         |
| input_to_cluster_unknown_386_i0                     | resize2                                             | 2 (L3 memory cuts: 1)         |
| resize2                                             | concat11                                            | 3[RPC] (L3 memory cuts: 3)    |
| concat11                                            | conv_feature_splitter8_1                            | 2[S][RPC] (L3 memory cuts: 2) |
| concat11                                            | conv_feature_splitter8_2                            | 2[S][RPC] (L3 memory cuts: 2) |
| conv_feature_splitter8_1                            | concat12                                            | 8 (L3 memory cuts: 1)         |
| conv_feature_splitter8_2                            | conv45                                              | 8 (L3 memory cuts: 1)         |
| conv_feature_splitter8_2                            | ew_add11                                            | 8 (L3 memory cuts: 1)         |
| conv_feature_splitter8_2                            | concat12                                            | 8 (L3 memory cuts: 1)         |
| conv45                                              | conv46                                              | 12[S] (L3 memory cuts: 1)     |
| conv46                                              | ew_add11                                            | 2[RPC] (L3 memory cuts: 2)    |
| ew_add11                                            | concat12                                            | 3 (L3 memory cuts: 1)         |
| concat12                                            | conv47                                              | 3[S] (L3 memory cuts: 1)      |
| conv47                                              | conv48                                              | 2[RPC] (L3 memory cuts: 2)    |
| conv47                                              | conv49_ws                                           | 2[RPC] (L3 memory cuts: 2)    |
| conv47                                              | dw2_sd0                                             | 3[RPC] (L3 memory cuts: 3)    |
| conv47                                              | dw2_sd1                                             | 3[RPC] (L3 memory cuts: 3)    |
| conv48                                              | concat13                                            | 2 (L3 memory cuts: 1)         |
| conv49_ws                                           | conv49_sd0                                          | 2 (L3 memory cuts: 1)         |
| conv49_ws                                           | conv49_sd1                                          | 2 (L3 memory cuts: 1)         |
| conv49_sd0                                          | conv49_sdc                                          | 2 (L3 memory cuts: 1)         |
| conv49_sd1                                          | conv49_sdc                                          | 2 (L3 memory cuts: 1)         |
| conv49_sdc                                          | conv50_ws                                           | 1 (L3 memory cuts: 1)         |
| conv50_ws                                           | conv50_sd0                                          | 2 (L3 memory cuts: 1)         |
| conv50_ws                                           | conv50_sd1                                          | 2 (L3 memory cuts: 1)         |
| conv50_sd0                                          | conv50_sdc                                          | 2 (L3 memory cuts: 1)         |
| conv50_sd1                                          | conv50_sdc                                          | 2 (L3 memory cuts: 1)         |
| conv50_sdc                                          | conv51                                              | 2 (L3 memory cuts: 1)         |
| conv51                                              | output_from_cluster_unknown_391_i0                  | 2[RPC] (L3 memory cuts: 2)    |
| output_from_cluster_unknown_391_i0                  | input_to_prepost_392_i0                             | 2[RPC] (L3 memory cuts: 2)    |
| input_to_prepost_392_i0                             | auto_reshape_from_conv51_to_output_layer1           | 2[RPC] (L4 memory cuts: 2)    |
| auto_reshape_from_conv51_to_output_layer1           | output_from_prepost_395_i0                          | 2 (L4 memory cuts: 1)         |
| output_from_prepost_395_i0                          | output_layer1                                       | 2 (L4 memory cuts: 1)         |
| dw2_sd0                                             | dw2_sdc                                             | 2[RPC] (L3 memory cuts: 2)    |
| dw2_sd1                                             | dw2_sdc                                             | 2[RPC] (L3 memory cuts: 2)    |
| dw2_sdc                                             | conv52                                              | 2 (L3 memory cuts: 1)         |
| conv52                                              | dw3_sd0                                             | 2 (L3 memory cuts: 1)         |
| conv52                                              | dw3_sd1                                             | 2 (L3 memory cuts: 1)         |
| dw3_sd0                                             | dw3_sdc                                             | 2[RPC] (L3 memory cuts: 2)    |
| dw3_sd1                                             | dw3_sdc                                             | 2[RPC] (L3 memory cuts: 2)    |
| dw3_sdc                                             | conv53                                              | 3 (L3 memory cuts: 1)         |
| conv53                                              | conv54                                              | 1[S][RPC] (L3 memory cuts: 1) |
| conv54                                              | output_from_cluster_unknown_393_i0                  | 1 (L3 memory cuts: 1)         |
| output_from_cluster_unknown_393_i0                  | input_to_prepost_394_i0                             | 2 (L3 memory cuts: 1)         |
| input_to_prepost_394_i0                             | auto_reshape_from_conv54_to_output_layer2           | 2 (L4 memory cuts: 1)         |
| auto_reshape_from_conv54_to_output_layer2           | output_from_prepost_396_i0                          | 1 (L4 memory cuts: 1)         |
| output_from_prepost_396_i0                          | output_layer2                                       | 1 (L4 memory cuts: 1)         |
| yolo11n_yolo11n_context_2_to_yolo11n_context_3_2540 | input_to_cluster_unknown_387_i0                     | 3 (L3 memory cuts: 1)         |
| input_to_cluster_unknown_387_i0                     | concat13                                            | 3 (L3 memory cuts: 1)         |
| concat13                                            | conv_feature_splitter9_1                            | 4[S] (L3 memory cuts: 1)      |
| concat13                                            | conv_feature_splitter9_2                            | 4[S] (L3 memory cuts: 1)      |
| conv_feature_splitter9_1                            | concat14                                            | 6 (L3 memory cuts: 1)         |
| conv_feature_splitter9_2                            | conv56                                              | 6 (L3 memory cuts: 1)         |
| conv_feature_splitter9_2                            | ew_add12                                            | 6 (L3 memory cuts: 1)         |
| conv_feature_splitter9_2                            | concat14                                            | 6 (L3 memory cuts: 1)         |
| conv56                                              | conv57                                              | 6[S] (L3 memory cuts: 1)      |
| conv57                                              | ew_add12                                            | 2 (L3 memory cuts: 1)         |
| ew_add12                                            | concat14                                            | 2 (L3 memory cuts: 1)         |
| concat14                                            | conv58                                              | 2[S] (L3 memory cuts: 1)      |
| conv58                                              | conv59                                              | 3 (L3 memory cuts: 1)         |
| conv58                                              | conv60                                              | 3 (L3 memory cuts: 1)         |
| conv58                                              | dw4                                                 | 3 (L3 memory cuts: 1)         |
| conv59                                              | output_from_cluster_unknown_388_i0                  | 1 (L3 memory cuts: 1)         |
| output_from_cluster_unknown_388_i0                  | yolo11n_yolo11n_context_3_to_yolo11n_context_4_2541 | 1 (L3 memory cuts: 1)         |
| conv60                                              | output_from_cluster_unknown_389_i0                  | 1 (L3 memory cuts: 1)         |
| output_from_cluster_unknown_389_i0                  | yolo11n_yolo11n_context_3_to_yolo11n_context_4_2543 | 1 (L3 memory cuts: 1)         |
| dw4                                                 | output_from_cluster_unknown_390_i0                  | 2[RPC] (L3 memory cuts: 2)    |
| output_from_cluster_unknown_390_i0                  | yolo11n_yolo11n_context_3_to_yolo11n_context_4_2546 | 2 (L3 memory cuts: 1)         |
+-----------------------------------------------------+-----------------------------------------------------+-------------------------------+
[2026-02-17 19:46:51.905] [default] [info] Resolve-prepost Buffers yolo11n_context_4 buffers:
+-----------------------------------------------------+-------------------------------------------+-------------------------------+
| Src                                                 | Dst                                       | Buffers                       |
+-----------------------------------------------------+-------------------------------------------+-------------------------------+
| yolo11n_yolo11n_context_2_to_yolo11n_context_4_2537 | input_to_cluster_unknown_397_i0           | 2 (L3 memory cuts: 1)         |
| input_to_cluster_unknown_397_i0                     | concat15                                  | 2 (L3 memory cuts: 1)         |
| yolo11n_yolo11n_context_3_to_yolo11n_context_4_2542 | input_to_cluster_unknown_398_i0           | 2 (L3 memory cuts: 1)         |
| input_to_cluster_unknown_398_i0                     | concat15                                  | 2 (L3 memory cuts: 1)         |
| concat15                                            | conv_feature_splitter10_1                 | 2[S] (L3 memory cuts: 1)      |
| concat15                                            | conv_feature_splitter10_2                 | 2[S] (L3 memory cuts: 1)      |
| conv_feature_splitter10_1                           | concat17                                  | 32[S] (L3 memory cuts: 1)     |
| conv_feature_splitter10_2                           | conv67                                    | 32[S] (L3 memory cuts: 1)     |
| conv_feature_splitter10_2                           | conv68                                    | 32[S] (L3 memory cuts: 1)     |
| conv_feature_splitter10_2                           | concat17                                  | 32[S] (L3 memory cuts: 1)     |
| conv67                                              | conv69                                    | 7 (L3 memory cuts: 1)         |
| conv67                                              | ew_add13                                  | 7 (L3 memory cuts: 1)         |
| conv69                                              | conv70                                    | 5[S] (L3 memory cuts: 1)      |
| conv70                                              | ew_add13                                  | 1 (L3 memory cuts: 1)         |
| ew_add13                                            | conv71                                    | 2[RPC] (L3 memory cuts: 2)    |
| ew_add13                                            | ew_add14                                  | 4[RPC] (L3 memory cuts: 4)    |
| conv71                                              | conv72                                    | 5[S] (L3 memory cuts: 1)      |
| conv72                                              | ew_add14                                  | 1 (L3 memory cuts: 1)         |
| ew_add14                                            | concat16                                  | 2[RPC] (L3 memory cuts: 2)    |
| conv68                                              | concat16                                  | 11 (L3 memory cuts: 1)        |
| concat16                                            | conv73                                    | 2[S] (L3 memory cuts: 1)      |
| conv73                                              | concat17                                  | 1[S][RPC] (L3 memory cuts: 1) |
| concat17                                            | conv74                                    | 2[S][RPC] (L3 memory cuts: 2) |
| conv74                                              | conv75_ws                                 | 1[RPC] (L3 memory cuts: 1)    |
| conv74                                              | dw6_fs                                    | 1[RPC] (L3 memory cuts: 1)    |
| conv75_ws                                           | conv75_sd0                                | 1[RPC] (L3 memory cuts: 1)    |
| conv75_ws                                           | conv75_sd1                                | 2[RPC] (L3 memory cuts: 2)    |
| conv75_sd0                                          | conv75_sdc                                | 2 (L3 memory cuts: 1)         |
| conv75_sd1                                          | conv75_sdc                                | 1[RPC] (L3 memory cuts: 1)    |
| conv75_sdc                                          | conv76                                    | 2[RPC] (L3 memory cuts: 2)    |
| conv76                                              | conv77                                    | 1[S] (L3 memory cuts: 1)      |
| conv77                                              | output_from_cluster_unknown_401_i0        | 1 (L3 memory cuts: 1)         |
| output_from_cluster_unknown_401_i0                  | input_to_prepost_402_i0                   | 2 (L3 memory cuts: 1)         |
| input_to_prepost_402_i0                             | auto_reshape_from_conv77_to_output_layer5 | 2 (L4 memory cuts: 1)         |
| auto_reshape_from_conv77_to_output_layer5           | output_from_prepost_410_i0                | 2 (L4 memory cuts: 1)         |
| output_from_prepost_410_i0                          | output_layer5                             | 2 (L4 memory cuts: 1)         |
| dw6_fs                                              | dw6_d0                                    | 1 (L3 memory cuts: 1)         |
| dw6_fs                                              | dw6_d1                                    | 1 (L3 memory cuts: 1)         |
| dw6_d0                                              | dw6_dc                                    | 2[RPC] (L3 memory cuts: 2)    |
| dw6_d1                                              | dw6_dc                                    | 2[RPC] (L3 memory cuts: 2)    |
| dw6_dc                                              | conv78                                    | 2[S] (L3 memory cuts: 1)      |
| conv78                                              | dw7                                       | 4 (L3 memory cuts: 1)         |
| dw7                                                 | conv79                                    | 3 (L3 memory cuts: 1)         |
| conv79                                              | conv80                                    | 1[S] (L3 memory cuts: 1)      |
| conv80                                              | output_from_cluster_unknown_403_i0        | 1 (L3 memory cuts: 1)         |
| output_from_cluster_unknown_403_i0                  | input_to_prepost_404_i0                   | 2 (L3 memory cuts: 1)         |
| input_to_prepost_404_i0                             | auto_reshape_from_conv80_to_output_layer6 | 2 (L4 memory cuts: 1)         |
| auto_reshape_from_conv80_to_output_layer6           | output_from_prepost_412_i0                | 2 (L4 memory cuts: 1)         |
| output_from_prepost_412_i0                          | output_layer6                             | 2 (L4 memory cuts: 1)         |
| yolo11n_yolo11n_context_3_to_yolo11n_context_4_2544 | input_to_cluster_unknown_399_i0           | 4 (L3 memory cuts: 1)         |
| input_to_cluster_unknown_399_i0                     | conv61_d0                                 | 4 (L3 memory cuts: 1)         |
| input_to_cluster_unknown_399_i0                     | conv61_d1                                 | 4 (L3 memory cuts: 1)         |
| conv61_d0                                           | conv61_dc                                 | 1[S][RPC] (L3 memory cuts: 1) |
| conv61_d1                                           | conv61_dc                                 | 1[S][RPC] (L3 memory cuts: 1) |
| conv61_dc                                           | conv62                                    | 2[S][RPC] (L3 memory cuts: 2) |
| conv62                                              | output_from_cluster_unknown_405_i0        | 2 (L3 memory cuts: 1)         |
| output_from_cluster_unknown_405_i0                  | input_to_prepost_406_i0                   | 2 (L3 memory cuts: 1)         |
| input_to_prepost_406_i0                             | auto_reshape_from_conv62_to_output_layer3 | 2 (L4 memory cuts: 1)         |
| auto_reshape_from_conv62_to_output_layer3           | output_from_prepost_409_i0                | 2 (L4 memory cuts: 1)         |
| output_from_prepost_409_i0                          | output_layer3                             | 2 (L4 memory cuts: 1)         |
| yolo11n_yolo11n_context_3_to_yolo11n_context_4_2547 | input_to_cluster_unknown_400_i0           | 2 (L3 memory cuts: 1)         |
| input_to_cluster_unknown_400_i0                     | conv63                                    | 2 (L3 memory cuts: 1)         |
| conv63                                              | dw5_sd0                                   | 3 (L3 memory cuts: 1)         |
| conv63                                              | dw5_sd1                                   | 3 (L3 memory cuts: 1)         |
| dw5_sd0                                             | dw5_sdc                                   | 2[RPC] (L3 memory cuts: 2)    |
| dw5_sd1                                             | dw5_sdc                                   | 3 (L3 memory cuts: 1)         |
| dw5_sdc                                             | conv64                                    | 3 (L3 memory cuts: 1)         |
| conv64                                              | conv65                                    | 1[S] (L3 memory cuts: 1)      |
| conv65                                              | output_from_cluster_unknown_407_i0        | 1 (L3 memory cuts: 1)         |
| output_from_cluster_unknown_407_i0                  | input_to_prepost_408_i0                   | 2 (L3 memory cuts: 1)         |
| input_to_prepost_408_i0                             | auto_reshape_from_conv65_to_output_layer4 | 2 (L4 memory cuts: 1)         |
| auto_reshape_from_conv65_to_output_layer4           | output_from_prepost_411_i0                | 1 (L4 memory cuts: 1)         |
| output_from_prepost_411_i0                          | output_layer4                             | 1 (L4 memory cuts: 1)         |
+-----------------------------------------------------+-------------------------------------------+-------------------------------+
[2026-02-17 19:46:56.415] [default] [info] Post-Split Resources for yolo11n_context_0, iteration 1 (CP)
+-----------------------------------------------------------------------+-------------+-----------------------+-----------------------+----------------------+----------------+-----+-----+------+
| Node                                                                  | Subclusters | L3 Weight Memory Cuts | L3 Output Memory Cuts | L3 Input Memory Cuts | L4 Memory Cuts | IBs | OBs | APUs |
+-----------------------------------------------------------------------+-------------+-----------------------+-----------------------+----------------------+----------------+-----+-----+------+
| input_layer1                                                          | 0           | 0                     | 0                     | 0                    | 0.500          | 0   | 0   | 0    |
| input_to_cluster_3_375_i1                                             | 0           | 0                     | 1                     | 0                    | 0.000          | 1   | 0   | 0    |
| conv1_ws                                                              | 1           | 0                     | 6                     | 1                    | 0.000          | 0   | 0   | 1    |
| conv1_sd1                                                             | 2           | 2                     | 1                     | 3                    | 0.000          | 0   | 0   | 1    |
| output_from_cluster_3_382_i1                                          | 0           | 0                     | 0                     | 0                    | 0.000          | 0   | 1   | 0    |
| input_to_cluster_2_383_i1                                             | 0           | 0                     | 2                     | 0                    | 0.000          | 1   | 0   | 0    |
| output_from_cluster_3_376_i1                                          | 0           | 0                     | 0                     | 0                    | 0.000          | 0   | 1   | 0    |
| input_to_cluster_2_377_i1                                             | 0           | 0                     | 2                     | 0                    | 0.000          | 1   | 0   | 0    |
| conv1_sd0                                                             | 2           | 2                     | 2                     | 2                    | 0.000          | 0   | 0   | 1    |
| output_from_cluster_3_378_i1                                          | 0           | 0                     | 0                     | 0                    | 0.000          | 0   | 1   | 0    |
| input_to_cluster_2_379_i1                                             | 0           | 0                     | 2                     | 0                    | 0.000          | 1   | 0   | 0    |
| conv1_sd2                                                             | 2           | 2                     | 2                     | 2                    | 0.000          | 0   | 0   | 1    |
| output_from_cluster_3_380_i1                                          | 0           | 0                     | 0                     | 0                    | 0.000          | 0   | 1   | 0    |
| input_to_cluster_2_381_i1                                             | 0           | 0                     | 2                     | 0                    | 0.000          | 1   | 0   | 0    |
| conv1_sd3                                                             | 2           | 2                     | 2                     | 2                    | 0.000          | 0   | 0   | 1    |
| conv1_sdc                                                             | 1           | 0                     | 2                     | 8                    | 0.000          | 0   | 0   | 1    |
| output_from_cluster_2_384_i1                                          | 0           | 0                     | 0                     | 0                    | 0.000          | 0   | 2   | 0    |
| input_to_cluster_3_385_i1                                             | 0           | 0                     | 2                     | 0                    | 0.000          | 2   | 0   | 0    |
| conv2_ws                                                              | 1           | 0                     | 11                    | 2                    | 0.000          | 0   | 0   | 1    |
| conv2_sd1                                                             | 4           | 4                     | 1                     | 3                    | 0.000          | 0   | 0   | 1    |
| conv2_sd2                                                             | 4           | 4                     | 1                     | 3                    | 0.000          | 0   | 0   | 1    |
| conv2_sd3                                                             | 4           | 4                     | 1                     | 3                    | 0.000          | 0   | 0   | 1    |
| output_from_cluster_3_386_i1                                          | 0           | 0                     | 0                     | 0                    | 0.000          | 0   | 1   | 0    |
| input_to_cluster_2_387_i1                                             | 0           | 0                     | 2                     | 0                    | 0.000          | 1   | 0   | 0    |
| conv2_sd0                                                             | 4           | 4                     | 1                     | 2                    | 0.000          | 0   | 0   | 1    |
| output_from_cluster_2_388_i1                                          | 0           | 0                     | 0                     | 0                    | 0.000          | 0   | 1   | 0    |
| input_to_cluster_3_389_i1                                             | 0           | 0                     | 1                     | 0                    | 0.000          | 1   | 0   | 0    |
| conv2_sdc                                                             | 1           | 0                     | 4                     | 4                    | 0.000          | 0   | 0   | 1    |
| conv_feature_splitter1_1                                              | 1           | 1                     | 8                     | 2                    | 0.000          | 0   | 0   | 1    |
| output_from_cluster_3_390_i1                                          | 0           | 0                     | 0                     | 0                    | 0.000          | 0   | 1   | 0    |
| input_to_cluster_0_391_i1                                             | 0           | 0                     | 2                     | 0                    | 0.000          | 1   | 0   | 0    |
| conv_feature_splitter1_2                                              | 1           | 1                     | 4                     | 2                    | 0.000          | 0   | 0   | 1    |
| conv4_ws                                                              | 1           | 0                     | 2                     | 2                    | 0.000          | 0   | 0   | 1    |
| output_from_cluster_0_395_i1                                          | 0           | 0                     | 0                     | 0                    | 0.000          | 0   | 1   | 0    |
| input_to_cluster_3_396_i1                                             | 0           | 0                     | 1                     | 0                    | 0.000          | 1   | 0   | 0    |
| conv4_sd0                                                             | 1           | 1                     | 1                     | 1                    | 0.000          | 0   | 0   | 1    |
| output_from_cluster_0_397_i1                                          | 0           | 0                     | 0                     | 0                    | 0.000          | 0   | 1   | 0    |
| input_to_cluster_3_398_i1                                             | 0           | 0                     | 1                     | 0                    | 0.000          | 1   | 0   | 0    |
| conv4_sd1                                                             | 1           | 1                     | 1                     | 1                    | 0.000          | 0   | 0   | 1    |
| conv4_sdc                                                             | 1           | 0                     | 1                     | 2                    | 0.000          | 0   | 0   | 1    |
| conv5                                                                 | 4           | 2                     | 1                     | 1                    | 0.000          | 0   | 0   | 1    |
| output_from_cluster_0_392_i1                                          | 0           | 0                     | 0                     | 0                    | 0.000          | 0   | 1   | 0    |
| input_to_cluster_3_393_i1                                             | 0           | 0                     | 6                     | 0                    | 0.000          | 1   | 0   | 0    |
| ew_add1                                                               | 1           | 1                     | 1                     | 7                    | 0.000          | 0   | 0   | 1    |
| input_to_cluster_3_394_i1                                             | 0           | 0                     | 7                     | 0                    | 0.000          | 1   | 0   | 0    |
| concat1                                                               | 1           | 0                     | 3                     | 16                   | 0.000          | 0   | 0   | 1    |
| conv6                                                                 | 8           | 4                     | 2                     | 3                    | 0.000          | 0   | 0   | 1    |
| output_from_cluster_3_399_i1                                          | 0           | 0                     | 0                     | 0                    | 0.000          | 0   | 2   | 0    |
| input_to_cluster_2_400_i1                                             | 0           | 0                     | 2                     | 0                    | 0.000          | 2   | 0   | 0    |
| conv7_ws                                                              | 1           | 0                     | 4                     | 2                    | 0.000          | 0   | 0   | 1    |
| conv7_sd4                                                             | 4           | 4                     | 1                     | 2                    | 0.000          | 0   | 0   | 1    |
| output_from_cluster_2_401_i1                                          | 0           | 0                     | 0                     | 0                    | 0.000          | 0   | 1   | 0    |
| input_to_cluster_2_402_i1                                             | 0           | 0                     | 1                     | 0                    | 0.000          | 1   | 0   | 0    |
| ws_from_conv7_ws_to_conv7_sd0-3_390                                   | 1           | 0                     | 8                     | 2                    | 0.000          | 0   | 0   | 1    |
| conv7_sd0                                                             | 4           | 4                     | 1                     | 2                    | 0.000          | 0   | 0   | 1    |
| conv7_sd1                                                             | 4           | 4                     | 1                     | 2                    | 0.000          | 0   | 0   | 1    |
| conv7_sd3                                                             | 4           | 4                     | 1                     | 2                    | 0.000          | 0   | 0   | 1    |
| output_from_cluster_2_403_i1                                          | 0           | 0                     | 0                     | 0                    | 0.000          | 0   | 1   | 0    |
| input_to_cluster_0_404_i1                                             | 0           | 0                     | 2                     | 0                    | 0.000          | 1   | 0   | 0    |
| conv7_sd2                                                             | 4           | 4                     | 1                     | 2                    | 0.000          | 0   | 0   | 1    |
| output_from_cluster_0_405_i1                                          | 0           | 0                     | 0                     | 0                    | 0.000          | 0   | 1   | 0    |
| input_to_cluster_2_406_i1                                             | 0           | 0                     | 1                     | 0                    | 0.000          | 1   | 0   | 0    |
| concat_w_from_conv7_sd0-3_to_conv7_sdc                                | 1           | 0                     | 1                     | 4                    | 0.000          | 0   | 0   | 1    |
| output_from_cluster_2_407_i1                                          | 0           | 0                     | 0                     | 0                    | 0.000          | 0   | 1   | 0    |
| input_to_cluster_2_408_i1                                             | 0           | 0                     | 1                     | 0                    | 0.000          | 1   | 0   | 0    |
| conv7_sdc                                                             | 1           | 0                     | 2                     | 2                    | 0.000          | 0   | 0   | 1    |
| conv_feature_splitter2_1                                              | 1           | 1                     | 1                     | 1                    | 0.000          | 0   | 0   | 1    |
| conv_feature_splitter2_2                                              | 1           | 1                     | 3                     | 1                    | 0.000          | 0   | 0   | 1    |
| conv9                                                                 | 2           | 2                     | 1                     | 1                    | 0.000          | 0   | 0   | 1    |
| conv10                                                                | 2           | 1                     | 2                     | 1                    | 0.000          | 0   | 0   | 1    |
| ew_add2                                                               | 1           | 1                     | 1                     | 3                    | 0.000          | 0   | 0   | 1    |
| concat2                                                               | 1           | 0                     | 1                     | 3                    | 0.000          | 0   | 0   | 1    |
| output_from_cluster_2_409_i1                                          | 0           | 0                     | 0                     | 0                    | 0.000          | 0   | 1   | 0    |
| input_to_cluster_0_410_i1                                             | 0           | 0                     | 1                     | 0                    | 0.000          | 1   | 0   | 0    |
| conv11                                                                | 6           | 6                     | 2                     | 1                    | 0.000          | 0   | 0   | 1    |
| output_from_cluster_0_411_i1                                          | 0           | 0                     | 0                     | 0                    | 0.000          | 0   | 1   | 0    |
| yolo11n_yolo11n_context_0_to_yolo11n_context_1_yolo11n_context_3_2528 | 0           | 0                     | 0                     | 0                    | 0.500          | 0   | 0   | 0    |
+-----------------------------------------------------------------------+-------------+-----------------------+-----------------------+----------------------+----------------+-----+-----+------+
TOTAL:  LCUs: 38 (59.375%), Subclusters: 86 (33.5938%), Weight memory cuts: 67 (13.0859%), L3 Output memory cuts: 128 (25%), L3 Input memory cuts: 103 (20.1172%), L3 total cuts: 195 (38.0859%), L4 memory cuts: 0 (0%), IBs: 21 (65.625%), OBs: 20 (62.5%), APUs: 38 (47.5%)
[2026-02-17 19:46:56.428] [default] [info] Post-Split Buffers for yolo11n_context_0, iteration 1 (CP) buffers:
+----------------------------------------+-----------------------------------------------------------------------+-------------------------------+
| Src                                    | Dst                                                                   | Buffers                       |
+----------------------------------------+-----------------------------------------------------------------------+-------------------------------+
| input_layer1                           | input_to_cluster_3_375_i1                                             | 2 (L3 memory cuts: 1)         |
| input_to_cluster_3_375_i1              | conv1_ws                                                              | 2 (L3 memory cuts: 1)         |
| conv1_ws                               | output_from_cluster_3_376_i1                                          | 1[RPC] (L3 memory cuts: 1)    |
| conv1_ws                               | conv1_sd1                                                             | 3[RPC] (L3 memory cuts: 3)    |
| conv1_ws                               | output_from_cluster_3_378_i1                                          | 1[RPC] (L3 memory cuts: 1)    |
| conv1_ws                               | output_from_cluster_3_380_i1                                          | 1[RPC] (L3 memory cuts: 1)    |
| conv1_sd1                              | output_from_cluster_3_382_i1                                          | 1[RPC] (L3 memory cuts: 1)    |
| output_from_cluster_3_382_i1           | input_to_cluster_2_383_i1                                             | 2[RPC] (L3 memory cuts: 2)    |
| input_to_cluster_2_383_i1              | conv1_sdc                                                             | 2[RPC] (L3 memory cuts: 2)    |
| output_from_cluster_3_376_i1           | input_to_cluster_2_377_i1                                             | 2[RPC] (L3 memory cuts: 2)    |
| input_to_cluster_2_377_i1              | conv1_sd0                                                             | 2[RPC] (L3 memory cuts: 2)    |
| conv1_sd0                              | conv1_sdc                                                             | 2[RPC] (L3 memory cuts: 2)    |
| output_from_cluster_3_378_i1           | input_to_cluster_2_379_i1                                             | 2[RPC] (L3 memory cuts: 2)    |
| input_to_cluster_2_379_i1              | conv1_sd2                                                             | 2[RPC] (L3 memory cuts: 2)    |
| conv1_sd2                              | conv1_sdc                                                             | 2[RPC] (L3 memory cuts: 2)    |
| output_from_cluster_3_380_i1           | input_to_cluster_2_381_i1                                             | 2[RPC] (L3 memory cuts: 2)    |
| input_to_cluster_2_381_i1              | conv1_sd3                                                             | 2[RPC] (L3 memory cuts: 2)    |
| conv1_sd3                              | conv1_sdc                                                             | 2[RPC] (L3 memory cuts: 2)    |
| conv1_sdc                              | output_from_cluster_2_384_i1                                          | 2[RPC] (L3 memory cuts: 2)    |
| output_from_cluster_2_384_i1           | input_to_cluster_3_385_i1                                             | 2[RPC][D] (L3 memory cuts: 2) |
| input_to_cluster_3_385_i1              | conv2_ws                                                              | 2[RPC][D] (L3 memory cuts: 2) |
| conv2_ws                               | output_from_cluster_3_386_i1                                          | 2[RPC] (L3 memory cuts: 2)    |
| conv2_ws                               | conv2_sd1                                                             | 3[RPC] (L3 memory cuts: 3)    |
| conv2_ws                               | conv2_sd2                                                             | 3[RPC] (L3 memory cuts: 3)    |
| conv2_ws                               | conv2_sd3                                                             | 3[RPC] (L3 memory cuts: 3)    |
| conv2_sd1                              | conv2_sdc                                                             | 2 (L3 memory cuts: 1)         |
| conv2_sd2                              | conv2_sdc                                                             | 2 (L3 memory cuts: 1)         |
| conv2_sd3                              | conv2_sdc                                                             | 2 (L3 memory cuts: 1)         |
| output_from_cluster_3_386_i1           | input_to_cluster_2_387_i1                                             | 2[RPC] (L3 memory cuts: 2)    |
| input_to_cluster_2_387_i1              | conv2_sd0                                                             | 2[RPC] (L3 memory cuts: 2)    |
| conv2_sd0                              | output_from_cluster_2_388_i1                                          | 1[RPC] (L3 memory cuts: 1)    |
| output_from_cluster_2_388_i1           | input_to_cluster_3_389_i1                                             | 2[RPC] (L3 memory cuts: 2)    |
| input_to_cluster_3_389_i1              | conv2_sdc                                                             | 1[RPC] (L3 memory cuts: 1)    |
| conv2_sdc                              | conv_feature_splitter1_1                                              | 2[RPC] (L3 memory cuts: 2)    |
| conv2_sdc                              | output_from_cluster_3_390_i1                                          | 2[RPC] (L3 memory cuts: 2)    |
| conv_feature_splitter1_1               | concat1                                                               | 8[RPC] (L3 memory cuts: 8)    |
| output_from_cluster_3_390_i1           | input_to_cluster_0_391_i1                                             | 2[RPC] (L3 memory cuts: 2)    |
| input_to_cluster_0_391_i1              | conv_feature_splitter1_2                                              | 2[RPC] (L3 memory cuts: 2)    |
| conv_feature_splitter1_2               | conv4_ws                                                              | 2[RPC] (L3 memory cuts: 2)    |
| conv_feature_splitter1_2               | output_from_cluster_0_392_i1                                          | 2[RPC] (L3 memory cuts: 2)    |
| conv4_ws                               | output_from_cluster_0_395_i1                                          | 1 (L3 memory cuts: 1)         |
| conv4_ws                               | output_from_cluster_0_397_i1                                          | 1 (L3 memory cuts: 1)         |
| output_from_cluster_0_395_i1           | input_to_cluster_3_396_i1                                             | 2 (L3 memory cuts: 1)         |
| input_to_cluster_3_396_i1              | conv4_sd0                                                             | 3 (L3 memory cuts: 1)         |
| conv4_sd0                              | conv4_sdc                                                             | 2 (L3 memory cuts: 1)         |
| output_from_cluster_0_397_i1           | input_to_cluster_3_398_i1                                             | 2 (L3 memory cuts: 1)         |
| input_to_cluster_3_398_i1              | conv4_sd1                                                             | 3 (L3 memory cuts: 1)         |
| conv4_sd1                              | conv4_sdc                                                             | 2 (L3 memory cuts: 1)         |
| conv4_sdc                              | conv5                                                                 | 1 (L3 memory cuts: 1)         |
| conv5                                  | ew_add1                                                               | 2 (L3 memory cuts: 1)         |
| output_from_cluster_0_392_i1           | input_to_cluster_3_394_i1                                             | 2[RPC] (L3 memory cuts: 2)    |
| output_from_cluster_0_392_i1           | input_to_cluster_3_393_i1                                             | 2[RPC] (L3 memory cuts: 2)    |
| input_to_cluster_3_393_i1              | ew_add1                                                               | 6[RPC] (L3 memory cuts: 6)    |
| ew_add1                                | concat1                                                               | 2 (L3 memory cuts: 1)         |
| input_to_cluster_3_394_i1              | concat1                                                               | 7[RPC] (L3 memory cuts: 7)    |
| concat1                                | conv6                                                                 | 3[RPC] (L3 memory cuts: 3)    |
| conv6                                  | output_from_cluster_3_399_i1                                          | 2[RPC] (L3 memory cuts: 2)    |
| output_from_cluster_3_399_i1           | input_to_cluster_2_400_i1                                             | 2[RPC][D] (L3 memory cuts: 2) |
| input_to_cluster_2_400_i1              | conv7_ws                                                              | 2[RPC][D] (L3 memory cuts: 2) |
| conv7_ws                               | ws_from_conv7_ws_to_conv7_sd0-3_390                                   | 2[RPC] (L3 memory cuts: 2)    |
| conv7_ws                               | conv7_sd4                                                             | 2[RPC] (L3 memory cuts: 2)    |
| conv7_sd4                              | output_from_cluster_2_401_i1                                          | 1 (L3 memory cuts: 1)         |
| output_from_cluster_2_401_i1           | input_to_cluster_2_402_i1                                             | 2 (L3 memory cuts: 1)         |
| input_to_cluster_2_402_i1              | conv7_sdc                                                             | 2 (L3 memory cuts: 1)         |
| ws_from_conv7_ws_to_conv7_sd0-3_390    | conv7_sd0                                                             | 2[RPC] (L3 memory cuts: 2)    |
| ws_from_conv7_ws_to_conv7_sd0-3_390    | conv7_sd1                                                             | 2[RPC] (L3 memory cuts: 2)    |
| ws_from_conv7_ws_to_conv7_sd0-3_390    | output_from_cluster_2_403_i1                                          | 2[RPC] (L3 memory cuts: 2)    |
| ws_from_conv7_ws_to_conv7_sd0-3_390    | conv7_sd3                                                             | 2[RPC] (L3 memory cuts: 2)    |
| conv7_sd0                              | concat_w_from_conv7_sd0-3_to_conv7_sdc                                | 1 (L3 memory cuts: 1)         |
| conv7_sd1                              | concat_w_from_conv7_sd0-3_to_conv7_sdc                                | 1 (L3 memory cuts: 1)         |
| conv7_sd3                              | concat_w_from_conv7_sd0-3_to_conv7_sdc                                | 1 (L3 memory cuts: 1)         |
| output_from_cluster_2_403_i1           | input_to_cluster_0_404_i1                                             | 2[RPC] (L3 memory cuts: 2)    |
| input_to_cluster_0_404_i1              | conv7_sd2                                                             | 2[RPC] (L3 memory cuts: 2)    |
| conv7_sd2                              | output_from_cluster_0_405_i1                                          | 1 (L3 memory cuts: 1)         |
| output_from_cluster_0_405_i1           | input_to_cluster_2_406_i1                                             | 2 (L3 memory cuts: 1)         |
| input_to_cluster_2_406_i1              | concat_w_from_conv7_sd0-3_to_conv7_sdc                                | 1 (L3 memory cuts: 1)         |
| concat_w_from_conv7_sd0-3_to_conv7_sdc | output_from_cluster_2_407_i1                                          | 1 (L3 memory cuts: 1)         |
| output_from_cluster_2_407_i1           | input_to_cluster_2_408_i1                                             | 2 (L3 memory cuts: 1)         |
| input_to_cluster_2_408_i1              | conv7_sdc                                                             | 1 (L3 memory cuts: 1)         |
| conv7_sdc                              | conv_feature_splitter2_1                                              | 2 (L3 memory cuts: 1)         |
| conv7_sdc                              | conv_feature_splitter2_2                                              | 2 (L3 memory cuts: 1)         |
| conv_feature_splitter2_1               | concat2                                                               | 7 (L3 memory cuts: 1)         |
| conv_feature_splitter2_2               | conv9                                                                 | 7 (L3 memory cuts: 1)         |
| conv_feature_splitter2_2               | ew_add2                                                               | 7 (L3 memory cuts: 1)         |
| conv_feature_splitter2_2               | concat2                                                               | 7 (L3 memory cuts: 1)         |
| conv9                                  | conv10                                                                | 11[S] (L3 memory cuts: 1)     |
| conv10                                 | ew_add2                                                               | 2[RPC] (L3 memory cuts: 2)    |
| ew_add2                                | concat2                                                               | 3 (L3 memory cuts: 1)         |
| concat2                                | output_from_cluster_2_409_i1                                          | 6[S] (L3 memory cuts: 1)      |
| output_from_cluster_2_409_i1           | input_to_cluster_0_410_i1                                             | 2[S] (L3 memory cuts: 1)      |
| input_to_cluster_0_410_i1              | conv11                                                                | 6[S] (L3 memory cuts: 1)      |
| conv11                                 | output_from_cluster_0_411_i1                                          | 2[RPC] (L3 memory cuts: 2)    |
| output_from_cluster_0_411_i1           | yolo11n_yolo11n_context_0_to_yolo11n_context_1_yolo11n_context_3_2528 | 2 (L3 memory cuts: 1)         |
+----------------------------------------+-----------------------------------------------------------------------+-------------------------------+
[2026-02-17 19:46:56.666] [default] [info] Post-Final-Split Resources for yolo11n_context_0, iteration 4
+-----------------------------------------------------------------------+-------------+-----------------------+-----------------------+----------------------+----------------+-----+-----+------+
| Node                                                                  | Subclusters | L3 Weight Memory Cuts | L3 Output Memory Cuts | L3 Input Memory Cuts | L4 Memory Cuts | IBs | OBs | APUs |
+-----------------------------------------------------------------------+-------------+-----------------------+-----------------------+----------------------+----------------+-----+-----+------+
| input_layer1                                                          | 0           | 0                     | 0                     | 0                    | 0.500          | 0   | 0   | 0    |
| input_to_cluster_3_375_i1                                             | 0           | 0                     | 1                     | 0                    | 0.000          | 1   | 0   | 0    |
| conv1_ws                                                              | 1           | 0                     | 6                     | 1                    | 0.000          | 0   | 0   | 1    |
| conv1_sd1                                                             | 2           | 2                     | 1                     | 3                    | 0.000          | 0   | 0   | 1    |
| output_from_cluster_3_382_i1                                          | 0           | 0                     | 0                     | 0                    | 0.000          | 0   | 1   | 0    |
| input_to_cluster_2_383_i1                                             | 0           | 0                     | 2                     | 0                    | 0.000          | 1   | 0   | 0    |
| output_from_cluster_3_376_i1                                          | 0           | 0                     | 0                     | 0                    | 0.000          | 0   | 1   | 0    |
| input_to_cluster_2_377_i1                                             | 0           | 0                     | 2                     | 0                    | 0.000          | 1   | 0   | 0    |
| conv1_sd0                                                             | 2           | 2                     | 2                     | 2                    | 0.000          | 0   | 0   | 1    |
| output_from_cluster_3_378_i1                                          | 0           | 0                     | 0                     | 0                    | 0.000          | 0   | 1   | 0    |
| input_to_cluster_2_379_i1                                             | 0           | 0                     | 2                     | 0                    | 0.000          | 1   | 0   | 0    |
| conv1_sd2                                                             | 2           | 2                     | 2                     | 2                    | 0.000          | 0   | 0   | 1    |
| output_from_cluster_3_380_i1                                          | 0           | 0                     | 0                     | 0                    | 0.000          | 0   | 1   | 0    |
| input_to_cluster_2_381_i1                                             | 0           | 0                     | 2                     | 0                    | 0.000          | 1   | 0   | 0    |
| conv1_sd3                                                             | 2           | 2                     | 2                     | 2                    | 0.000          | 0   | 0   | 1    |
| conv1_sdc                                                             | 1           | 0                     | 2                     | 8                    | 0.000          | 0   | 0   | 1    |
| output_from_cluster_2_384_i1                                          | 0           | 0                     | 0                     | 0                    | 0.000          | 0   | 2   | 0    |
| input_to_cluster_3_385_i1                                             | 0           | 0                     | 2                     | 0                    | 0.000          | 2   | 0   | 0    |
| conv2_ws                                                              | 1           | 0                     | 11                    | 2                    | 0.000          | 0   | 0   | 1    |
| conv2_sd1                                                             | 4           | 4                     | 1                     | 3                    | 0.000          | 0   | 0   | 1    |
| conv2_sd2                                                             | 4           | 4                     | 1                     | 3                    | 0.000          | 0   | 0   | 1    |
| conv2_sd3                                                             | 4           | 4                     | 1                     | 3                    | 0.000          | 0   | 0   | 1    |
| output_from_cluster_3_386_i1                                          | 0           | 0                     | 0                     | 0                    | 0.000          | 0   | 1   | 0    |
| input_to_cluster_2_387_i1                                             | 0           | 0                     | 2                     | 0                    | 0.000          | 1   | 0   | 0    |
| conv2_sd0                                                             | 4           | 4                     | 1                     | 2                    | 0.000          | 0   | 0   | 1    |
| output_from_cluster_2_388_i1                                          | 0           | 0                     | 0                     | 0                    | 0.000          | 0   | 1   | 0    |
| input_to_cluster_3_389_i1                                             | 0           | 0                     | 1                     | 0                    | 0.000          | 1   | 0   | 0    |
| conv2_sdc                                                             | 1           | 0                     | 4                     | 4                    | 0.000          | 0   | 0   | 1    |
| conv_feature_splitter1_1                                              | 1           | 1                     | 8                     | 2                    | 0.000          | 0   | 0   | 1    |
| output_from_cluster_3_390_i1                                          | 0           | 0                     | 0                     | 0                    | 0.000          | 0   | 1   | 0    |
| input_to_cluster_0_391_i1                                             | 0           | 0                     | 2                     | 0                    | 0.000          | 1   | 0   | 0    |
| conv_feature_splitter1_2                                              | 1           | 1                     | 4                     | 2                    | 0.000          | 0   | 0   | 1    |
| conv4_ws                                                              | 1           | 0                     | 2                     | 2                    | 0.000          | 0   | 0   | 1    |
| output_from_cluster_0_395_i1                                          | 0           | 0                     | 0                     | 0                    | 0.000          | 0   | 1   | 0    |
| input_to_cluster_3_396_i1                                             | 0           | 0                     | 1                     | 0                    | 0.000          | 1   | 0   | 0    |
| conv4_sd0                                                             | 1           | 1                     | 1                     | 1                    | 0.000          | 0   | 0   | 1    |
| output_from_cluster_0_397_i1                                          | 0           | 0                     | 0                     | 0                    | 0.000          | 0   | 1   | 0    |
| input_to_cluster_3_398_i1                                             | 0           | 0                     | 1                     | 0                    | 0.000          | 1   | 0   | 0    |
| conv4_sd1                                                             | 1           | 1                     | 1                     | 1                    | 0.000          | 0   | 0   | 1    |
| conv4_sdc                                                             | 1           | 0                     | 1                     | 2                    | 0.000          | 0   | 0   | 1    |
| conv5                                                                 | 4           | 2                     | 1                     | 1                    | 0.000          | 0   | 0   | 1    |
| output_from_cluster_0_392_i1                                          | 0           | 0                     | 0                     | 0                    | 0.000          | 0   | 1   | 0    |
| input_to_cluster_3_393_i1                                             | 0           | 0                     | 6                     | 0                    | 0.000          | 1   | 0   | 0    |
| ew_add1                                                               | 1           | 1                     | 1                     | 7                    | 0.000          | 0   | 0   | 1    |
| input_to_cluster_3_394_i1                                             | 0           | 0                     | 7                     | 0                    | 0.000          | 1   | 0   | 0    |
| concat1                                                               | 1           | 0                     | 3                     | 16                   | 0.000          | 0   | 0   | 1    |
| conv6                                                                 | 8           | 4                     | 2                     | 3                    | 0.000          | 0   | 0   | 1    |
| output_from_cluster_3_399_i1                                          | 0           | 0                     | 0                     | 0                    | 0.000          | 0   | 2   | 0    |
| input_to_cluster_2_400_i1                                             | 0           | 0                     | 2                     | 0                    | 0.000          | 2   | 0   | 0    |
| conv7_ws                                                              | 1           | 0                     | 4                     | 2                    | 0.000          | 0   | 0   | 1    |
| conv7_sd4                                                             | 4           | 4                     | 1                     | 2                    | 0.000          | 0   | 0   | 1    |
| output_from_cluster_2_401_i1                                          | 0           | 0                     | 0                     | 0                    | 0.000          | 0   | 1   | 0    |
| input_to_cluster_2_402_i1                                             | 0           | 0                     | 1                     | 0                    | 0.000          | 1   | 0   | 0    |
| ws_from_conv7_ws_to_conv7_sd0-3_390                                   | 1           | 0                     | 8                     | 2                    | 0.000          | 0   | 0   | 1    |
| conv7_sd0                                                             | 4           | 4                     | 1                     | 2                    | 0.000          | 0   | 0   | 1    |
| conv7_sd1                                                             | 4           | 4                     | 1                     | 2                    | 0.000          | 0   | 0   | 1    |
| conv7_sd3                                                             | 4           | 4                     | 1                     | 2                    | 0.000          | 0   | 0   | 1    |
| output_from_cluster_2_403_i1                                          | 0           | 0                     | 0                     | 0                    | 0.000          | 0   | 1   | 0    |
| input_to_cluster_0_404_i1                                             | 0           | 0                     | 2                     | 0                    | 0.000          | 1   | 0   | 0    |
| conv7_sd2                                                             | 4           | 4                     | 1                     | 2                    | 0.000          | 0   | 0   | 1    |
| output_from_cluster_0_405_i1                                          | 0           | 0                     | 0                     | 0                    | 0.000          | 0   | 1   | 0    |
| input_to_cluster_2_406_i1                                             | 0           | 0                     | 1                     | 0                    | 0.000          | 1   | 0   | 0    |
| concat_w_from_conv7_sd0-3_to_conv7_sdc                                | 1           | 0                     | 1                     | 4                    | 0.000          | 0   | 0   | 1    |
| output_from_cluster_2_407_i1                                          | 0           | 0                     | 0                     | 0                    | 0.000          | 0   | 1   | 0    |
| input_to_cluster_2_408_i1                                             | 0           | 0                     | 1                     | 0                    | 0.000          | 1   | 0   | 0    |
| conv7_sdc                                                             | 1           | 0                     | 2                     | 2                    | 0.000          | 0   | 0   | 1    |
| conv_feature_splitter2_1                                              | 1           | 1                     | 1                     | 1                    | 0.000          | 0   | 0   | 1    |
| conv_feature_splitter2_2                                              | 1           | 1                     | 3                     | 1                    | 0.000          | 0   | 0   | 1    |
| conv9                                                                 | 2           | 2                     | 1                     | 1                    | 0.000          | 0   | 0   | 1    |
| conv10                                                                | 2           | 1                     | 2                     | 1                    | 0.000          | 0   | 0   | 1    |
| ew_add2                                                               | 1           | 1                     | 1                     | 3                    | 0.000          | 0   | 0   | 1    |
| concat2                                                               | 1           | 0                     | 1                     | 3                    | 0.000          | 0   | 0   | 1    |
| output_from_cluster_2_409_i1                                          | 0           | 0                     | 0                     | 0                    | 0.000          | 0   | 1   | 0    |
| input_to_cluster_0_410_i1                                             | 0           | 0                     | 1                     | 0                    | 0.000          | 1   | 0   | 0    |
| conv11                                                                | 6           | 6                     | 2                     | 1                    | 0.000          | 0   | 0   | 1    |
| output_from_cluster_0_411_i1                                          | 0           | 0                     | 0                     | 0                    | 0.000          | 0   | 1   | 0    |
| yolo11n_yolo11n_context_0_to_yolo11n_context_1_yolo11n_context_3_2528 | 0           | 0                     | 0                     | 0                    | 0.500          | 0   | 0   | 0    |
+-----------------------------------------------------------------------+-------------+-----------------------+-----------------------+----------------------+----------------+-----+-----+------+
TOTAL:  LCUs: 38 (59.375%), Subclusters: 86 (33.5938%), Weight memory cuts: 67 (13.0859%), L3 Output memory cuts: 128 (25%), L3 Input memory cuts: 103 (20.1172%), L3 total cuts: 195 (38.0859%), L4 memory cuts: 0 (0%), IBs: 21 (65.625%), OBs: 20 (62.5%), APUs: 38 (47.5%)
[2026-02-17 19:46:56.858] [default] [info] Post-Final-Split Resources for yolo11n_context_0, iteration 4
+-----------------------------------------------------------------------+-------------+-----------------------+-----------------------+----------------------+----------------+-----+-----+------+
| Node                                                                  | Subclusters | L3 Weight Memory Cuts | L3 Output Memory Cuts | L3 Input Memory Cuts | L4 Memory Cuts | IBs | OBs | APUs |
+-----------------------------------------------------------------------+-------------+-----------------------+-----------------------+----------------------+----------------+-----+-----+------+
| input_layer1                                                          | 0           | 0                     | 0                     | 0                    | 0.500          | 0   | 0   | 0    |
| input_to_cluster_2_375_i1                                             | 0           | 0                     | 1                     | 0                    | 0.000          | 1   | 0   | 0    |
| conv1_ws                                                              | 1           | 0                     | 6                     | 1                    | 0.000          | 0   | 0   | 1    |
| conv1_sd1                                                             | 2           | 2                     | 1                     | 3                    | 0.000          | 0   | 0   | 1    |
| output_from_cluster_2_382_i1                                          | 0           | 0                     | 0                     | 0                    | 0.000          | 0   | 1   | 0    |
| input_to_cluster_0_383_i1                                             | 0           | 0                     | 2                     | 0                    | 0.000          | 1   | 0   | 0    |
| output_from_cluster_2_376_i1                                          | 0           | 0                     | 0                     | 0                    | 0.000          | 0   | 1   | 0    |
| input_to_cluster_0_377_i1                                             | 0           | 0                     | 2                     | 0                    | 0.000          | 1   | 0   | 0    |
| conv1_sd0                                                             | 2           | 2                     | 2                     | 2                    | 0.000          | 0   | 0   | 1    |
| output_from_cluster_2_378_i1                                          | 0           | 0                     | 0                     | 0                    | 0.000          | 0   | 1   | 0    |
| input_to_cluster_0_379_i1                                             | 0           | 0                     | 2                     | 0                    | 0.000          | 1   | 0   | 0    |
| conv1_sd2                                                             | 2           | 2                     | 2                     | 2                    | 0.000          | 0   | 0   | 1    |
| output_from_cluster_2_380_i1                                          | 0           | 0                     | 0                     | 0                    | 0.000          | 0   | 1   | 0    |
| input_to_cluster_0_381_i1                                             | 0           | 0                     | 2                     | 0                    | 0.000          | 1   | 0   | 0    |
| conv1_sd3                                                             | 2           | 2                     | 2                     | 2                    | 0.000          | 0   | 0   | 1    |
| conv1_sdc                                                             | 1           | 0                     | 2                     | 8                    | 0.000          | 0   | 0   | 1    |
| output_from_cluster_0_384_i1                                          | 0           | 0                     | 0                     | 0                    | 0.000          | 0   | 2   | 0    |
| input_to_cluster_2_385_i1                                             | 0           | 0                     | 2                     | 0                    | 0.000          | 2   | 0   | 0    |
| conv2_ws                                                              | 1           | 0                     | 11                    | 2                    | 0.000          | 0   | 0   | 1    |
| conv2_sd1                                                             | 4           | 4                     | 1                     | 3                    | 0.000          | 0   | 0   | 1    |
| conv2_sd2                                                             | 4           | 4                     | 1                     | 3                    | 0.000          | 0   | 0   | 1    |
| conv2_sd3                                                             | 4           | 4                     | 1                     | 3                    | 0.000          | 0   | 0   | 1    |
| output_from_cluster_2_386_i1                                          | 0           | 0                     | 0                     | 0                    | 0.000          | 0   | 1   | 0    |
| input_to_cluster_0_387_i1                                             | 0           | 0                     | 2                     | 0                    | 0.000          | 1   | 0   | 0    |
| conv2_sd0                                                             | 4           | 4                     | 1                     | 2                    | 0.000          | 0   | 0   | 1    |
| output_from_cluster_0_388_i1                                          | 0           | 0                     | 0                     | 0                    | 0.000          | 0   | 1   | 0    |
| input_to_cluster_2_389_i1                                             | 0           | 0                     | 1                     | 0                    | 0.000          | 1   | 0   | 0    |
| conv2_sdc                                                             | 1           | 0                     | 4                     | 4                    | 0.000          | 0   | 0   | 1    |
| conv_feature_splitter1_1                                              | 1           | 1                     | 8                     | 2                    | 0.000          | 0   | 0   | 1    |
| output_from_cluster_2_390_i1                                          | 0           | 0                     | 0                     | 0                    | 0.000          | 0   | 1   | 0    |
| input_to_cluster_0_391_i1                                             | 0           | 0                     | 2                     | 0                    | 0.000          | 1   | 0   | 0    |
| conv_feature_splitter1_2                                              | 1           | 1                     | 4                     | 2                    | 0.000          | 0   | 0   | 1    |
| conv4_ws                                                              | 1           | 0                     | 2                     | 2                    | 0.000          | 0   | 0   | 1    |
| output_from_cluster_0_395_i1                                          | 0           | 0                     | 0                     | 0                    | 0.000          | 0   | 1   | 0    |
| input_to_cluster_2_396_i1                                             | 0           | 0                     | 1                     | 0                    | 0.000          | 1   | 0   | 0    |
| conv4_sd0                                                             | 1           | 1                     | 1                     | 1                    | 0.000          | 0   | 0   | 1    |
| output_from_cluster_0_397_i1                                          | 0           | 0                     | 0                     | 0                    | 0.000          | 0   | 1   | 0    |
| input_to_cluster_2_398_i1                                             | 0           | 0                     | 1                     | 0                    | 0.000          | 1   | 0   | 0    |
| conv4_sd1                                                             | 1           | 1                     | 1                     | 1                    | 0.000          | 0   | 0   | 1    |
| conv4_sdc                                                             | 1           | 0                     | 1                     | 2                    | 0.000          | 0   | 0   | 1    |
| conv5                                                                 | 4           | 2                     | 1                     | 1                    | 0.000          | 0   | 0   | 1    |
| output_from_cluster_0_392_i1                                          | 0           | 0                     | 0                     | 0                    | 0.000          | 0   | 1   | 0    |
| input_to_cluster_2_393_i1                                             | 0           | 0                     | 6                     | 0                    | 0.000          | 1   | 0   | 0    |
| ew_add1                                                               | 1           | 1                     | 1                     | 7                    | 0.000          | 0   | 0   | 1    |
| input_to_cluster_2_394_i1                                             | 0           | 0                     | 7                     | 0                    | 0.000          | 1   | 0   | 0    |
| concat1                                                               | 1           | 0                     | 3                     | 16                   | 0.000          | 0   | 0   | 1    |
| conv6                                                                 | 8           | 4                     | 2                     | 3                    | 0.000          | 0   | 0   | 1    |
| output_from_cluster_2_399_i1                                          | 0           | 0                     | 0                     | 0                    | 0.000          | 0   | 2   | 0    |
| input_to_cluster_0_400_i1                                             | 0           | 0                     | 2                     | 0                    | 0.000          | 2   | 0   | 0    |
| conv7_ws                                                              | 1           | 0                     | 4                     | 2                    | 0.000          | 0   | 0   | 1    |
| conv7_sd4                                                             | 4           | 4                     | 1                     | 2                    | 0.000          | 0   | 0   | 1    |
| output_from_cluster_0_401_i1                                          | 0           | 0                     | 0                     | 0                    | 0.000          | 0   | 1   | 0    |
| input_to_cluster_0_402_i1                                             | 0           | 0                     | 1                     | 0                    | 0.000          | 1   | 0   | 0    |
| ws_from_conv7_ws_to_conv7_sd0-3_390                                   | 1           | 0                     | 8                     | 2                    | 0.000          | 0   | 0   | 1    |
| conv7_sd0                                                             | 4           | 4                     | 1                     | 2                    | 0.000          | 0   | 0   | 1    |
| conv7_sd1                                                             | 4           | 4                     | 1                     | 2                    | 0.000          | 0   | 0   | 1    |
| conv7_sd3                                                             | 4           | 4                     | 1                     | 2                    | 0.000          | 0   | 0   | 1    |
| output_from_cluster_0_403_i1                                          | 0           | 0                     | 0                     | 0                    | 0.000          | 0   | 1   | 0    |
| input_to_cluster_0_404_i1                                             | 0           | 0                     | 2                     | 0                    | 0.000          | 1   | 0   | 0    |
| conv7_sd2                                                             | 4           | 4                     | 1                     | 2                    | 0.000          | 0   | 0   | 1    |
| output_from_cluster_0_405_i1                                          | 0           | 0                     | 0                     | 0                    | 0.000          | 0   | 1   | 0    |
| input_to_cluster_0_406_i1                                             | 0           | 0                     | 1                     | 0                    | 0.000          | 1   | 0   | 0    |
| concat_w_from_conv7_sd0-3_to_conv7_sdc                                | 1           | 0                     | 1                     | 4                    | 0.000          | 0   | 0   | 1    |
| output_from_cluster_0_407_i1                                          | 0           | 0                     | 0                     | 0                    | 0.000          | 0   | 1   | 0    |
| input_to_cluster_0_408_i1                                             | 0           | 0                     | 1                     | 0                    | 0.000          | 1   | 0   | 0    |
| conv7_sdc                                                             | 1           | 0                     | 2                     | 2                    | 0.000          | 0   | 0   | 1    |
| conv_feature_splitter2_1                                              | 1           | 1                     | 1                     | 1                    | 0.000          | 0   | 0   | 1    |
| conv_feature_splitter2_2                                              | 1           | 1                     | 3                     | 1                    | 0.000          | 0   | 0   | 1    |
| conv9                                                                 | 2           | 2                     | 1                     | 1                    | 0.000          | 0   | 0   | 1    |
| conv10                                                                | 2           | 1                     | 2                     | 1                    | 0.000          | 0   | 0   | 1    |
| ew_add2                                                               | 1           | 1                     | 1                     | 3                    | 0.000          | 0   | 0   | 1    |
| concat2                                                               | 1           | 0                     | 1                     | 3                    | 0.000          | 0   | 0   | 1    |
| output_from_cluster_0_409_i1                                          | 0           | 0                     | 0                     | 0                    | 0.000          | 0   | 1   | 0    |
| input_to_cluster_0_410_i1                                             | 0           | 0                     | 1                     | 0                    | 0.000          | 1   | 0   | 0    |
| conv11                                                                | 6           | 6                     | 2                     | 1                    | 0.000          | 0   | 0   | 1    |
| output_from_cluster_0_411_i1                                          | 0           | 0                     | 0                     | 0                    | 0.000          | 0   | 1   | 0    |
| yolo11n_yolo11n_context_0_to_yolo11n_context_1_yolo11n_context_3_2528 | 0           | 0                     | 0                     | 0                    | 0.500          | 0   | 0   | 0    |
+-----------------------------------------------------------------------+-------------+-----------------------+-----------------------+----------------------+----------------+-----+-----+------+
TOTAL:  LCUs: 38 (59.375%), Subclusters: 86 (33.5938%), Weight memory cuts: 67 (13.0859%), L3 Output memory cuts: 128 (25%), L3 Input memory cuts: 103 (20.1172%), L3 total cuts: 195 (38.0859%), L4 memory cuts: 0 (0%), IBs: 21 (65.625%), OBs: 20 (62.5%), APUs: 38 (47.5%)
[2026-02-17 19:46:57.666] [default] [info] Post-Split Resources for yolo11n_context_1, iteration 1 (CP)
+-----------------------------------------------------+-------------+-----------------------+-----------------------+----------------------+----------------+-----+-----+------+
| Node                                                | Subclusters | L3 Weight Memory Cuts | L3 Output Memory Cuts | L3 Input Memory Cuts | L4 Memory Cuts | IBs | OBs | APUs |
+-----------------------------------------------------+-------------+-----------------------+-----------------------+----------------------+----------------+-----+-----+------+
| yolo11n_yolo11n_context_0_to_yolo11n_context_1_2529 | 0           | 0                     | 0                     | 0                    | 0.500          | 0   | 0   | 0    |
| input_to_cluster_2_412_i1                           | 0           | 0                     | 1                     | 0                    | 0.000          | 1   | 0   | 0    |
| conv12_ws                                           | 1           | 0                     | 3                     | 1                    | 0.000          | 0   | 0   | 1    |
| conv12_sd0                                          | 8           | 8                     | 1                     | 1                    | 0.000          | 0   | 0   | 1    |
| output_from_cluster_2_415_i1                        | 0           | 0                     | 0                     | 0                    | 0.000          | 0   | 1   | 0    |
| input_to_cluster_3_416_i1                           | 0           | 0                     | 1                     | 0                    | 0.000          | 1   | 0   | 0    |
| conv12_sd1                                          | 8           | 8                     | 1                     | 1                    | 0.000          | 0   | 0   | 1    |
| output_from_cluster_2_417_i1                        | 0           | 0                     | 0                     | 0                    | 0.000          | 0   | 1   | 0    |
| input_to_cluster_3_418_i1                           | 0           | 0                     | 1                     | 0                    | 0.000          | 1   | 0   | 0    |
| output_from_cluster_2_413_i1                        | 0           | 0                     | 0                     | 0                    | 0.000          | 0   | 1   | 0    |
| input_to_cluster_3_414_i1                           | 0           | 0                     | 1                     | 0                    | 0.000          | 1   | 0   | 0    |
| conv12_sd2                                          | 8           | 8                     | 1                     | 1                    | 0.000          | 0   | 0   | 1    |
| conv12_sdc                                          | 1           | 0                     | 4                     | 3                    | 0.000          | 0   | 0   | 1    |
| conv_feature_splitter3_2                            | 1           | 1                     | 3                     | 2                    | 0.000          | 0   | 0   | 1    |
| conv14                                              | 1           | 1                     | 1                     | 1                    | 0.000          | 0   | 0   | 1    |
| output_from_cluster_3_425_i1                        | 0           | 0                     | 0                     | 0                    | 0.000          | 0   | 1   | 0    |
| input_to_cluster_1_426_i1                           | 0           | 0                     | 1                     | 0                    | 0.000          | 1   | 0   | 0    |
| conv16                                              | 2           | 1                     | 1                     | 1                    | 0.000          | 0   | 0   | 1    |
| conv17                                              | 2           | 1                     | 1                     | 1                    | 0.000          | 0   | 0   | 1    |
| output_from_cluster_1_428_i1                        | 0           | 0                     | 0                     | 0                    | 0.000          | 0   | 1   | 0    |
| input_to_cluster_2_429_i1                           | 0           | 0                     | 1                     | 0                    | 0.000          | 1   | 0   | 0    |
| input_to_cluster_2_427_i1                           | 0           | 0                     | 1                     | 0                    | 0.000          | 1   | 0   | 0    |
| ew_add3                                             | 1           | 1                     | 1                     | 2                    | 0.000          | 0   | 0   | 1    |
| output_from_cluster_2_430_i1                        | 0           | 0                     | 0                     | 0                    | 0.000          | 0   | 1   | 0    |
| input_to_cluster_1_431_i1                           | 0           | 0                     | 2                     | 0                    | 0.000          | 1   | 0   | 0    |
| conv18                                              | 2           | 1                     | 1                     | 1                    | 0.000          | 0   | 0   | 1    |
| output_from_cluster_1_432_i1                        | 0           | 0                     | 0                     | 0                    | 0.000          | 0   | 1   | 0    |
| input_to_cluster_2_433_i1                           | 0           | 0                     | 1                     | 0                    | 0.000          | 1   | 0   | 0    |
| conv19                                              | 2           | 1                     | 1                     | 1                    | 0.000          | 0   | 0   | 1    |
| output_from_cluster_2_434_i1                        | 0           | 0                     | 0                     | 0                    | 0.000          | 0   | 1   | 0    |
| input_to_cluster_1_435_i1                           | 0           | 0                     | 1                     | 0                    | 0.000          | 1   | 0   | 0    |
| ew_add4                                             | 1           | 1                     | 1                     | 2                    | 0.000          | 0   | 0   | 1    |
| output_from_cluster_1_436_i1                        | 0           | 0                     | 0                     | 0                    | 0.000          | 0   | 1   | 0    |
| input_to_cluster_2_437_i1                           | 0           | 0                     | 1                     | 0                    | 0.000          | 1   | 0   | 0    |
| output_from_cluster_3_423_i1                        | 0           | 0                     | 0                     | 0                    | 0.000          | 0   | 1   | 0    |
| input_to_cluster_2_424_i1                           | 0           | 0                     | 1                     | 0                    | 0.000          | 1   | 0   | 0    |
| conv15                                              | 1           | 1                     | 1                     | 1                    | 0.000          | 0   | 0   | 1    |
| concat3                                             | 1           | 0                     | 1                     | 2                    | 0.000          | 0   | 0   | 1    |
| conv20                                              | 1           | 1                     | 1                     | 1                    | 0.000          | 0   | 0   | 1    |
| output_from_cluster_2_438_i1                        | 0           | 0                     | 0                     | 0                    | 0.000          | 0   | 1   | 0    |
| input_to_cluster_3_439_i1                           | 0           | 0                     | 1                     | 0                    | 0.000          | 1   | 0   | 0    |
| output_from_cluster_3_419_i1                        | 0           | 0                     | 0                     | 0                    | 0.000          | 0   | 1   | 0    |
| input_to_cluster_0_420_i1                           | 0           | 0                     | 2                     | 0                    | 0.000          | 1   | 0   | 0    |
| conv_feature_splitter3_1                            | 1           | 1                     | 1                     | 2                    | 0.000          | 0   | 0   | 1    |
| output_from_cluster_0_421_i1                        | 0           | 0                     | 0                     | 0                    | 0.000          | 0   | 1   | 0    |
| input_to_cluster_3_422_i1                           | 0           | 0                     | 1                     | 0                    | 0.000          | 1   | 0   | 0    |
| concat4                                             | 1           | 0                     | 1                     | 3                    | 0.000          | 0   | 0   | 1    |
| output_from_cluster_3_440_i1                        | 0           | 0                     | 0                     | 0                    | 0.000          | 0   | 1   | 0    |
| input_to_cluster_2_441_i1                           | 0           | 0                     | 1                     | 0                    | 0.000          | 1   | 0   | 0    |
| conv21                                              | 3           | 3                     | 9                     | 1                    | 0.000          | 0   | 0   | 1    |
| conv22_d0                                           | 6           | 6                     | 2                     | 3                    | 0.000          | 0   | 0   | 1    |
| conv22_d1                                           | 6           | 6                     | 2                     | 3                    | 0.000          | 0   | 0   | 1    |
| conv22_dc                                           | 1           | 0                     | 1                     | 4                    | 0.000          | 0   | 0   | 1    |
| output_from_cluster_2_443_i1                        | 0           | 0                     | 0                     | 0                    | 0.000          | 0   | 1   | 0    |
| input_to_cluster_0_444_i1                           | 0           | 0                     | 2                     | 0                    | 0.000          | 1   | 0   | 0    |
| conv_feature_splitter4_1                            | 2           | 1                     | 1                     | 1                    | 0.000          | 0   | 0   | 1    |
| output_from_cluster_0_445_i1                        | 0           | 0                     | 0                     | 0                    | 0.000          | 0   | 1   | 0    |
| input_to_cluster_1_446_i1                           | 0           | 0                     | 1                     | 0                    | 0.000          | 1   | 0   | 0    |
| conv_feature_splitter4_2                            | 2           | 1                     | 3                     | 1                    | 0.000          | 0   | 0   | 1    |
| conv24                                              | 1           | 1                     | 2                     | 1                    | 0.000          | 0   | 0   | 1    |
| conv26                                              | 2           | 2                     | 1                     | 1                    | 0.000          | 0   | 0   | 1    |
| conv27                                              | 2           | 2                     | 1                     | 1                    | 0.000          | 0   | 0   | 1    |
| ew_add5                                             | 1           | 1                     | 1                     | 2                    | 0.000          | 0   | 0   | 1    |
| output_from_cluster_0_449_i1                        | 0           | 0                     | 0                     | 0                    | 0.000          | 0   | 1   | 0    |
| input_to_cluster_1_450_i1                           | 0           | 0                     | 2                     | 0                    | 0.000          | 1   | 0   | 0    |
| conv28                                              | 2           | 2                     | 1                     | 1                    | 0.000          | 0   | 0   | 1    |
| conv29                                              | 2           | 2                     | 1                     | 1                    | 0.000          | 0   | 0   | 1    |
| ew_add6                                             | 1           | 1                     | 1                     | 2                    | 0.000          | 0   | 0   | 1    |
| conv25                                              | 1           | 1                     | 1                     | 1                    | 0.000          | 0   | 0   | 1    |
| output_from_cluster_0_451_i1                        | 0           | 0                     | 0                     | 0                    | 0.000          | 0   | 1   | 0    |
| input_to_cluster_1_452_i1                           | 0           | 0                     | 1                     | 0                    | 0.000          | 1   | 0   | 0    |
| concat5                                             | 1           | 0                     | 1                     | 2                    | 0.000          | 0   | 0   | 1    |
| conv30                                              | 1           | 1                     | 1                     | 1                    | 0.000          | 0   | 0   | 1    |
| output_from_cluster_0_447_i1                        | 0           | 0                     | 0                     | 0                    | 0.000          | 0   | 1   | 0    |
| input_to_cluster_1_448_i1                           | 0           | 0                     | 1                     | 0                    | 0.000          | 1   | 0   | 0    |
| concat6                                             | 1           | 0                     | 1                     | 3                    | 0.000          | 0   | 0   | 1    |
| conv31                                              | 4           | 4                     | 1                     | 1                    | 0.000          | 0   | 0   | 1    |
| output_from_cluster_1_453_i1                        | 0           | 0                     | 0                     | 0                    | 0.000          | 0   | 1   | 0    |
| input_to_cluster_0_454_i1                           | 0           | 0                     | 1                     | 0                    | 0.000          | 1   | 0   | 0    |
| conv32                                              | 1           | 1                     | 1                     | 1                    | 0.000          | 0   | 0   | 1    |
| output_from_cluster_0_455_i1                        | 0           | 0                     | 0                     | 0                    | 0.000          | 0   | 1   | 0    |
| yolo11n_yolo11n_context_1_to_yolo11n_context_2_2533 | 0           | 0                     | 0                     | 0                    | 0.500          | 0   | 0   | 0    |
| output_from_cluster_2_442_i1                        | 0           | 0                     | 0                     | 0                    | 0.000          | 0   | 1   | 0    |
| yolo11n_yolo11n_context_1_to_yolo11n_context_2_2531 | 0           | 0                     | 0                     | 0                    | 0.500          | 0   | 0   | 0    |
+-----------------------------------------------------+-------------+-----------------------+-----------------------+----------------------+----------------+-----+-----+------+
TOTAL:  LCUs: 37 (57.8125%), Subclusters: 83 (32.4219%), Weight memory cuts: 70 (13.6719%), L3 Output memory cuts: 83 (16.2109%), L3 Input memory cuts: 58 (11.3281%), L3 total cuts: 153 (29.8828%), L4 memory cuts: 0 (0%), IBs: 22 (68.75%), OBs: 22 (68.75%), APUs: 37 (46.25%)
[2026-02-17 19:46:57.688] [default] [info] Post-Split Buffers for yolo11n_context_1, iteration 1 (CP) buffers:
+-----------------------------------------------------+-----------------------------------------------------+----------------------------+
| Src                                                 | Dst                                                 | Buffers                    |
+-----------------------------------------------------+-----------------------------------------------------+----------------------------+
| yolo11n_yolo11n_context_0_to_yolo11n_context_1_2529 | input_to_cluster_2_412_i1                           | 2 (L3 memory cuts: 1)      |
| input_to_cluster_2_412_i1                           | conv12_ws                                           | 2 (L3 memory cuts: 1)      |
| conv12_ws                                           | conv12_sd0                                          | 3 (L3 memory cuts: 1)      |
| conv12_ws                                           | conv12_sd1                                          | 3 (L3 memory cuts: 1)      |
| conv12_ws                                           | output_from_cluster_2_413_i1                        | 1 (L3 memory cuts: 1)      |
| conv12_sd0                                          | output_from_cluster_2_415_i1                        | 1[RPC] (L3 memory cuts: 1) |
| output_from_cluster_2_415_i1                        | input_to_cluster_3_416_i1                           | 2[RPC] (L3 memory cuts: 2) |
| input_to_cluster_3_416_i1                           | conv12_sdc                                          | 1[RPC] (L3 memory cuts: 1) |
| conv12_sd1                                          | output_from_cluster_2_417_i1                        | 1 (L3 memory cuts: 1)      |
| output_from_cluster_2_417_i1                        | input_to_cluster_3_418_i1                           | 2 (L3 memory cuts: 1)      |
| input_to_cluster_3_418_i1                           | conv12_sdc                                          | 1 (L3 memory cuts: 1)      |
| output_from_cluster_2_413_i1                        | input_to_cluster_3_414_i1                           | 2 (L3 memory cuts: 1)      |
| input_to_cluster_3_414_i1                           | conv12_sd2                                          | 1 (L3 memory cuts: 1)      |
| conv12_sd2                                          | conv12_sdc                                          | 2 (L3 memory cuts: 1)      |
| conv12_sdc                                          | output_from_cluster_3_419_i1                        | 2[RPC] (L3 memory cuts: 2) |
| conv12_sdc                                          | conv_feature_splitter3_2                            | 2[RPC] (L3 memory cuts: 2) |
| conv_feature_splitter3_2                            | conv14                                              | 40[S] (L3 memory cuts: 1)  |
| conv_feature_splitter3_2                            | output_from_cluster_3_423_i1                        | 40[S] (L3 memory cuts: 1)  |
| conv_feature_splitter3_2                            | concat4                                             | 40[S] (L3 memory cuts: 1)  |
| conv14                                              | output_from_cluster_3_425_i1                        | 1 (L3 memory cuts: 1)      |
| output_from_cluster_3_425_i1                        | input_to_cluster_2_427_i1                           | 2 (L3 memory cuts: 1)      |
| output_from_cluster_3_425_i1                        | input_to_cluster_1_426_i1                           | 2 (L3 memory cuts: 1)      |
| input_to_cluster_1_426_i1                           | conv16                                              | 2 (L3 memory cuts: 1)      |
| conv16                                              | conv17                                              | 10[S] (L3 memory cuts: 1)  |
| conv17                                              | output_from_cluster_1_428_i1                        | 1 (L3 memory cuts: 1)      |
| output_from_cluster_1_428_i1                        | input_to_cluster_2_429_i1                           | 2 (L3 memory cuts: 1)      |
| input_to_cluster_2_429_i1                           | ew_add3                                             | 1 (L3 memory cuts: 1)      |
| input_to_cluster_2_427_i1                           | ew_add3                                             | 4 (L3 memory cuts: 1)      |
| ew_add3                                             | output_from_cluster_2_430_i1                        | 1 (L3 memory cuts: 1)      |
| output_from_cluster_2_430_i1                        | input_to_cluster_1_431_i1                           | 2 (L3 memory cuts: 1)      |
| input_to_cluster_1_431_i1                           | conv18                                              | 5 (L3 memory cuts: 1)      |
| input_to_cluster_1_431_i1                           | ew_add4                                             | 5 (L3 memory cuts: 1)      |
| conv18                                              | output_from_cluster_1_432_i1                        | 4[S] (L3 memory cuts: 1)   |
| output_from_cluster_1_432_i1                        | input_to_cluster_2_433_i1                           | 2[S] (L3 memory cuts: 1)   |
| input_to_cluster_2_433_i1                           | conv19                                              | 7[S] (L3 memory cuts: 1)   |
| conv19                                              | output_from_cluster_2_434_i1                        | 1 (L3 memory cuts: 1)      |
| output_from_cluster_2_434_i1                        | input_to_cluster_1_435_i1                           | 2 (L3 memory cuts: 1)      |
| input_to_cluster_1_435_i1                           | ew_add4                                             | 1 (L3 memory cuts: 1)      |
| ew_add4                                             | output_from_cluster_1_436_i1                        | 1 (L3 memory cuts: 1)      |
| output_from_cluster_1_436_i1                        | input_to_cluster_2_437_i1                           | 2 (L3 memory cuts: 1)      |
| input_to_cluster_2_437_i1                           | concat3                                             | 3 (L3 memory cuts: 1)      |
| output_from_cluster_3_423_i1                        | input_to_cluster_2_424_i1                           | 2[S] (L3 memory cuts: 1)   |
| input_to_cluster_2_424_i1                           | conv15                                              | 1[S] (L3 memory cuts: 1)   |
| conv15                                              | concat3                                             | 9 (L3 memory cuts: 1)      |
| concat3                                             | conv20                                              | 2[S] (L3 memory cuts: 1)   |
| conv20                                              | output_from_cluster_2_438_i1                        | 1[S] (L3 memory cuts: 1)   |
| output_from_cluster_2_438_i1                        | input_to_cluster_3_439_i1                           | 2[S] (L3 memory cuts: 1)   |
| input_to_cluster_3_439_i1                           | concat4                                             | 1[S] (L3 memory cuts: 1)   |
| output_from_cluster_3_419_i1                        | input_to_cluster_0_420_i1                           | 2[RPC] (L3 memory cuts: 2) |
| input_to_cluster_0_420_i1                           | conv_feature_splitter3_1                            | 2[RPC] (L3 memory cuts: 2) |
| conv_feature_splitter3_1                            | output_from_cluster_0_421_i1                        | 1[S] (L3 memory cuts: 1)   |
| output_from_cluster_0_421_i1                        | input_to_cluster_3_422_i1                           | 2[S] (L3 memory cuts: 1)   |
| input_to_cluster_3_422_i1                           | concat4                                             | 39[S] (L3 memory cuts: 1)  |
| concat4                                             | output_from_cluster_3_440_i1                        | 1[S] (L3 memory cuts: 1)   |
| output_from_cluster_3_440_i1                        | input_to_cluster_2_441_i1                           | 2[S] (L3 memory cuts: 1)   |
| input_to_cluster_2_441_i1                           | conv21                                              | 2[S] (L3 memory cuts: 1)   |
| conv21                                              | conv22_d0                                           | 3[RPC] (L3 memory cuts: 3) |
| conv21                                              | conv22_d1                                           | 3[RPC] (L3 memory cuts: 3) |
| conv21                                              | output_from_cluster_2_442_i1                        | 3[RPC] (L3 memory cuts: 3) |
| conv22_d0                                           | conv22_dc                                           | 2[RPC] (L3 memory cuts: 2) |
| conv22_d1                                           | conv22_dc                                           | 2[RPC] (L3 memory cuts: 2) |
| conv22_dc                                           | output_from_cluster_2_443_i1                        | 2[S] (L3 memory cuts: 1)   |
| output_from_cluster_2_443_i1                        | input_to_cluster_0_444_i1                           | 2[S] (L3 memory cuts: 1)   |
| input_to_cluster_0_444_i1                           | conv_feature_splitter4_1                            | 3[S] (L3 memory cuts: 1)   |
| input_to_cluster_0_444_i1                           | conv_feature_splitter4_2                            | 3[S] (L3 memory cuts: 1)   |
| conv_feature_splitter4_1                            | output_from_cluster_0_445_i1                        | 4[S] (L3 memory cuts: 1)   |
| output_from_cluster_0_445_i1                        | input_to_cluster_1_446_i1                           | 2[S] (L3 memory cuts: 1)   |
| input_to_cluster_1_446_i1                           | concat6                                             | 23[S] (L3 memory cuts: 1)  |
| conv_feature_splitter4_2                            | conv24                                              | 4[S] (L3 memory cuts: 1)   |
| conv_feature_splitter4_2                            | conv25                                              | 4[S] (L3 memory cuts: 1)   |
| conv_feature_splitter4_2                            | output_from_cluster_0_447_i1                        | 4[S] (L3 memory cuts: 1)   |
| conv24                                              | conv26                                              | 4 (L3 memory cuts: 1)      |
| conv24                                              | ew_add5                                             | 4 (L3 memory cuts: 1)      |
| conv26                                              | conv27                                              | 5[S] (L3 memory cuts: 1)   |
| conv27                                              | ew_add5                                             | 1 (L3 memory cuts: 1)      |
| ew_add5                                             | output_from_cluster_0_449_i1                        | 1 (L3 memory cuts: 1)      |
| output_from_cluster_0_449_i1                        | input_to_cluster_1_450_i1                           | 2 (L3 memory cuts: 1)      |
| input_to_cluster_1_450_i1                           | conv28                                              | 4 (L3 memory cuts: 1)      |
| input_to_cluster_1_450_i1                           | ew_add6                                             | 4 (L3 memory cuts: 1)      |
| conv28                                              | conv29                                              | 5[S] (L3 memory cuts: 1)   |
| conv29                                              | ew_add6                                             | 1 (L3 memory cuts: 1)      |
| ew_add6                                             | concat5                                             | 3 (L3 memory cuts: 1)      |
| conv25                                              | output_from_cluster_0_451_i1                        | 1 (L3 memory cuts: 1)      |
| output_from_cluster_0_451_i1                        | input_to_cluster_1_452_i1                           | 2 (L3 memory cuts: 1)      |
| input_to_cluster_1_452_i1                           | concat5                                             | 8 (L3 memory cuts: 1)      |
| concat5                                             | conv30                                              | 2[S] (L3 memory cuts: 1)   |
| conv30                                              | concat6                                             | 1[S] (L3 memory cuts: 1)   |
| output_from_cluster_0_447_i1                        | input_to_cluster_1_448_i1                           | 2[S] (L3 memory cuts: 1)   |
| input_to_cluster_1_448_i1                           | concat6                                             | 23[S] (L3 memory cuts: 1)  |
| concat6                                             | conv31                                              | 1[S] (L3 memory cuts: 1)   |
| conv31                                              | output_from_cluster_1_453_i1                        | 1[S] (L3 memory cuts: 1)   |
| output_from_cluster_1_453_i1                        | input_to_cluster_0_454_i1                           | 2[S] (L3 memory cuts: 1)   |
| input_to_cluster_0_454_i1                           | conv32                                              | 2[S] (L3 memory cuts: 1)   |
| conv32                                              | output_from_cluster_0_455_i1                        | 1[RPC] (L3 memory cuts: 1) |
| output_from_cluster_0_455_i1                        | yolo11n_yolo11n_context_1_to_yolo11n_context_2_2533 | 1 (L3 memory cuts: 1)      |
| output_from_cluster_2_442_i1                        | yolo11n_yolo11n_context_1_to_yolo11n_context_2_2531 | 1 (L3 memory cuts: 1)      |
+-----------------------------------------------------+-----------------------------------------------------+----------------------------+
[2026-02-17 19:46:57.981] [default] [info] Post-Final-Split Resources for yolo11n_context_1, iteration 4
+-----------------------------------------------------+-------------+-----------------------+-----------------------+----------------------+----------------+-----+-----+------+
| Node                                                | Subclusters | L3 Weight Memory Cuts | L3 Output Memory Cuts | L3 Input Memory Cuts | L4 Memory Cuts | IBs | OBs | APUs |
+-----------------------------------------------------+-------------+-----------------------+-----------------------+----------------------+----------------+-----+-----+------+
| yolo11n_yolo11n_context_0_to_yolo11n_context_1_2529 | 0           | 0                     | 0                     | 0                    | 0.500          | 0   | 0   | 0    |
| input_to_cluster_2_412_i1                           | 0           | 0                     | 1                     | 0                    | 0.000          | 1   | 0   | 0    |
| conv12_ws                                           | 1           | 0                     | 3                     | 1                    | 0.000          | 0   | 0   | 1    |
| conv12_sd0                                          | 8           | 8                     | 1                     | 1                    | 0.000          | 0   | 0   | 1    |
| output_from_cluster_2_415_i1                        | 0           | 0                     | 0                     | 0                    | 0.000          | 0   | 1   | 0    |
| input_to_cluster_3_416_i1                           | 0           | 0                     | 1                     | 0                    | 0.000          | 1   | 0   | 0    |
| conv12_sd1                                          | 8           | 8                     | 1                     | 1                    | 0.000          | 0   | 0   | 1    |
| output_from_cluster_2_417_i1                        | 0           | 0                     | 0                     | 0                    | 0.000          | 0   | 1   | 0    |
| input_to_cluster_3_418_i1                           | 0           | 0                     | 1                     | 0                    | 0.000          | 1   | 0   | 0    |
| output_from_cluster_2_413_i1                        | 0           | 0                     | 0                     | 0                    | 0.000          | 0   | 1   | 0    |
| input_to_cluster_3_414_i1                           | 0           | 0                     | 1                     | 0                    | 0.000          | 1   | 0   | 0    |
| conv12_sd2                                          | 8           | 8                     | 1                     | 1                    | 0.000          | 0   | 0   | 1    |
| conv12_sdc                                          | 1           | 0                     | 4                     | 3                    | 0.000          | 0   | 0   | 1    |
| conv_feature_splitter3_2                            | 1           | 1                     | 3                     | 2                    | 0.000          | 0   | 0   | 1    |
| conv14                                              | 1           | 1                     | 1                     | 1                    | 0.000          | 0   | 0   | 1    |
| output_from_cluster_3_425_i1                        | 0           | 0                     | 0                     | 0                    | 0.000          | 0   | 1   | 0    |
| input_to_cluster_1_426_i1                           | 0           | 0                     | 1                     | 0                    | 0.000          | 1   | 0   | 0    |
| conv16                                              | 2           | 1                     | 1                     | 1                    | 0.000          | 0   | 0   | 1    |
| conv17                                              | 2           | 1                     | 1                     | 1                    | 0.000          | 0   | 0   | 1    |
| output_from_cluster_1_428_i1                        | 0           | 0                     | 0                     | 0                    | 0.000          | 0   | 1   | 0    |
| input_to_cluster_2_429_i1                           | 0           | 0                     | 1                     | 0                    | 0.000          | 1   | 0   | 0    |
| input_to_cluster_2_427_i1                           | 0           | 0                     | 1                     | 0                    | 0.000          | 1   | 0   | 0    |
| ew_add3                                             | 1           | 1                     | 1                     | 2                    | 0.000          | 0   | 0   | 1    |
| output_from_cluster_2_430_i1                        | 0           | 0                     | 0                     | 0                    | 0.000          | 0   | 1   | 0    |
| input_to_cluster_1_431_i1                           | 0           | 0                     | 2                     | 0                    | 0.000          | 1   | 0   | 0    |
| conv18                                              | 2           | 1                     | 1                     | 1                    | 0.000          | 0   | 0   | 1    |
| output_from_cluster_1_432_i1                        | 0           | 0                     | 0                     | 0                    | 0.000          | 0   | 1   | 0    |
| input_to_cluster_2_433_i1                           | 0           | 0                     | 1                     | 0                    | 0.000          | 1   | 0   | 0    |
| conv19                                              | 2           | 1                     | 1                     | 1                    | 0.000          | 0   | 0   | 1    |
| output_from_cluster_2_434_i1                        | 0           | 0                     | 0                     | 0                    | 0.000          | 0   | 1   | 0    |
| input_to_cluster_1_435_i1                           | 0           | 0                     | 1                     | 0                    | 0.000          | 1   | 0   | 0    |
| ew_add4                                             | 1           | 1                     | 1                     | 2                    | 0.000          | 0   | 0   | 1    |
| output_from_cluster_1_436_i1                        | 0           | 0                     | 0                     | 0                    | 0.000          | 0   | 1   | 0    |
| input_to_cluster_2_437_i1                           | 0           | 0                     | 1                     | 0                    | 0.000          | 1   | 0   | 0    |
| output_from_cluster_3_423_i1                        | 0           | 0                     | 0                     | 0                    | 0.000          | 0   | 1   | 0    |
| input_to_cluster_2_424_i1                           | 0           | 0                     | 1                     | 0                    | 0.000          | 1   | 0   | 0    |
| conv15                                              | 1           | 1                     | 1                     | 1                    | 0.000          | 0   | 0   | 1    |
| concat3                                             | 1           | 0                     | 1                     | 2                    | 0.000          | 0   | 0   | 1    |
| conv20                                              | 1           | 1                     | 1                     | 1                    | 0.000          | 0   | 0   | 1    |
| output_from_cluster_2_438_i1                        | 0           | 0                     | 0                     | 0                    | 0.000          | 0   | 1   | 0    |
| input_to_cluster_3_439_i1                           | 0           | 0                     | 1                     | 0                    | 0.000          | 1   | 0   | 0    |
| output_from_cluster_3_419_i1                        | 0           | 0                     | 0                     | 0                    | 0.000          | 0   | 1   | 0    |
| input_to_cluster_0_420_i1                           | 0           | 0                     | 2                     | 0                    | 0.000          | 1   | 0   | 0    |
| conv_feature_splitter3_1                            | 1           | 1                     | 1                     | 2                    | 0.000          | 0   | 0   | 1    |
| output_from_cluster_0_421_i1                        | 0           | 0                     | 0                     | 0                    | 0.000          | 0   | 1   | 0    |
| input_to_cluster_3_422_i1                           | 0           | 0                     | 1                     | 0                    | 0.000          | 1   | 0   | 0    |
| concat4                                             | 1           | 0                     | 1                     | 3                    | 0.000          | 0   | 0   | 1    |
| output_from_cluster_3_440_i1                        | 0           | 0                     | 0                     | 0                    | 0.000          | 0   | 1   | 0    |
| input_to_cluster_2_441_i1                           | 0           | 0                     | 1                     | 0                    | 0.000          | 1   | 0   | 0    |
| conv21                                              | 3           | 3                     | 9                     | 1                    | 0.000          | 0   | 0   | 1    |
| conv22_d0                                           | 6           | 6                     | 2                     | 3                    | 0.000          | 0   | 0   | 1    |
| conv22_d1                                           | 6           | 6                     | 2                     | 3                    | 0.000          | 0   | 0   | 1    |
| conv22_dc                                           | 1           | 0                     | 1                     | 4                    | 0.000          | 0   | 0   | 1    |
| output_from_cluster_2_443_i1                        | 0           | 0                     | 0                     | 0                    | 0.000          | 0   | 1   | 0    |
| input_to_cluster_0_444_i1                           | 0           | 0                     | 2                     | 0                    | 0.000          | 1   | 0   | 0    |
| conv_feature_splitter4_1                            | 2           | 1                     | 1                     | 1                    | 0.000          | 0   | 0   | 1    |
| output_from_cluster_0_445_i1                        | 0           | 0                     | 0                     | 0                    | 0.000          | 0   | 1   | 0    |
| input_to_cluster_1_446_i1                           | 0           | 0                     | 1                     | 0                    | 0.000          | 1   | 0   | 0    |
| conv_feature_splitter4_2                            | 2           | 1                     | 3                     | 1                    | 0.000          | 0   | 0   | 1    |
| conv24                                              | 1           | 1                     | 2                     | 1                    | 0.000          | 0   | 0   | 1    |
| conv26                                              | 2           | 2                     | 1                     | 1                    | 0.000          | 0   | 0   | 1    |
| conv27                                              | 2           | 2                     | 1                     | 1                    | 0.000          | 0   | 0   | 1    |
| ew_add5                                             | 1           | 1                     | 1                     | 2                    | 0.000          | 0   | 0   | 1    |
| output_from_cluster_0_449_i1                        | 0           | 0                     | 0                     | 0                    | 0.000          | 0   | 1   | 0    |
| input_to_cluster_1_450_i1                           | 0           | 0                     | 2                     | 0                    | 0.000          | 1   | 0   | 0    |
| conv28                                              | 2           | 2                     | 1                     | 1                    | 0.000          | 0   | 0   | 1    |
| conv29                                              | 2           | 2                     | 1                     | 1                    | 0.000          | 0   | 0   | 1    |
| ew_add6                                             | 1           | 1                     | 1                     | 2                    | 0.000          | 0   | 0   | 1    |
| conv25                                              | 1           | 1                     | 1                     | 1                    | 0.000          | 0   | 0   | 1    |
| output_from_cluster_0_451_i1                        | 0           | 0                     | 0                     | 0                    | 0.000          | 0   | 1   | 0    |
| input_to_cluster_1_452_i1                           | 0           | 0                     | 1                     | 0                    | 0.000          | 1   | 0   | 0    |
| concat5                                             | 1           | 0                     | 1                     | 2                    | 0.000          | 0   | 0   | 1    |
| conv30                                              | 1           | 1                     | 1                     | 1                    | 0.000          | 0   | 0   | 1    |
| output_from_cluster_0_447_i1                        | 0           | 0                     | 0                     | 0                    | 0.000          | 0   | 1   | 0    |
| input_to_cluster_1_448_i1                           | 0           | 0                     | 1                     | 0                    | 0.000          | 1   | 0   | 0    |
| concat6                                             | 1           | 0                     | 1                     | 3                    | 0.000          | 0   | 0   | 1    |
| conv31                                              | 4           | 4                     | 1                     | 1                    | 0.000          | 0   | 0   | 1    |
| output_from_cluster_1_453_i1                        | 0           | 0                     | 0                     | 0                    | 0.000          | 0   | 1   | 0    |
| input_to_cluster_0_454_i1                           | 0           | 0                     | 1                     | 0                    | 0.000          | 1   | 0   | 0    |
| conv32                                              | 1           | 1                     | 1                     | 1                    | 0.000          | 0   | 0   | 1    |
| output_from_cluster_0_455_i1                        | 0           | 0                     | 0                     | 0                    | 0.000          | 0   | 1   | 0    |
| yolo11n_yolo11n_context_1_to_yolo11n_context_2_2533 | 0           | 0                     | 0                     | 0                    | 0.500          | 0   | 0   | 0    |
| output_from_cluster_2_442_i1                        | 0           | 0                     | 0                     | 0                    | 0.000          | 0   | 1   | 0    |
| yolo11n_yolo11n_context_1_to_yolo11n_context_2_2531 | 0           | 0                     | 0                     | 0                    | 0.500          | 0   | 0   | 0    |
+-----------------------------------------------------+-------------+-----------------------+-----------------------+----------------------+----------------+-----+-----+------+
TOTAL:  LCUs: 37 (57.8125%), Subclusters: 83 (32.4219%), Weight memory cuts: 70 (13.6719%), L3 Output memory cuts: 83 (16.2109%), L3 Input memory cuts: 58 (11.3281%), L3 total cuts: 153 (29.8828%), L4 memory cuts: 0 (0%), IBs: 22 (68.75%), OBs: 22 (68.75%), APUs: 37 (46.25%)
[2026-02-17 19:46:58.123] [default] [info] Post-Final-Split Resources for yolo11n_context_1, iteration 4
+-----------------------------------------------------+-------------+-----------------------+-----------------------+----------------------+----------------+-----+-----+------+
| Node                                                | Subclusters | L3 Weight Memory Cuts | L3 Output Memory Cuts | L3 Input Memory Cuts | L4 Memory Cuts | IBs | OBs | APUs |
+-----------------------------------------------------+-------------+-----------------------+-----------------------+----------------------+----------------+-----+-----+------+
| yolo11n_yolo11n_context_0_to_yolo11n_context_1_2529 | 0           | 0                     | 0                     | 0                    | 0.500          | 0   | 0   | 0    |
| input_to_cluster_0_412_i1                           | 0           | 0                     | 1                     | 0                    | 0.000          | 1   | 0   | 0    |
| conv12_ws                                           | 1           | 0                     | 3                     | 1                    | 0.000          | 0   | 0   | 1    |
| conv12_sd0                                          | 8           | 8                     | 1                     | 1                    | 0.000          | 0   | 0   | 1    |
| output_from_cluster_0_415_i1                        | 0           | 0                     | 0                     | 0                    | 0.000          | 0   | 1   | 0    |
| input_to_cluster_1_416_i1                           | 0           | 0                     | 1                     | 0                    | 0.000          | 1   | 0   | 0    |
| conv12_sd1                                          | 8           | 8                     | 1                     | 1                    | 0.000          | 0   | 0   | 1    |
| output_from_cluster_0_417_i1                        | 0           | 0                     | 0                     | 0                    | 0.000          | 0   | 1   | 0    |
| input_to_cluster_1_418_i1                           | 0           | 0                     | 1                     | 0                    | 0.000          | 1   | 0   | 0    |
| output_from_cluster_0_413_i1                        | 0           | 0                     | 0                     | 0                    | 0.000          | 0   | 1   | 0    |
| input_to_cluster_1_414_i1                           | 0           | 0                     | 1                     | 0                    | 0.000          | 1   | 0   | 0    |
| conv12_sd2                                          | 8           | 8                     | 1                     | 1                    | 0.000          | 0   | 0   | 1    |
| conv12_sdc                                          | 1           | 0                     | 4                     | 3                    | 0.000          | 0   | 0   | 1    |
| conv_feature_splitter3_2                            | 1           | 1                     | 3                     | 2                    | 0.000          | 0   | 0   | 1    |
| conv14                                              | 1           | 1                     | 1                     | 1                    | 0.000          | 0   | 0   | 1    |
| output_from_cluster_1_425_i1                        | 0           | 0                     | 0                     | 0                    | 0.000          | 0   | 1   | 0    |
| input_to_cluster_1_426_i1                           | 0           | 0                     | 1                     | 0                    | 0.000          | 1   | 0   | 0    |
| conv16                                              | 2           | 1                     | 1                     | 1                    | 0.000          | 0   | 0   | 1    |
| conv17                                              | 2           | 1                     | 1                     | 1                    | 0.000          | 0   | 0   | 1    |
| output_from_cluster_1_428_i1                        | 0           | 0                     | 0                     | 0                    | 0.000          | 0   | 1   | 0    |
| input_to_cluster_0_429_i1                           | 0           | 0                     | 1                     | 0                    | 0.000          | 1   | 0   | 0    |
| input_to_cluster_0_427_i1                           | 0           | 0                     | 1                     | 0                    | 0.000          | 1   | 0   | 0    |
| ew_add3                                             | 1           | 1                     | 1                     | 2                    | 0.000          | 0   | 0   | 1    |
| output_from_cluster_0_430_i1                        | 0           | 0                     | 0                     | 0                    | 0.000          | 0   | 1   | 0    |
| input_to_cluster_1_431_i1                           | 0           | 0                     | 2                     | 0                    | 0.000          | 1   | 0   | 0    |
| conv18                                              | 2           | 1                     | 1                     | 1                    | 0.000          | 0   | 0   | 1    |
| output_from_cluster_1_432_i1                        | 0           | 0                     | 0                     | 0                    | 0.000          | 0   | 1   | 0    |
| input_to_cluster_0_433_i1                           | 0           | 0                     | 1                     | 0                    | 0.000          | 1   | 0   | 0    |
| conv19                                              | 2           | 1                     | 1                     | 1                    | 0.000          | 0   | 0   | 1    |
| output_from_cluster_0_434_i1                        | 0           | 0                     | 0                     | 0                    | 0.000          | 0   | 1   | 0    |
| input_to_cluster_1_435_i1                           | 0           | 0                     | 1                     | 0                    | 0.000          | 1   | 0   | 0    |
| ew_add4                                             | 1           | 1                     | 1                     | 2                    | 0.000          | 0   | 0   | 1    |
| output_from_cluster_1_436_i1                        | 0           | 0                     | 0                     | 0                    | 0.000          | 0   | 1   | 0    |
| input_to_cluster_0_437_i1                           | 0           | 0                     | 1                     | 0                    | 0.000          | 1   | 0   | 0    |
| output_from_cluster_1_423_i1                        | 0           | 0                     | 0                     | 0                    | 0.000          | 0   | 1   | 0    |
| input_to_cluster_0_424_i1                           | 0           | 0                     | 1                     | 0                    | 0.000          | 1   | 0   | 0    |
| conv15                                              | 1           | 1                     | 1                     | 1                    | 0.000          | 0   | 0   | 1    |
| concat3                                             | 1           | 0                     | 1                     | 2                    | 0.000          | 0   | 0   | 1    |
| conv20                                              | 1           | 1                     | 1                     | 1                    | 0.000          | 0   | 0   | 1    |
| output_from_cluster_0_438_i1                        | 0           | 0                     | 0                     | 0                    | 0.000          | 0   | 1   | 0    |
| input_to_cluster_1_439_i1                           | 0           | 0                     | 1                     | 0                    | 0.000          | 1   | 0   | 0    |
| output_from_cluster_1_419_i1                        | 0           | 0                     | 0                     | 0                    | 0.000          | 0   | 1   | 0    |
| input_to_cluster_0_420_i1                           | 0           | 0                     | 2                     | 0                    | 0.000          | 1   | 0   | 0    |
| conv_feature_splitter3_1                            | 1           | 1                     | 1                     | 2                    | 0.000          | 0   | 0   | 1    |
| output_from_cluster_0_421_i1                        | 0           | 0                     | 0                     | 0                    | 0.000          | 0   | 1   | 0    |
| input_to_cluster_1_422_i1                           | 0           | 0                     | 1                     | 0                    | 0.000          | 1   | 0   | 0    |
| concat4                                             | 1           | 0                     | 1                     | 3                    | 0.000          | 0   | 0   | 1    |
| output_from_cluster_1_440_i1                        | 0           | 0                     | 0                     | 0                    | 0.000          | 0   | 1   | 0    |
| input_to_cluster_0_441_i1                           | 0           | 0                     | 1                     | 0                    | 0.000          | 1   | 0   | 0    |
| conv21                                              | 3           | 3                     | 9                     | 1                    | 0.000          | 0   | 0   | 1    |
| conv22_d0                                           | 6           | 6                     | 2                     | 3                    | 0.000          | 0   | 0   | 1    |
| conv22_d1                                           | 6           | 6                     | 2                     | 3                    | 0.000          | 0   | 0   | 1    |
| conv22_dc                                           | 1           | 0                     | 1                     | 4                    | 0.000          | 0   | 0   | 1    |
| output_from_cluster_0_443_i1                        | 0           | 0                     | 0                     | 0                    | 0.000          | 0   | 1   | 0    |
| input_to_cluster_0_444_i1                           | 0           | 0                     | 2                     | 0                    | 0.000          | 1   | 0   | 0    |
| conv_feature_splitter4_1                            | 2           | 1                     | 1                     | 1                    | 0.000          | 0   | 0   | 1    |
| output_from_cluster_0_445_i1                        | 0           | 0                     | 0                     | 0                    | 0.000          | 0   | 1   | 0    |
| input_to_cluster_1_446_i1                           | 0           | 0                     | 1                     | 0                    | 0.000          | 1   | 0   | 0    |
| conv_feature_splitter4_2                            | 2           | 1                     | 3                     | 1                    | 0.000          | 0   | 0   | 1    |
| conv24                                              | 1           | 1                     | 2                     | 1                    | 0.000          | 0   | 0   | 1    |
| conv26                                              | 2           | 2                     | 1                     | 1                    | 0.000          | 0   | 0   | 1    |
| conv27                                              | 2           | 2                     | 1                     | 1                    | 0.000          | 0   | 0   | 1    |
| ew_add5                                             | 1           | 1                     | 1                     | 2                    | 0.000          | 0   | 0   | 1    |
| output_from_cluster_0_449_i1                        | 0           | 0                     | 0                     | 0                    | 0.000          | 0   | 1   | 0    |
| input_to_cluster_1_450_i1                           | 0           | 0                     | 2                     | 0                    | 0.000          | 1   | 0   | 0    |
| conv28                                              | 2           | 2                     | 1                     | 1                    | 0.000          | 0   | 0   | 1    |
| conv29                                              | 2           | 2                     | 1                     | 1                    | 0.000          | 0   | 0   | 1    |
| ew_add6                                             | 1           | 1                     | 1                     | 2                    | 0.000          | 0   | 0   | 1    |
| conv25                                              | 1           | 1                     | 1                     | 1                    | 0.000          | 0   | 0   | 1    |
| output_from_cluster_0_451_i1                        | 0           | 0                     | 0                     | 0                    | 0.000          | 0   | 1   | 0    |
| input_to_cluster_1_452_i1                           | 0           | 0                     | 1                     | 0                    | 0.000          | 1   | 0   | 0    |
| concat5                                             | 1           | 0                     | 1                     | 2                    | 0.000          | 0   | 0   | 1    |
| conv30                                              | 1           | 1                     | 1                     | 1                    | 0.000          | 0   | 0   | 1    |
| output_from_cluster_0_447_i1                        | 0           | 0                     | 0                     | 0                    | 0.000          | 0   | 1   | 0    |
| input_to_cluster_1_448_i1                           | 0           | 0                     | 1                     | 0                    | 0.000          | 1   | 0   | 0    |
| concat6                                             | 1           | 0                     | 1                     | 3                    | 0.000          | 0   | 0   | 1    |
| conv31                                              | 4           | 4                     | 1                     | 1                    | 0.000          | 0   | 0   | 1    |
| output_from_cluster_1_453_i1                        | 0           | 0                     | 0                     | 0                    | 0.000          | 0   | 1   | 0    |
| input_to_cluster_0_454_i1                           | 0           | 0                     | 1                     | 0                    | 0.000          | 1   | 0   | 0    |
| conv32                                              | 1           | 1                     | 1                     | 1                    | 0.000          | 0   | 0   | 1    |
| output_from_cluster_0_455_i1                        | 0           | 0                     | 0                     | 0                    | 0.000          | 0   | 1   | 0    |
| yolo11n_yolo11n_context_1_to_yolo11n_context_2_2533 | 0           | 0                     | 0                     | 0                    | 0.500          | 0   | 0   | 0    |
| output_from_cluster_0_442_i1                        | 0           | 0                     | 0                     | 0                    | 0.000          | 0   | 1   | 0    |
| yolo11n_yolo11n_context_1_to_yolo11n_context_2_2531 | 0           | 0                     | 0                     | 0                    | 0.500          | 0   | 0   | 0    |
+-----------------------------------------------------+-------------+-----------------------+-----------------------+----------------------+----------------+-----+-----+------+
TOTAL:  LCUs: 37 (57.8125%), Subclusters: 83 (32.4219%), Weight memory cuts: 70 (13.6719%), L3 Output memory cuts: 83 (16.2109%), L3 Input memory cuts: 58 (11.3281%), L3 total cuts: 153 (29.8828%), L4 memory cuts: 0 (0%), IBs: 22 (68.75%), OBs: 22 (68.75%), APUs: 37 (46.25%)
[2026-02-17 19:47:01.893] [default] [info] Post-Split Resources for yolo11n_context_2, iteration 1 (CP)
+-----------------------------------------------------+-------------+-----------------------+-----------------------+----------------------+----------------+-----+-----+------+
| Node                                                | Subclusters | L3 Weight Memory Cuts | L3 Output Memory Cuts | L3 Input Memory Cuts | L4 Memory Cuts | IBs | OBs | APUs |
+-----------------------------------------------------+-------------+-----------------------+-----------------------+----------------------+----------------+-----+-----+------+
| yolo11n_yolo11n_context_1_to_yolo11n_context_2_2532 | 0           | 0                     | 0                     | 0                    | 0.500          | 0   | 0   | 0    |
| input_to_cluster_0_456_i1                           | 0           | 0                     | 1                     | 0                    | 0.000          | 1   | 0   | 0    |
| yolo11n_yolo11n_context_1_to_yolo11n_context_2_2534 | 0           | 0                     | 0                     | 0                    | 0.500          | 0   | 0   | 0    |
| input_to_cluster_2_457_i1                           | 0           | 0                     | 1                     | 0                    | 0.000          | 1   | 0   | 0    |
| yolo11n_yolo11n_context_1_to_yolo11n_context_2_2535 | 0           | 0                     | 0                     | 0                    | 0.500          | 0   | 0   | 0    |
| input_to_cluster_2_458_i1                           | 0           | 0                     | 1                     | 0                    | 0.000          | 1   | 0   | 0    |
| maxpool1                                            | 1           | 0                     | 18                    | 1                    | 0.000          | 0   | 0   | 1    |
| maxpool2                                            | 1           | 0                     | 18                    | 9                    | 0.000          | 0   | 0   | 1    |
| maxpool3                                            | 1           | 0                     | 3                     | 9                    | 0.000          | 0   | 0   | 1    |
| concat7                                             | 1           | 0                     | 1                     | 22                   | 0.000          | 0   | 0   | 1    |
| output_from_cluster_2_459_i1                        | 0           | 0                     | 0                     | 0                    | 0.000          | 0   | 1   | 0    |
| input_to_cluster_2_460_i1                           | 0           | 0                     | 1                     | 0                    | 0.000          | 1   | 0   | 0    |
| conv33                                              | 4           | 4                     | 1                     | 1                    | 0.000          | 0   | 0   | 1    |
| output_from_cluster_2_461_i1                        | 0           | 0                     | 0                     | 0                    | 0.000          | 0   | 1   | 0    |
| input_to_cluster_0_462_i1                           | 0           | 0                     | 1                     | 0                    | 0.000          | 1   | 0   | 0    |
| conv_feature_splitter5_1                            | 1           | 1                     | 1                     | 1                    | 0.000          | 0   | 0   | 1    |
| output_from_cluster_0_464_i1                        | 0           | 0                     | 0                     | 0                    | 0.000          | 0   | 1   | 0    |
| input_to_cluster_2_465_i1                           | 0           | 0                     | 3                     | 0                    | 0.000          | 1   | 0   | 0    |
| input_to_cluster_2_463_i1                           | 0           | 0                     | 1                     | 0                    | 0.000          | 1   | 0   | 0    |
| conv_feature_splitter5_2                            | 1           | 1                     | 2                     | 1                    | 0.000          | 0   | 0   | 1    |
| conv_feature_splitter6_1                            | 1           | 1                     | 1                     | 1                    | 0.000          | 0   | 0   | 1    |
| output_from_cluster_2_469_i1                        | 0           | 0                     | 0                     | 0                    | 0.000          | 0   | 1   | 0    |
| input_to_cluster_0_470_i1                           | 0           | 0                     | 1                     | 0                    | 0.000          | 1   | 0   | 0    |
| output_from_cluster_2_466_i1                        | 0           | 0                     | 0                     | 0                    | 0.000          | 0   | 1   | 0    |
| input_to_cluster_0_467_i1                           | 0           | 0                     | 2                     | 0                    | 0.000          | 1   | 0   | 0    |
| conv_feature_splitter6_2                            | 1           | 1                     | 3                     | 1                    | 0.000          | 0   | 0   | 1    |
| matmul1                                             | 1           | 0                     | 4                     | 1                    | 0.000          | 0   | 0   | 1    |
| reduce_max_softmax1                                 | 1           | 0                     | 1                     | 2                    | 0.000          | 0   | 0   | 1    |
| ew_sub_softmax1                                     | 1           | 1                     | 12                    | 3                    | 0.000          | 0   | 0   | 1    |
| ne_activation_ew_sub_softmax1_sd0                   | 1 [16bit]   | 1                     | 1                     | 4                    | 0.000          | 0   | 0   | 1    |
| output_from_cluster_0_473_i1                        | 0           | 0                     | 0                     | 0                    | 0.000          | 0   | 1   | 0    |
| input_to_cluster_2_474_i1                           | 0           | 0                     | 1                     | 0                    | 0.000          | 1   | 0   | 0    |
| ne_activation_ew_sub_softmax1_sd2                   | 1 [16bit]   | 1                     | 1                     | 4                    | 0.000          | 0   | 0   | 1    |
| output_from_cluster_0_477_i1                        | 0           | 0                     | 0                     | 0                    | 0.000          | 0   | 1   | 0    |
| input_to_cluster_2_478_i1                           | 0           | 0                     | 1                     | 0                    | 0.000          | 1   | 0   | 0    |
| output_from_cluster_0_471_i1                        | 0           | 0                     | 0                     | 0                    | 0.000          | 0   | 1   | 0    |
| input_to_cluster_2_472_i1                           | 0           | 0                     | 4                     | 0                    | 0.000          | 1   | 0   | 0    |
| ne_activation_ew_sub_softmax1_sd1                   | 1 [16bit]   | 1                     | 1                     | 4                    | 0.000          | 0   | 0   | 1    |
| output_from_cluster_2_475_i1                        | 0           | 0                     | 0                     | 0                    | 0.000          | 0   | 1   | 0    |
| input_to_cluster_2_476_i1                           | 0           | 0                     | 1                     | 0                    | 0.000          | 1   | 0   | 0    |
| ne_activation_ew_sub_softmax1_sdc                   | 1           | 0                     | 2                     | 3                    | 0.000          | 0   | 0   | 1    |
| output_from_cluster_2_479_i1                        | 0           | 0                     | 0                     | 0                    | 0.000          | 0   | 1   | 0    |
| input_to_cluster_3_480_i1                           | 0           | 0                     | 1                     | 0                    | 0.000          | 1   | 0   | 0    |
| reduce_sum_softmax1                                 | 1           | 0                     | 1                     | 1                    | 0.000          | 0   | 0   | 1    |
| input_to_cluster_3_481_i1                           | 0           | 0                     | 1                     | 0                    | 0.000          | 1   | 0   | 0    |
| ew_mult_softmax1                                    | 1           | 0                     | 2                     | 2                    | 0.000          | 0   | 0   | 1    |
| conv_feature_splitter6_3                            | 1           | 1                     | 1                     | 1                    | 0.000          | 0   | 0   | 1    |
| output_from_cluster_0_482_i1                        | 0           | 0                     | 0                     | 0                    | 0.000          | 0   | 1   | 0    |
| input_to_cluster_2_483_i1                           | 0           | 0                     | 1                     | 0                    | 0.000          | 1   | 0   | 0    |
| activation1                                         | 1           | 1                     | 1                     | 1                    | 0.000          | 0   | 0   | 1    |
| output_from_cluster_2_485_i1                        | 0           | 0                     | 0                     | 0                    | 0.000          | 0   | 1   | 0    |
| input_to_cluster_0_486_i1                           | 0           | 0                     | 1                     | 0                    | 0.000          | 1   | 0   | 0    |
| matmul2_reshape                                     | 1           | 0                     | 1                     | 1                    | 0.000          | 0   | 0   | 1    |
| output_from_cluster_0_487_i1                        | 0           | 0                     | 0                     | 0                    | 0.000          | 0   | 1   | 0    |
| input_to_cluster_3_488_i1                           | 0           | 0                     | 6                     | 0                    | 0.000          | 1   | 0   | 0    |
| matmul2                                             | 2           | 0                     | 1                     | 2                    | 0.000          | 0   | 0   | 1    |
| output_from_cluster_3_489_i1                        | 0           | 0                     | 0                     | 0                    | 0.000          | 0   | 1   | 0    |
| input_to_cluster_2_490_i1                           | 0           | 0                     | 1                     | 0                    | 0.000          | 1   | 0   | 0    |
| input_to_cluster_3_484_i1                           | 0           | 0                     | 1                     | 0                    | 0.000          | 1   | 0   | 0    |
| dw1_defuse_width_feature_reshape                    | 1           | 0                     | 1                     | 1                    | 0.000          | 0   | 0   | 1    |
| dw1_defuse_reshape_hxf_to_w_transposed              | 1           | 0                     | 2                     | 1                    | 0.000          | 0   | 0   | 1    |
| output_from_cluster_3_491_i1                        | 0           | 0                     | 0                     | 0                    | 0.000          | 0   | 1   | 0    |
| input_to_cluster_2_492_i1                           | 0           | 0                     | 21                    | 0                    | 0.000          | 1   | 0   | 0    |
| dw1_defuse_1x1                                      | 1           | 1                     | 1                     | 22                   | 0.000          | 0   | 0   | 1    |
| output_from_cluster_2_493_i1                        | 0           | 0                     | 0                     | 0                    | 0.000          | 0   | 1   | 0    |
| input_to_cluster_2_494_i1                           | 0           | 0                     | 1                     | 0                    | 0.000          | 1   | 0   | 0    |
| input_to_cluster_2_468_i1                           | 0           | 0                     | 3                     | 0                    | 0.000          | 1   | 0   | 0    |
| conv36                                              | 1           | 1                     | 2                     | 4                    | 0.000          | 0   | 0   | 1    |
| conv37                                              | 1           | 1                     | 1                     | 1                    | 0.000          | 0   | 0   | 1    |
| conv38                                              | 1           | 1                     | 1                     | 2                    | 0.000          | 0   | 0   | 1    |
| concat8                                             | 1           | 0                     | 1                     | 4                    | 0.000          | 0   | 0   | 1    |
| conv39                                              | 2           | 2                     | 2                     | 1                    | 0.000          | 0   | 0   | 1    |
| resize1                                             | 1           | 0                     | 1                     | 1                    | 0.000          | 0   | 0   | 1    |
| output_from_cluster_2_496_i1                        | 0           | 0                     | 0                     | 0                    | 0.000          | 0   | 1   | 0    |
| input_to_cluster_0_497_i1                           | 0           | 0                     | 1                     | 0                    | 0.000          | 1   | 0   | 0    |
| concat9                                             | 1           | 0                     | 1                     | 2                    | 0.000          | 0   | 0   | 1    |
| output_from_cluster_0_498_i1                        | 0           | 0                     | 0                     | 0                    | 0.000          | 0   | 1   | 0    |
| input_to_cluster_2_499_i1                           | 0           | 0                     | 2                     | 0                    | 0.000          | 1   | 0   | 0    |
| conv_feature_splitter7_1                            | 3           | 3                     | 1                     | 1                    | 0.000          | 0   | 0   | 1    |
| conv_feature_splitter7_2                            | 3           | 3                     | 3                     | 1                    | 0.000          | 0   | 0   | 1    |
| conv41                                              | 2           | 1                     | 2                     | 1                    | 0.000          | 0   | 0   | 1    |
| conv42                                              | 2           | 2                     | 1                     | 2                    | 0.000          | 0   | 0   | 1    |
| ew_add10                                            | 1           | 1                     | 1                     | 2                    | 0.000          | 0   | 0   | 1    |
| concat10                                            | 1           | 0                     | 1                     | 3                    | 0.000          | 0   | 0   | 1    |
| output_from_cluster_2_500_i1                        | 0           | 0                     | 0                     | 0                    | 0.000          | 0   | 1   | 0    |
| input_to_cluster_0_501_i1                           | 0           | 0                     | 1                     | 0                    | 0.000          | 1   | 0   | 0    |
| conv43                                              | 3           | 3                     | 1                     | 1                    | 0.000          | 0   | 0   | 1    |
| output_from_cluster_0_502_i1                        | 0           | 0                     | 0                     | 0                    | 0.000          | 0   | 1   | 0    |
| yolo11n_yolo11n_context_2_to_yolo11n_context_3_2538 | 0           | 0                     | 0                     | 0                    | 0.500          | 0   | 0   | 0    |
| output_from_cluster_2_495_i1                        | 0           | 0                     | 0                     | 0                    | 0.000          | 0   | 1   | 0    |
| yolo11n_yolo11n_context_2_to_yolo11n_context_4_2536 | 0           | 0                     | 0                     | 0                    | 0.500          | 0   | 0   | 0    |
+-----------------------------------------------------+-------------+-----------------------+-----------------------+----------------------+----------------+-----+-----+------+
TOTAL:  LCUs: 39 (60.9375%), Subclusters: 52 (20.3125%), 16bit Subclusters: 3 (1.17188%), Weight memory cuts: 33 (6.44531%), L3 Output memory cuts: 160 (31.25%), L3 Input memory cuts: 125 (24.4141%), L3 total cuts: 193 (37.6953%), L4 memory cuts: 0 (0%), IBs: 26 (81.25%), OBs: 21 (65.625%), APUs: 39 (48.75%)
[2026-02-17 19:47:01.906] [default] [info] Post-Split Buffers for yolo11n_context_2, iteration 1 (CP) buffers:
+-----------------------------------------------------+-----------------------------------------------------+----------------------------+
| Src                                                 | Dst                                                 | Buffers                    |
+-----------------------------------------------------+-----------------------------------------------------+----------------------------+
| yolo11n_yolo11n_context_1_to_yolo11n_context_2_2532 | input_to_cluster_0_456_i1                           | 1 (L3 memory cuts: 1)      |
| input_to_cluster_0_456_i1                           | concat9                                             | 2 (L3 memory cuts: 1)      |
| yolo11n_yolo11n_context_1_to_yolo11n_context_2_2534 | input_to_cluster_2_457_i1                           | 1 (L3 memory cuts: 1)      |
| input_to_cluster_2_457_i1                           | concat7                                             | 2 (L3 memory cuts: 1)      |
| yolo11n_yolo11n_context_1_to_yolo11n_context_2_2535 | input_to_cluster_2_458_i1                           | 1 (L3 memory cuts: 1)      |
| input_to_cluster_2_458_i1                           | maxpool1                                            | 8 (L3 memory cuts: 1)      |
| maxpool1                                            | maxpool2                                            | 9[RPC] (L3 memory cuts: 9) |
| maxpool1                                            | concat7                                             | 9[RPC] (L3 memory cuts: 9) |
| maxpool2                                            | maxpool3                                            | 9[RPC] (L3 memory cuts: 9) |
| maxpool2                                            | concat7                                             | 9[RPC] (L3 memory cuts: 9) |
| maxpool3                                            | concat7                                             | 3[RPC] (L3 memory cuts: 3) |
| concat7                                             | output_from_cluster_2_459_i1                        | 3[S] (L3 memory cuts: 1)   |
| output_from_cluster_2_459_i1                        | input_to_cluster_2_460_i1                           | 2[S] (L3 memory cuts: 1)   |
| input_to_cluster_2_460_i1                           | conv33                                              | 4[S] (L3 memory cuts: 1)   |
| conv33                                              | output_from_cluster_2_461_i1                        | 1[S] (L3 memory cuts: 1)   |
| output_from_cluster_2_461_i1                        | input_to_cluster_2_463_i1                           | 2[S] (L3 memory cuts: 1)   |
| output_from_cluster_2_461_i1                        | input_to_cluster_0_462_i1                           | 2[S] (L3 memory cuts: 1)   |
| input_to_cluster_0_462_i1                           | conv_feature_splitter5_1                            | 2[S] (L3 memory cuts: 1)   |
| conv_feature_splitter5_1                            | output_from_cluster_0_464_i1                        | 1[S] (L3 memory cuts: 1)   |
| output_from_cluster_0_464_i1                        | input_to_cluster_2_465_i1                           | 2[S] (L3 memory cuts: 1)   |
| input_to_cluster_2_465_i1                           | concat8                                             | 80[S] (L3 memory cuts: 3)  |
| input_to_cluster_2_463_i1                           | conv_feature_splitter5_2                            | 2[S] (L3 memory cuts: 1)   |
| conv_feature_splitter5_2                            | conv_feature_splitter6_1                            | 2 (L3 memory cuts: 1)      |
| conv_feature_splitter5_2                            | output_from_cluster_2_466_i1                        | 1 (L3 memory cuts: 1)      |
| conv_feature_splitter6_1                            | output_from_cluster_2_469_i1                        | 1 (L3 memory cuts: 1)      |
| output_from_cluster_2_469_i1                        | input_to_cluster_0_470_i1                           | 2 (L3 memory cuts: 1)      |
| input_to_cluster_0_470_i1                           | matmul1                                             | 21 (L3 memory cuts: 1)     |
| output_from_cluster_2_466_i1                        | input_to_cluster_2_468_i1                           | 2 (L3 memory cuts: 1)      |
| output_from_cluster_2_466_i1                        | input_to_cluster_0_467_i1                           | 2 (L3 memory cuts: 1)      |
| input_to_cluster_0_467_i1                           | conv_feature_splitter6_2                            | 1 (L3 memory cuts: 1)      |
| input_to_cluster_0_467_i1                           | conv_feature_splitter6_3                            | 1 (L3 memory cuts: 1)      |
| conv_feature_splitter6_2                            | matmul1                                             | 40 (L3 memory cuts: 3)     |
| matmul1                                             | reduce_max_softmax1                                 | 2[RPC] (L3 memory cuts: 2) |
| matmul1                                             | ew_sub_softmax1                                     | 2[RPC] (L3 memory cuts: 2) |
| reduce_max_softmax1                                 | ew_sub_softmax1                                     | 1 (L3 memory cuts: 1)      |
| ew_sub_softmax1                                     | ne_activation_ew_sub_softmax1_sd0                   | 3 (L3 memory cuts: 4)      |
| ew_sub_softmax1                                     | output_from_cluster_0_471_i1                        | 3 (L3 memory cuts: 4)      |
| ew_sub_softmax1                                     | ne_activation_ew_sub_softmax1_sd2                   | 3 (L3 memory cuts: 4)      |
| ne_activation_ew_sub_softmax1_sd0                   | output_from_cluster_0_473_i1                        | 1 (L3 memory cuts: 1)      |
| output_from_cluster_0_473_i1                        | input_to_cluster_2_474_i1                           | 2 (L3 memory cuts: 1)      |
| input_to_cluster_2_474_i1                           | ne_activation_ew_sub_softmax1_sdc                   | 2 (L3 memory cuts: 1)      |
| ne_activation_ew_sub_softmax1_sd2                   | output_from_cluster_0_477_i1                        | 1 (L3 memory cuts: 1)      |
| output_from_cluster_0_477_i1                        | input_to_cluster_2_478_i1                           | 2 (L3 memory cuts: 1)      |
| input_to_cluster_2_478_i1                           | ne_activation_ew_sub_softmax1_sdc                   | 2 (L3 memory cuts: 1)      |
| output_from_cluster_0_471_i1                        | input_to_cluster_2_472_i1                           | 2 (L3 memory cuts: 3)      |
| input_to_cluster_2_472_i1                           | ne_activation_ew_sub_softmax1_sd1                   | 3 (L3 memory cuts: 4)      |
| ne_activation_ew_sub_softmax1_sd1                   | output_from_cluster_2_475_i1                        | 1 (L3 memory cuts: 1)      |
| output_from_cluster_2_475_i1                        | input_to_cluster_2_476_i1                           | 2 (L3 memory cuts: 1)      |
| input_to_cluster_2_476_i1                           | ne_activation_ew_sub_softmax1_sdc                   | 1 (L3 memory cuts: 1)      |
| ne_activation_ew_sub_softmax1_sdc                   | output_from_cluster_2_479_i1                        | 2[RPC] (L3 memory cuts: 2) |
| output_from_cluster_2_479_i1                        | input_to_cluster_3_481_i1                           | 2[RPC] (L3 memory cuts: 2) |
| output_from_cluster_2_479_i1                        | input_to_cluster_3_480_i1                           | 2[RPC] (L3 memory cuts: 2) |
| input_to_cluster_3_480_i1                           | reduce_sum_softmax1                                 | 1[RPC] (L3 memory cuts: 1) |
| reduce_sum_softmax1                                 | ew_mult_softmax1                                    | 2 (L3 memory cuts: 1)      |
| input_to_cluster_3_481_i1                           | ew_mult_softmax1                                    | 1[RPC] (L3 memory cuts: 1) |
| ew_mult_softmax1                                    | matmul2                                             | 2 (L3 memory cuts: 2)      |
| conv_feature_splitter6_3                            | output_from_cluster_0_482_i1                        | 1 (L3 memory cuts: 1)      |
| output_from_cluster_0_482_i1                        | input_to_cluster_3_484_i1                           | 2 (L3 memory cuts: 1)      |
| output_from_cluster_0_482_i1                        | input_to_cluster_2_483_i1                           | 2 (L3 memory cuts: 1)      |
| input_to_cluster_2_483_i1                           | activation1                                         | 2 (L3 memory cuts: 1)      |
| activation1                                         | output_from_cluster_2_485_i1                        | 1 (L3 memory cuts: 1)      |
| output_from_cluster_2_485_i1                        | input_to_cluster_0_486_i1                           | 2 (L3 memory cuts: 1)      |
| input_to_cluster_0_486_i1                           | matmul2_reshape                                     | 1 (L3 memory cuts: 1)      |
| matmul2_reshape                                     | output_from_cluster_0_487_i1                        | 1 (L3 memory cuts: 1)      |
| output_from_cluster_0_487_i1                        | input_to_cluster_3_488_i1                           | 2 (L3 memory cuts: 1)      |
| input_to_cluster_3_488_i1                           | matmul2                                             | 60 (L3 memory cuts: 6)     |
| matmul2                                             | output_from_cluster_3_489_i1                        | 1 (L3 memory cuts: 1)      |
| output_from_cluster_3_489_i1                        | input_to_cluster_2_490_i1                           | 2 (L3 memory cuts: 1)      |
| input_to_cluster_2_490_i1                           | dw1_defuse_1x1                                      | 2 (L3 memory cuts: 1)      |
| input_to_cluster_3_484_i1                           | dw1_defuse_width_feature_reshape                    | 1 (L3 memory cuts: 1)      |
| dw1_defuse_width_feature_reshape                    | dw1_defuse_reshape_hxf_to_w_transposed              | 5 (L3 memory cuts: 1)      |
| dw1_defuse_reshape_hxf_to_w_transposed              | output_from_cluster_3_491_i1                        | 2 (L3 memory cuts: 2)      |
| output_from_cluster_3_491_i1                        | input_to_cluster_2_492_i1                           | 2 (L3 memory cuts: 2)      |
| input_to_cluster_2_492_i1                           | dw1_defuse_1x1                                      | 24 (L3 memory cuts: 21)    |
| dw1_defuse_1x1                                      | output_from_cluster_2_493_i1                        | 1 (L3 memory cuts: 1)      |
| output_from_cluster_2_493_i1                        | input_to_cluster_2_494_i1                           | 2 (L3 memory cuts: 1)      |
| input_to_cluster_2_494_i1                           | conv36                                              | 2 (L3 memory cuts: 1)      |
| input_to_cluster_2_468_i1                           | conv36                                              | 26 (L3 memory cuts: 3)     |
| conv36                                              | conv37                                              | 3[S] (L3 memory cuts: 1)   |
| conv36                                              | conv38                                              | 3[S] (L3 memory cuts: 1)   |
| conv37                                              | conv38                                              | 2[S] (L3 memory cuts: 1)   |
| conv38                                              | concat8                                             | 1[S] (L3 memory cuts: 1)   |
| concat8                                             | conv39                                              | 2[S] (L3 memory cuts: 1)   |
| conv39                                              | resize1                                             | 2 (L3 memory cuts: 1)      |
| conv39                                              | output_from_cluster_2_495_i1                        | 2 (L3 memory cuts: 1)      |
| resize1                                             | output_from_cluster_2_496_i1                        | 2 (L3 memory cuts: 1)      |
| output_from_cluster_2_496_i1                        | input_to_cluster_0_497_i1                           | 2 (L3 memory cuts: 1)      |
| input_to_cluster_0_497_i1                           | concat9                                             | 2 (L3 memory cuts: 1)      |
| concat9                                             | output_from_cluster_0_498_i1                        | 2[S] (L3 memory cuts: 1)   |
| output_from_cluster_0_498_i1                        | input_to_cluster_2_499_i1                           | 2[S] (L3 memory cuts: 1)   |
| input_to_cluster_2_499_i1                           | conv_feature_splitter7_1                            | 2[S] (L3 memory cuts: 1)   |
| input_to_cluster_2_499_i1                           | conv_feature_splitter7_2                            | 2[S] (L3 memory cuts: 1)   |
| conv_feature_splitter7_1                            | concat10                                            | 8 (L3 memory cuts: 1)      |
| conv_feature_splitter7_2                            | conv41                                              | 8 (L3 memory cuts: 1)      |
| conv_feature_splitter7_2                            | ew_add10                                            | 8 (L3 memory cuts: 1)      |
| conv_feature_splitter7_2                            | concat10                                            | 8 (L3 memory cuts: 1)      |
| conv41                                              | conv42                                              | 2[RPC] (L3 memory cuts: 2) |
| conv42                                              | ew_add10                                            | 2 (L3 memory cuts: 1)      |
| ew_add10                                            | concat10                                            | 4 (L3 memory cuts: 1)      |
| concat10                                            | output_from_cluster_2_500_i1                        | 2[S] (L3 memory cuts: 1)   |
| output_from_cluster_2_500_i1                        | input_to_cluster_0_501_i1                           | 2[S] (L3 memory cuts: 1)   |
| input_to_cluster_0_501_i1                           | conv43                                              | 2[S] (L3 memory cuts: 1)   |
| conv43                                              | output_from_cluster_0_502_i1                        | 1 (L3 memory cuts: 1)      |
| output_from_cluster_0_502_i1                        | yolo11n_yolo11n_context_2_to_yolo11n_context_3_2538 | 1 (L3 memory cuts: 1)      |
| output_from_cluster_2_495_i1                        | yolo11n_yolo11n_context_2_to_yolo11n_context_4_2536 | 1 (L3 memory cuts: 1)      |
+-----------------------------------------------------+-----------------------------------------------------+----------------------------+
[2026-02-17 19:47:02.129] [default] [info] Post-Final-Split Resources for yolo11n_context_2, iteration 4
+-----------------------------------------------------+-------------+-----------------------+-----------------------+----------------------+----------------+-----+-----+------+
| Node                                                | Subclusters | L3 Weight Memory Cuts | L3 Output Memory Cuts | L3 Input Memory Cuts | L4 Memory Cuts | IBs | OBs | APUs |
+-----------------------------------------------------+-------------+-----------------------+-----------------------+----------------------+----------------+-----+-----+------+
| yolo11n_yolo11n_context_1_to_yolo11n_context_2_2532 | 0           | 0                     | 0                     | 0                    | 0.500          | 0   | 0   | 0    |
| input_to_cluster_0_456_i1                           | 0           | 0                     | 1                     | 0                    | 0.000          | 1   | 0   | 0    |
| yolo11n_yolo11n_context_1_to_yolo11n_context_2_2534 | 0           | 0                     | 0                     | 0                    | 0.500          | 0   | 0   | 0    |
| input_to_cluster_2_457_i1                           | 0           | 0                     | 1                     | 0                    | 0.000          | 1   | 0   | 0    |
| yolo11n_yolo11n_context_1_to_yolo11n_context_2_2535 | 0           | 0                     | 0                     | 0                    | 0.500          | 0   | 0   | 0    |
| input_to_cluster_2_458_i1                           | 0           | 0                     | 1                     | 0                    | 0.000          | 1   | 0   | 0    |
| maxpool1                                            | 1           | 0                     | 18                    | 1                    | 0.000          | 0   | 0   | 1    |
| maxpool2                                            | 1           | 0                     | 18                    | 9                    | 0.000          | 0   | 0   | 1    |
| maxpool3                                            | 1           | 0                     | 3                     | 9                    | 0.000          | 0   | 0   | 1    |
| concat7                                             | 1           | 0                     | 1                     | 22                   | 0.000          | 0   | 0   | 1    |
| output_from_cluster_2_459_i1                        | 0           | 0                     | 0                     | 0                    | 0.000          | 0   | 1   | 0    |
| input_to_cluster_2_460_i1                           | 0           | 0                     | 1                     | 0                    | 0.000          | 1   | 0   | 0    |
| conv33                                              | 4           | 4                     | 1                     | 1                    | 0.000          | 0   | 0   | 1    |
| output_from_cluster_2_461_i1                        | 0           | 0                     | 0                     | 0                    | 0.000          | 0   | 1   | 0    |
| input_to_cluster_0_462_i1                           | 0           | 0                     | 1                     | 0                    | 0.000          | 1   | 0   | 0    |
| conv_feature_splitter5_1                            | 1           | 1                     | 1                     | 1                    | 0.000          | 0   | 0   | 1    |
| output_from_cluster_0_464_i1                        | 0           | 0                     | 0                     | 0                    | 0.000          | 0   | 1   | 0    |
| input_to_cluster_2_465_i1                           | 0           | 0                     | 3                     | 0                    | 0.000          | 1   | 0   | 0    |
| input_to_cluster_2_463_i1                           | 0           | 0                     | 1                     | 0                    | 0.000          | 1   | 0   | 0    |
| conv_feature_splitter5_2                            | 1           | 1                     | 2                     | 1                    | 0.000          | 0   | 0   | 1    |
| conv_feature_splitter6_1                            | 1           | 1                     | 1                     | 1                    | 0.000          | 0   | 0   | 1    |
| output_from_cluster_2_469_i1                        | 0           | 0                     | 0                     | 0                    | 0.000          | 0   | 1   | 0    |
| input_to_cluster_0_470_i1                           | 0           | 0                     | 1                     | 0                    | 0.000          | 1   | 0   | 0    |
| output_from_cluster_2_466_i1                        | 0           | 0                     | 0                     | 0                    | 0.000          | 0   | 1   | 0    |
| input_to_cluster_0_467_i1                           | 0           | 0                     | 2                     | 0                    | 0.000          | 1   | 0   | 0    |
| conv_feature_splitter6_2                            | 1           | 1                     | 3                     | 1                    | 0.000          | 0   | 0   | 1    |
| matmul1                                             | 1           | 0                     | 4                     | 1                    | 0.000          | 0   | 0   | 1    |
| reduce_max_softmax1                                 | 1           | 0                     | 1                     | 2                    | 0.000          | 0   | 0   | 1    |
| ew_sub_softmax1                                     | 1           | 1                     | 12                    | 3                    | 0.000          | 0   | 0   | 1    |
| ne_activation_ew_sub_softmax1_sd0                   | 1 [16bit]   | 1                     | 1                     | 4                    | 0.000          | 0   | 0   | 1    |
| output_from_cluster_0_473_i1                        | 0           | 0                     | 0                     | 0                    | 0.000          | 0   | 1   | 0    |
| input_to_cluster_2_474_i1                           | 0           | 0                     | 1                     | 0                    | 0.000          | 1   | 0   | 0    |
| ne_activation_ew_sub_softmax1_sd2                   | 1 [16bit]   | 1                     | 1                     | 4                    | 0.000          | 0   | 0   | 1    |
| output_from_cluster_0_477_i1                        | 0           | 0                     | 0                     | 0                    | 0.000          | 0   | 1   | 0    |
| input_to_cluster_2_478_i1                           | 0           | 0                     | 1                     | 0                    | 0.000          | 1   | 0   | 0    |
| output_from_cluster_0_471_i1                        | 0           | 0                     | 0                     | 0                    | 0.000          | 0   | 1   | 0    |
| input_to_cluster_2_472_i1                           | 0           | 0                     | 4                     | 0                    | 0.000          | 1   | 0   | 0    |
| ne_activation_ew_sub_softmax1_sd1                   | 1 [16bit]   | 1                     | 1                     | 4                    | 0.000          | 0   | 0   | 1    |
| output_from_cluster_2_475_i1                        | 0           | 0                     | 0                     | 0                    | 0.000          | 0   | 1   | 0    |
| input_to_cluster_2_476_i1                           | 0           | 0                     | 1                     | 0                    | 0.000          | 1   | 0   | 0    |
| ne_activation_ew_sub_softmax1_sdc                   | 1           | 0                     | 2                     | 3                    | 0.000          | 0   | 0   | 1    |
| output_from_cluster_2_479_i1                        | 0           | 0                     | 0                     | 0                    | 0.000          | 0   | 1   | 0    |
| input_to_cluster_3_480_i1                           | 0           | 0                     | 1                     | 0                    | 0.000          | 1   | 0   | 0    |
| reduce_sum_softmax1                                 | 1           | 0                     | 1                     | 1                    | 0.000          | 0   | 0   | 1    |
| input_to_cluster_3_481_i1                           | 0           | 0                     | 1                     | 0                    | 0.000          | 1   | 0   | 0    |
| ew_mult_softmax1                                    | 1           | 0                     | 2                     | 2                    | 0.000          | 0   | 0   | 1    |
| conv_feature_splitter6_3                            | 1           | 1                     | 1                     | 1                    | 0.000          | 0   | 0   | 1    |
| output_from_cluster_0_482_i1                        | 0           | 0                     | 0                     | 0                    | 0.000          | 0   | 1   | 0    |
| input_to_cluster_2_483_i1                           | 0           | 0                     | 1                     | 0                    | 0.000          | 1   | 0   | 0    |
| activation1                                         | 1           | 1                     | 1                     | 1                    | 0.000          | 0   | 0   | 1    |
| output_from_cluster_2_485_i1                        | 0           | 0                     | 0                     | 0                    | 0.000          | 0   | 1   | 0    |
| input_to_cluster_0_486_i1                           | 0           | 0                     | 1                     | 0                    | 0.000          | 1   | 0   | 0    |
| matmul2_reshape                                     | 1           | 0                     | 1                     | 1                    | 0.000          | 0   | 0   | 1    |
| output_from_cluster_0_487_i1                        | 0           | 0                     | 0                     | 0                    | 0.000          | 0   | 1   | 0    |
| input_to_cluster_3_488_i1                           | 0           | 0                     | 6                     | 0                    | 0.000          | 1   | 0   | 0    |
| matmul2                                             | 2           | 0                     | 1                     | 2                    | 0.000          | 0   | 0   | 1    |
| output_from_cluster_3_489_i1                        | 0           | 0                     | 0                     | 0                    | 0.000          | 0   | 1   | 0    |
| input_to_cluster_2_490_i1                           | 0           | 0                     | 1                     | 0                    | 0.000          | 1   | 0   | 0    |
| input_to_cluster_3_484_i1                           | 0           | 0                     | 1                     | 0                    | 0.000          | 1   | 0   | 0    |
| dw1_defuse_width_feature_reshape                    | 1           | 0                     | 1                     | 1                    | 0.000          | 0   | 0   | 1    |
| dw1_defuse_reshape_hxf_to_w_transposed              | 1           | 0                     | 2                     | 1                    | 0.000          | 0   | 0   | 1    |
| output_from_cluster_3_491_i1                        | 0           | 0                     | 0                     | 0                    | 0.000          | 0   | 1   | 0    |
| input_to_cluster_2_492_i1                           | 0           | 0                     | 21                    | 0                    | 0.000          | 1   | 0   | 0    |
| dw1_defuse_1x1                                      | 1           | 1                     | 1                     | 22                   | 0.000          | 0   | 0   | 1    |
| output_from_cluster_2_493_i1                        | 0           | 0                     | 0                     | 0                    | 0.000          | 0   | 1   | 0    |
| input_to_cluster_2_494_i1                           | 0           | 0                     | 1                     | 0                    | 0.000          | 1   | 0   | 0    |
| input_to_cluster_2_468_i1                           | 0           | 0                     | 3                     | 0                    | 0.000          | 1   | 0   | 0    |
| conv36                                              | 1           | 1                     | 2                     | 4                    | 0.000          | 0   | 0   | 1    |
| conv37                                              | 1           | 1                     | 1                     | 1                    | 0.000          | 0   | 0   | 1    |
| conv38                                              | 1           | 1                     | 1                     | 2                    | 0.000          | 0   | 0   | 1    |
| concat8                                             | 1           | 0                     | 1                     | 4                    | 0.000          | 0   | 0   | 1    |
| conv39                                              | 2           | 2                     | 2                     | 1                    | 0.000          | 0   | 0   | 1    |
| resize1                                             | 1           | 0                     | 1                     | 1                    | 0.000          | 0   | 0   | 1    |
| output_from_cluster_2_496_i1                        | 0           | 0                     | 0                     | 0                    | 0.000          | 0   | 1   | 0    |
| input_to_cluster_0_497_i1                           | 0           | 0                     | 1                     | 0                    | 0.000          | 1   | 0   | 0    |
| concat9                                             | 1           | 0                     | 1                     | 2                    | 0.000          | 0   | 0   | 1    |
| output_from_cluster_0_498_i1                        | 0           | 0                     | 0                     | 0                    | 0.000          | 0   | 1   | 0    |
| input_to_cluster_2_499_i1                           | 0           | 0                     | 2                     | 0                    | 0.000          | 1   | 0   | 0    |
| conv_feature_splitter7_1                            | 3           | 3                     | 1                     | 1                    | 0.000          | 0   | 0   | 1    |
| conv_feature_splitter7_2                            | 3           | 3                     | 3                     | 1                    | 0.000          | 0   | 0   | 1    |
| conv41                                              | 2           | 1                     | 2                     | 1                    | 0.000          | 0   | 0   | 1    |
| conv42                                              | 2           | 2                     | 1                     | 2                    | 0.000          | 0   | 0   | 1    |
| ew_add10                                            | 1           | 1                     | 1                     | 2                    | 0.000          | 0   | 0   | 1    |
| concat10                                            | 1           | 0                     | 1                     | 3                    | 0.000          | 0   | 0   | 1    |
| output_from_cluster_2_500_i1                        | 0           | 0                     | 0                     | 0                    | 0.000          | 0   | 1   | 0    |
| input_to_cluster_0_501_i1                           | 0           | 0                     | 1                     | 0                    | 0.000          | 1   | 0   | 0    |
| conv43                                              | 3           | 3                     | 1                     | 1                    | 0.000          | 0   | 0   | 1    |
| output_from_cluster_0_502_i1                        | 0           | 0                     | 0                     | 0                    | 0.000          | 0   | 1   | 0    |
| yolo11n_yolo11n_context_2_to_yolo11n_context_3_2538 | 0           | 0                     | 0                     | 0                    | 0.500          | 0   | 0   | 0    |
| output_from_cluster_2_495_i1                        | 0           | 0                     | 0                     | 0                    | 0.000          | 0   | 1   | 0    |
| yolo11n_yolo11n_context_2_to_yolo11n_context_4_2536 | 0           | 0                     | 0                     | 0                    | 0.500          | 0   | 0   | 0    |
+-----------------------------------------------------+-------------+-----------------------+-----------------------+----------------------+----------------+-----+-----+------+
TOTAL:  LCUs: 39 (60.9375%), Subclusters: 52 (20.3125%), 16bit Subclusters: 3 (1.17188%), Weight memory cuts: 33 (6.44531%), L3 Output memory cuts: 160 (31.25%), L3 Input memory cuts: 125 (24.4141%), L3 total cuts: 193 (37.6953%), L4 memory cuts: 0 (0%), IBs: 26 (81.25%), OBs: 21 (65.625%), APUs: 39 (48.75%)
[2026-02-17 19:47:02.257] [default] [info] Post-Final-Split Resources for yolo11n_context_2, iteration 4
+-----------------------------------------------------+-------------+-----------------------+-----------------------+----------------------+----------------+-----+-----+------+
| Node                                                | Subclusters | L3 Weight Memory Cuts | L3 Output Memory Cuts | L3 Input Memory Cuts | L4 Memory Cuts | IBs | OBs | APUs |
+-----------------------------------------------------+-------------+-----------------------+-----------------------+----------------------+----------------+-----+-----+------+
| yolo11n_yolo11n_context_1_to_yolo11n_context_2_2532 | 0           | 0                     | 0                     | 0                    | 0.500          | 0   | 0   | 0    |
| input_to_cluster_0_456_i1                           | 0           | 0                     | 1                     | 0                    | 0.000          | 1   | 0   | 0    |
| yolo11n_yolo11n_context_1_to_yolo11n_context_2_2534 | 0           | 0                     | 0                     | 0                    | 0.500          | 0   | 0   | 0    |
| input_to_cluster_0_457_i1                           | 0           | 0                     | 1                     | 0                    | 0.000          | 1   | 0   | 0    |
| yolo11n_yolo11n_context_1_to_yolo11n_context_2_2535 | 0           | 0                     | 0                     | 0                    | 0.500          | 0   | 0   | 0    |
| input_to_cluster_0_458_i1                           | 0           | 0                     | 1                     | 0                    | 0.000          | 1   | 0   | 0    |
| maxpool1                                            | 1           | 0                     | 18                    | 1                    | 0.000          | 0   | 0   | 1    |
| maxpool2                                            | 1           | 0                     | 18                    | 9                    | 0.000          | 0   | 0   | 1    |
| maxpool3                                            | 1           | 0                     | 3                     | 9                    | 0.000          | 0   | 0   | 1    |
| concat7                                             | 1           | 0                     | 1                     | 22                   | 0.000          | 0   | 0   | 1    |
| output_from_cluster_0_459_i1                        | 0           | 0                     | 0                     | 0                    | 0.000          | 0   | 1   | 0    |
| input_to_cluster_0_460_i1                           | 0           | 0                     | 1                     | 0                    | 0.000          | 1   | 0   | 0    |
| conv33                                              | 4           | 4                     | 1                     | 1                    | 0.000          | 0   | 0   | 1    |
| output_from_cluster_0_461_i1                        | 0           | 0                     | 0                     | 0                    | 0.000          | 0   | 1   | 0    |
| input_to_cluster_0_462_i1                           | 0           | 0                     | 1                     | 0                    | 0.000          | 1   | 0   | 0    |
| conv_feature_splitter5_1                            | 1           | 1                     | 1                     | 1                    | 0.000          | 0   | 0   | 1    |
| output_from_cluster_0_464_i1                        | 0           | 0                     | 0                     | 0                    | 0.000          | 0   | 1   | 0    |
| input_to_cluster_0_465_i1                           | 0           | 0                     | 3                     | 0                    | 0.000          | 1   | 0   | 0    |
| input_to_cluster_0_463_i1                           | 0           | 0                     | 1                     | 0                    | 0.000          | 1   | 0   | 0    |
| conv_feature_splitter5_2                            | 1           | 1                     | 2                     | 1                    | 0.000          | 0   | 0   | 1    |
| conv_feature_splitter6_1                            | 1           | 1                     | 1                     | 1                    | 0.000          | 0   | 0   | 1    |
| output_from_cluster_0_469_i1                        | 0           | 0                     | 0                     | 0                    | 0.000          | 0   | 1   | 0    |
| input_to_cluster_0_470_i1                           | 0           | 0                     | 1                     | 0                    | 0.000          | 1   | 0   | 0    |
| output_from_cluster_0_466_i1                        | 0           | 0                     | 0                     | 0                    | 0.000          | 0   | 1   | 0    |
| input_to_cluster_0_467_i1                           | 0           | 0                     | 2                     | 0                    | 0.000          | 1   | 0   | 0    |
| conv_feature_splitter6_2                            | 1           | 1                     | 3                     | 1                    | 0.000          | 0   | 0   | 1    |
| matmul1                                             | 1           | 0                     | 4                     | 1                    | 0.000          | 0   | 0   | 1    |
| reduce_max_softmax1                                 | 1           | 0                     | 1                     | 2                    | 0.000          | 0   | 0   | 1    |
| ew_sub_softmax1                                     | 1           | 1                     | 12                    | 3                    | 0.000          | 0   | 0   | 1    |
| ne_activation_ew_sub_softmax1_sd0                   | 1 [16bit]   | 1                     | 1                     | 4                    | 0.000          | 0   | 0   | 1    |
| output_from_cluster_0_473_i1                        | 0           | 0                     | 0                     | 0                    | 0.000          | 0   | 1   | 0    |
| input_to_cluster_0_474_i1                           | 0           | 0                     | 1                     | 0                    | 0.000          | 1   | 0   | 0    |
| ne_activation_ew_sub_softmax1_sd2                   | 1 [16bit]   | 1                     | 1                     | 4                    | 0.000          | 0   | 0   | 1    |
| output_from_cluster_0_477_i1                        | 0           | 0                     | 0                     | 0                    | 0.000          | 0   | 1   | 0    |
| input_to_cluster_0_478_i1                           | 0           | 0                     | 1                     | 0                    | 0.000          | 1   | 0   | 0    |
| output_from_cluster_0_471_i1                        | 0           | 0                     | 0                     | 0                    | 0.000          | 0   | 1   | 0    |
| input_to_cluster_0_472_i1                           | 0           | 0                     | 4                     | 0                    | 0.000          | 1   | 0   | 0    |
| ne_activation_ew_sub_softmax1_sd1                   | 1 [16bit]   | 1                     | 1                     | 4                    | 0.000          | 0   | 0   | 1    |
| output_from_cluster_0_475_i1                        | 0           | 0                     | 0                     | 0                    | 0.000          | 0   | 1   | 0    |
| input_to_cluster_0_476_i1                           | 0           | 0                     | 1                     | 0                    | 0.000          | 1   | 0   | 0    |
| ne_activation_ew_sub_softmax1_sdc                   | 1           | 0                     | 2                     | 3                    | 0.000          | 0   | 0   | 1    |
| output_from_cluster_0_479_i1                        | 0           | 0                     | 0                     | 0                    | 0.000          | 0   | 1   | 0    |
| input_to_cluster_2_480_i1                           | 0           | 0                     | 1                     | 0                    | 0.000          | 1   | 0   | 0    |
| reduce_sum_softmax1                                 | 1           | 0                     | 1                     | 1                    | 0.000          | 0   | 0   | 1    |
| input_to_cluster_2_481_i1                           | 0           | 0                     | 1                     | 0                    | 0.000          | 1   | 0   | 0    |
| ew_mult_softmax1                                    | 1           | 0                     | 2                     | 2                    | 0.000          | 0   | 0   | 1    |
| conv_feature_splitter6_3                            | 1           | 1                     | 1                     | 1                    | 0.000          | 0   | 0   | 1    |
| output_from_cluster_0_482_i1                        | 0           | 0                     | 0                     | 0                    | 0.000          | 0   | 1   | 0    |
| input_to_cluster_0_483_i1                           | 0           | 0                     | 1                     | 0                    | 0.000          | 1   | 0   | 0    |
| activation1                                         | 1           | 1                     | 1                     | 1                    | 0.000          | 0   | 0   | 1    |
| output_from_cluster_0_485_i1                        | 0           | 0                     | 0                     | 0                    | 0.000          | 0   | 1   | 0    |
| input_to_cluster_0_486_i1                           | 0           | 0                     | 1                     | 0                    | 0.000          | 1   | 0   | 0    |
| matmul2_reshape                                     | 1           | 0                     | 1                     | 1                    | 0.000          | 0   | 0   | 1    |
| output_from_cluster_0_487_i1                        | 0           | 0                     | 0                     | 0                    | 0.000          | 0   | 1   | 0    |
| input_to_cluster_2_488_i1                           | 0           | 0                     | 6                     | 0                    | 0.000          | 1   | 0   | 0    |
| matmul2                                             | 2           | 0                     | 1                     | 2                    | 0.000          | 0   | 0   | 1    |
| output_from_cluster_2_489_i1                        | 0           | 0                     | 0                     | 0                    | 0.000          | 0   | 1   | 0    |
| input_to_cluster_0_490_i1                           | 0           | 0                     | 1                     | 0                    | 0.000          | 1   | 0   | 0    |
| input_to_cluster_2_484_i1                           | 0           | 0                     | 1                     | 0                    | 0.000          | 1   | 0   | 0    |
| dw1_defuse_width_feature_reshape                    | 1           | 0                     | 1                     | 1                    | 0.000          | 0   | 0   | 1    |
| dw1_defuse_reshape_hxf_to_w_transposed              | 1           | 0                     | 2                     | 1                    | 0.000          | 0   | 0   | 1    |
| output_from_cluster_2_491_i1                        | 0           | 0                     | 0                     | 0                    | 0.000          | 0   | 1   | 0    |
| input_to_cluster_0_492_i1                           | 0           | 0                     | 21                    | 0                    | 0.000          | 1   | 0   | 0    |
| dw1_defuse_1x1                                      | 1           | 1                     | 1                     | 22                   | 0.000          | 0   | 0   | 1    |
| output_from_cluster_0_493_i1                        | 0           | 0                     | 0                     | 0                    | 0.000          | 0   | 1   | 0    |
| input_to_cluster_0_494_i1                           | 0           | 0                     | 1                     | 0                    | 0.000          | 1   | 0   | 0    |
| input_to_cluster_0_468_i1                           | 0           | 0                     | 3                     | 0                    | 0.000          | 1   | 0   | 0    |
| conv36                                              | 1           | 1                     | 2                     | 4                    | 0.000          | 0   | 0   | 1    |
| conv37                                              | 1           | 1                     | 1                     | 1                    | 0.000          | 0   | 0   | 1    |
| conv38                                              | 1           | 1                     | 1                     | 2                    | 0.000          | 0   | 0   | 1    |
| concat8                                             | 1           | 0                     | 1                     | 4                    | 0.000          | 0   | 0   | 1    |
| conv39                                              | 2           | 2                     | 2                     | 1                    | 0.000          | 0   | 0   | 1    |
| resize1                                             | 1           | 0                     | 1                     | 1                    | 0.000          | 0   | 0   | 1    |
| output_from_cluster_0_496_i1                        | 0           | 0                     | 0                     | 0                    | 0.000          | 0   | 1   | 0    |
| input_to_cluster_0_497_i1                           | 0           | 0                     | 1                     | 0                    | 0.000          | 1   | 0   | 0    |
| concat9                                             | 1           | 0                     | 1                     | 2                    | 0.000          | 0   | 0   | 1    |
| output_from_cluster_0_498_i1                        | 0           | 0                     | 0                     | 0                    | 0.000          | 0   | 1   | 0    |
| input_to_cluster_0_499_i1                           | 0           | 0                     | 2                     | 0                    | 0.000          | 1   | 0   | 0    |
| conv_feature_splitter7_1                            | 3           | 3                     | 1                     | 1                    | 0.000          | 0   | 0   | 1    |
| conv_feature_splitter7_2                            | 3           | 3                     | 3                     | 1                    | 0.000          | 0   | 0   | 1    |
| conv41                                              | 2           | 1                     | 2                     | 1                    | 0.000          | 0   | 0   | 1    |
| conv42                                              | 2           | 2                     | 1                     | 2                    | 0.000          | 0   | 0   | 1    |
| ew_add10                                            | 1           | 1                     | 1                     | 2                    | 0.000          | 0   | 0   | 1    |
| concat10                                            | 1           | 0                     | 1                     | 3                    | 0.000          | 0   | 0   | 1    |
| output_from_cluster_0_500_i1                        | 0           | 0                     | 0                     | 0                    | 0.000          | 0   | 1   | 0    |
| input_to_cluster_0_501_i1                           | 0           | 0                     | 1                     | 0                    | 0.000          | 1   | 0   | 0    |
| conv43                                              | 3           | 3                     | 1                     | 1                    | 0.000          | 0   | 0   | 1    |
| output_from_cluster_0_502_i1                        | 0           | 0                     | 0                     | 0                    | 0.000          | 0   | 1   | 0    |
| yolo11n_yolo11n_context_2_to_yolo11n_context_3_2538 | 0           | 0                     | 0                     | 0                    | 0.500          | 0   | 0   | 0    |
| output_from_cluster_0_495_i1                        | 0           | 0                     | 0                     | 0                    | 0.000          | 0   | 1   | 0    |
| yolo11n_yolo11n_context_2_to_yolo11n_context_4_2536 | 0           | 0                     | 0                     | 0                    | 0.500          | 0   | 0   | 0    |
+-----------------------------------------------------+-------------+-----------------------+-----------------------+----------------------+----------------+-----+-----+------+
TOTAL:  LCUs: 39 (60.9375%), Subclusters: 52 (20.3125%), 16bit Subclusters: 3 (1.17188%), Weight memory cuts: 33 (6.44531%), L3 Output memory cuts: 160 (31.25%), L3 Input memory cuts: 125 (24.4141%), L3 total cuts: 193 (37.6953%), L4 memory cuts: 0 (0%), IBs: 26 (81.25%), OBs: 21 (65.625%), APUs: 39 (48.75%)
[2026-02-17 19:47:06.293] [default] [info] Post-Split Resources for yolo11n_context_3, iteration 1 (CP)
+-----------------------------------------------------+-------------+-----------------------+-----------------------+----------------------+----------------+-----+-----+------+
| Node                                                | Subclusters | L3 Weight Memory Cuts | L3 Output Memory Cuts | L3 Input Memory Cuts | L4 Memory Cuts | IBs | OBs | APUs |
+-----------------------------------------------------+-------------+-----------------------+-----------------------+----------------------+----------------+-----+-----+------+
| yolo11n_yolo11n_context_0_to_yolo11n_context_3_2530 | 0           | 0                     | 0                     | 0                    | 0.500          | 0   | 0   | 0    |
| input_to_cluster_3_503_i1                           | 0           | 0                     | 1                     | 0                    | 0.000          | 1   | 0   | 0    |
| yolo11n_yolo11n_context_2_to_yolo11n_context_3_2539 | 0           | 0                     | 0                     | 0                    | 0.500          | 0   | 0   | 0    |
| input_to_cluster_3_504_i1                           | 0           | 0                     | 1                     | 0                    | 0.000          | 1   | 0   | 0    |
| resize2                                             | 1           | 0                     | 3                     | 1                    | 0.000          | 0   | 0   | 1    |
| concat11                                            | 1           | 0                     | 4                     | 4                    | 0.000          | 0   | 0   | 1    |
| conv_feature_splitter8_2                            | 4           | 4                     | 1                     | 2                    | 0.000          | 0   | 0   | 1    |
| output_from_cluster_3_510_i1                        | 0           | 0                     | 0                     | 0                    | 0.000          | 0   | 1   | 0    |
| input_to_cluster_0_511_i1                           | 0           | 0                     | 1                     | 0                    | 0.000          | 1   | 0   | 0    |
| input_to_cluster_2_512_i1                           | 0           | 0                     | 2                     | 0                    | 0.000          | 1   | 0   | 0    |
| conv45                                              | 2           | 2                     | 1                     | 1                    | 0.000          | 0   | 0   | 1    |
| conv46                                              | 2           | 1                     | 2                     | 1                    | 0.000          | 0   | 0   | 1    |
| ew_add11                                            | 1           | 1                     | 1                     | 3                    | 0.000          | 0   | 0   | 1    |
| output_from_cluster_2_513_i1                        | 0           | 0                     | 0                     | 0                    | 0.000          | 0   | 1   | 0    |
| input_to_cluster_0_514_i1                           | 0           | 0                     | 1                     | 0                    | 0.000          | 1   | 0   | 0    |
| output_from_cluster_3_506_i1                        | 0           | 0                     | 0                     | 0                    | 0.000          | 0   | 2   | 0    |
| input_to_cluster_2_507_i1                           | 0           | 0                     | 2                     | 0                    | 0.000          | 2   | 0   | 0    |
| conv_feature_splitter8_1                            | 4           | 4                     | 1                     | 2                    | 0.000          | 0   | 0   | 1    |
| output_from_cluster_2_508_i1                        | 0           | 0                     | 0                     | 0                    | 0.000          | 0   | 1   | 0    |
| input_to_cluster_0_509_i1                           | 0           | 0                     | 1                     | 0                    | 0.000          | 1   | 0   | 0    |
| concat12                                            | 1           | 0                     | 1                     | 3                    | 0.000          | 0   | 0   | 1    |
| conv47                                              | 3           | 3                     | 9                     | 1                    | 0.000          | 0   | 0   | 1    |
| conv48                                              | 8           | 8                     | 1                     | 2                    | 0.000          | 0   | 0   | 1    |
| conv49_ws                                           | 1           | 0                     | 2                     | 2                    | 0.000          | 0   | 0   | 1    |
| conv49_sd0                                          | 8           | 8                     | 1                     | 1                    | 0.000          | 0   | 0   | 1    |
| conv49_sd1                                          | 8           | 8                     | 1                     | 1                    | 0.000          | 0   | 0   | 1    |
| conv49_sdc                                          | 1           | 0                     | 1                     | 2                    | 0.000          | 0   | 0   | 1    |
| conv50_ws                                           | 1           | 0                     | 2                     | 1                    | 0.000          | 0   | 0   | 1    |
| conv50_sd0                                          | 8           | 8                     | 1                     | 1                    | 0.000          | 0   | 0   | 1    |
| output_from_cluster_0_538_i1                        | 0           | 0                     | 0                     | 0                    | 0.000          | 0   | 1   | 0    |
| input_to_cluster_3_539_i1                           | 0           | 0                     | 1                     | 0                    | 0.000          | 1   | 0   | 0    |
| output_from_cluster_0_536_i1                        | 0           | 0                     | 0                     | 0                    | 0.000          | 0   | 1   | 0    |
| input_to_cluster_3_537_i1                           | 0           | 0                     | 1                     | 0                    | 0.000          | 1   | 0   | 0    |
| conv50_sd1                                          | 8           | 8                     | 1                     | 1                    | 0.000          | 0   | 0   | 1    |
| conv50_sdc                                          | 1           | 0                     | 1                     | 2                    | 0.000          | 0   | 0   | 1    |
| output_from_cluster_3_540_i1                        | 0           | 0                     | 0                     | 0                    | 0.000          | 0   | 1   | 0    |
| input_to_cluster_3_541_i1                           | 0           | 0                     | 1                     | 0                    | 0.000          | 1   | 0   | 0    |
| conv51                                              | 2           | 1                     | 2                     | 1                    | 0.000          | 0   | 0   | 1    |
| output_from_cluster_3_542_i1                        | 0           | 0                     | 0                     | 0                    | 0.000          | 0   | 1   | 0    |
| input_to_prepost_543_i1                             | 0           | 0                     | 0                     | 0                    | 2.000          | 0   | 0   | 0    |
| auto_reshape_from_conv51_to_output_layer1           | 0           | 0                     | 0                     | 0                    | 1.000          | 0   | 0   | 0    |
| output_from_prepost_548_i1                          | 0           | 0                     | 0                     | 0                    | 0.000          | 0   | 0   | 0    |
| output_layer1                                       | 0           | 0                     | 0                     | 0                    | 0.500          | 0   | 0   | 0    |
| dw2_sd0                                             | 2           | 1                     | 2                     | 3                    | 0.000          | 0   | 0   | 1    |
| output_from_cluster_0_544_i1                        | 0           | 0                     | 0                     | 0                    | 0.000          | 0   | 1   | 0    |
| input_to_cluster_3_545_i1                           | 0           | 0                     | 1                     | 0                    | 0.000          | 1   | 0   | 0    |
| output_from_cluster_0_515_i1                        | 0           | 0                     | 0                     | 0                    | 0.000          | 0   | 1   | 0    |
| input_to_cluster_3_516_i1                           | 0           | 0                     | 2                     | 0                    | 0.000          | 1   | 0   | 0    |
| dw2_sd1                                             | 2           | 1                     | 2                     | 2                    | 0.000          | 0   | 0   | 1    |
| dw2_sdc                                             | 1           | 0                     | 1                     | 3                    | 0.000          | 0   | 0   | 1    |
| conv52                                              | 2           | 2                     | 2                     | 1                    | 0.000          | 0   | 0   | 1    |
| dw3_sd0                                             | 2           | 1                     | 2                     | 1                    | 0.000          | 0   | 0   | 1    |
| dw3_sd1                                             | 2           | 1                     | 2                     | 1                    | 0.000          | 0   | 0   | 1    |
| dw3_sdc                                             | 1           | 0                     | 1                     | 4                    | 0.000          | 0   | 0   | 1    |
| conv53                                              | 2           | 2                     | 1                     | 1                    | 0.000          | 0   | 0   | 1    |
| conv54                                              | 1           | 1                     | 1                     | 1                    | 0.000          | 0   | 0   | 1    |
| output_from_cluster_3_546_i1                        | 0           | 0                     | 0                     | 0                    | 0.000          | 0   | 1   | 0    |
| input_to_prepost_547_i1                             | 0           | 0                     | 0                     | 0                    | 1.000          | 0   | 0   | 0    |
| auto_reshape_from_conv54_to_output_layer2           | 0           | 0                     | 0                     | 0                    | 1.000          | 0   | 0   | 0    |
| output_from_prepost_549_i1                          | 0           | 0                     | 0                     | 0                    | 0.000          | 0   | 0   | 0    |
| output_layer2                                       | 0           | 0                     | 0                     | 0                    | 0.500          | 0   | 0   | 0    |
| yolo11n_yolo11n_context_2_to_yolo11n_context_3_2540 | 0           | 0                     | 0                     | 0                    | 0.500          | 0   | 0   | 0    |
| input_to_cluster_0_505_i1                           | 0           | 0                     | 1                     | 0                    | 0.000          | 1   | 0   | 0    |
| concat13                                            | 1           | 0                     | 2                     | 2                    | 0.000          | 0   | 0   | 1    |
| conv_feature_splitter9_2                            | 2           | 1                     | 1                     | 1                    | 0.000          | 0   | 0   | 1    |
| output_from_cluster_0_521_i1                        | 0           | 0                     | 0                     | 0                    | 0.000          | 0   | 1   | 0    |
| input_to_cluster_3_522_i1                           | 0           | 0                     | 1                     | 0                    | 0.000          | 1   | 0   | 0    |
| conv56                                              | 2           | 2                     | 1                     | 1                    | 0.000          | 0   | 0   | 1    |
| conv57                                              | 2           | 2                     | 1                     | 1                    | 0.000          | 0   | 0   | 1    |
| output_from_cluster_3_525_i1                        | 0           | 0                     | 0                     | 0                    | 0.000          | 0   | 1   | 0    |
| input_to_cluster_3_526_i1                           | 0           | 0                     | 1                     | 0                    | 0.000          | 1   | 0   | 0    |
| input_to_cluster_2_523_i1                           | 0           | 0                     | 1                     | 0                    | 0.000          | 1   | 0   | 0    |
| input_to_cluster_3_524_i1                           | 0           | 0                     | 1                     | 0                    | 0.000          | 1   | 0   | 0    |
| ew_add12                                            | 1           | 1                     | 1                     | 2                    | 0.000          | 0   | 0   | 1    |
| output_from_cluster_3_527_i1                        | 0           | 0                     | 0                     | 0                    | 0.000          | 0   | 1   | 0    |
| input_to_cluster_2_528_i1                           | 0           | 0                     | 1                     | 0                    | 0.000          | 1   | 0   | 0    |
| output_from_cluster_0_517_i1                        | 0           | 0                     | 0                     | 0                    | 0.000          | 0   | 1   | 0    |
| input_to_cluster_3_518_i1                           | 0           | 0                     | 1                     | 0                    | 0.000          | 1   | 0   | 0    |
| conv_feature_splitter9_1                            | 2           | 1                     | 1                     | 1                    | 0.000          | 0   | 0   | 1    |
| output_from_cluster_3_519_i1                        | 0           | 0                     | 0                     | 0                    | 0.000          | 0   | 1   | 0    |
| input_to_cluster_2_520_i1                           | 0           | 0                     | 1                     | 0                    | 0.000          | 1   | 0   | 0    |
| concat14                                            | 1           | 0                     | 1                     | 3                    | 0.000          | 0   | 0   | 1    |
| output_from_cluster_2_529_i1                        | 0           | 0                     | 0                     | 0                    | 0.000          | 0   | 1   | 0    |
| input_to_cluster_3_530_i1                           | 0           | 0                     | 1                     | 0                    | 0.000          | 1   | 0   | 0    |
| conv58                                              | 3           | 3                     | 2                     | 1                    | 0.000          | 0   | 0   | 1    |
| conv60                                              | 8           | 8                     | 1                     | 1                    | 0.000          | 0   | 0   | 1    |
| output_from_cluster_3_534_i1                        | 0           | 0                     | 0                     | 0                    | 0.000          | 0   | 1   | 0    |
| yolo11n_yolo11n_context_3_to_yolo11n_context_4_2543 | 0           | 0                     | 0                     | 0                    | 0.500          | 0   | 0   | 0    |
| output_from_cluster_3_531_i1                        | 0           | 0                     | 0                     | 0                    | 0.000          | 0   | 1   | 0    |
| input_to_cluster_0_532_i1                           | 0           | 0                     | 2                     | 0                    | 0.000          | 1   | 0   | 0    |
| conv59                                              | 6           | 6                     | 1                     | 1                    | 0.000          | 0   | 0   | 1    |
| output_from_cluster_0_533_i1                        | 0           | 0                     | 0                     | 0                    | 0.000          | 0   | 1   | 0    |
| yolo11n_yolo11n_context_3_to_yolo11n_context_4_2541 | 0           | 0                     | 0                     | 0                    | 0.500          | 0   | 0   | 0    |
| dw4                                                 | 2           | 1                     | 2                     | 1                    | 0.000          | 0   | 0   | 1    |
| output_from_cluster_0_535_i1                        | 0           | 0                     | 0                     | 0                    | 0.000          | 0   | 1   | 0    |
| yolo11n_yolo11n_context_3_to_yolo11n_context_4_2546 | 0           | 0                     | 0                     | 0                    | 0.500          | 0   | 0   | 0    |
+-----------------------------------------------------+-------------+-----------------------+-----------------------+----------------------+----------------+-----+-----+------+
TOTAL:  LCUs: 39 (60.9375%), Subclusters: 110 (42.9688%), Weight memory cuts: 90 (17.5781%), L3 Output memory cuts: 90 (17.5781%), L3 Input memory cuts: 64 (12.5%), L3 total cuts: 180 (35.1562%), L4 memory cuts: 5 (17.8571%), IBs: 23 (71.875%), OBs: 22 (68.75%), APUs: 39 (48.75%)
[2026-02-17 19:47:06.309] [default] [info] Post-Split Buffers for yolo11n_context_3, iteration 1 (CP) buffers:
+-----------------------------------------------------+-----------------------------------------------------+----------------------------------+
| Src                                                 | Dst                                                 | Buffers                          |
+-----------------------------------------------------+-----------------------------------------------------+----------------------------------+
| yolo11n_yolo11n_context_0_to_yolo11n_context_3_2530 | input_to_cluster_3_503_i1                           | 2 (L3 memory cuts: 1)            |
| input_to_cluster_3_503_i1                           | concat11                                            | 2 (L3 memory cuts: 1)            |
| yolo11n_yolo11n_context_2_to_yolo11n_context_3_2539 | input_to_cluster_3_504_i1                           | 1 (L3 memory cuts: 1)            |
| input_to_cluster_3_504_i1                           | resize2                                             | 2 (L3 memory cuts: 1)            |
| resize2                                             | concat11                                            | 3[RPC] (L3 memory cuts: 3)       |
| concat11                                            | output_from_cluster_3_506_i1                        | 2[S][RPC] (L3 memory cuts: 2)    |
| concat11                                            | conv_feature_splitter8_2                            | 2[S][RPC] (L3 memory cuts: 2)    |
| conv_feature_splitter8_2                            | output_from_cluster_3_510_i1                        | 2 (L3 memory cuts: 1)            |
| output_from_cluster_3_510_i1                        | input_to_cluster_2_512_i1                           | 2 (L3 memory cuts: 1)            |
| output_from_cluster_3_510_i1                        | input_to_cluster_0_511_i1                           | 2 (L3 memory cuts: 1)            |
| input_to_cluster_0_511_i1                           | concat12                                            | 8 (L3 memory cuts: 1)            |
| input_to_cluster_2_512_i1                           | conv45                                              | 6 (L3 memory cuts: 1)            |
| input_to_cluster_2_512_i1                           | ew_add11                                            | 6 (L3 memory cuts: 1)            |
| conv45                                              | conv46                                              | 12[S] (L3 memory cuts: 1)        |
| conv46                                              | ew_add11                                            | 2[RPC] (L3 memory cuts: 2)       |
| ew_add11                                            | output_from_cluster_2_513_i1                        | 1 (L3 memory cuts: 1)            |
| output_from_cluster_2_513_i1                        | input_to_cluster_0_514_i1                           | 2 (L3 memory cuts: 1)            |
| input_to_cluster_0_514_i1                           | concat12                                            | 3 (L3 memory cuts: 1)            |
| output_from_cluster_3_506_i1                        | input_to_cluster_2_507_i1                           | 2[S][RPC][D] (L3 memory cuts: 2) |
| input_to_cluster_2_507_i1                           | conv_feature_splitter8_1                            | 2[S][RPC][D] (L3 memory cuts: 2) |
| conv_feature_splitter8_1                            | output_from_cluster_2_508_i1                        | 2 (L3 memory cuts: 1)            |
| output_from_cluster_2_508_i1                        | input_to_cluster_0_509_i1                           | 2 (L3 memory cuts: 1)            |
| input_to_cluster_0_509_i1                           | concat12                                            | 8 (L3 memory cuts: 1)            |
| concat12                                            | conv47                                              | 3[S] (L3 memory cuts: 1)         |
| conv47                                              | conv48                                              | 2[RPC] (L3 memory cuts: 2)       |
| conv47                                              | conv49_ws                                           | 2[RPC] (L3 memory cuts: 2)       |
| conv47                                              | dw2_sd0                                             | 3[RPC] (L3 memory cuts: 3)       |
| conv47                                              | output_from_cluster_0_515_i1                        | 2[RPC] (L3 memory cuts: 2)       |
| conv48                                              | concat13                                            | 2 (L3 memory cuts: 1)            |
| conv49_ws                                           | conv49_sd0                                          | 2 (L3 memory cuts: 1)            |
| conv49_ws                                           | conv49_sd1                                          | 2 (L3 memory cuts: 1)            |
| conv49_sd0                                          | conv49_sdc                                          | 2 (L3 memory cuts: 1)            |
| conv49_sd1                                          | conv49_sdc                                          | 2 (L3 memory cuts: 1)            |
| conv49_sdc                                          | conv50_ws                                           | 1 (L3 memory cuts: 1)            |
| conv50_ws                                           | conv50_sd0                                          | 2 (L3 memory cuts: 1)            |
| conv50_ws                                           | output_from_cluster_0_536_i1                        | 1 (L3 memory cuts: 1)            |
| conv50_sd0                                          | output_from_cluster_0_538_i1                        | 2 (L3 memory cuts: 1)            |
| output_from_cluster_0_538_i1                        | input_to_cluster_3_539_i1                           | 2 (L3 memory cuts: 1)            |
| input_to_cluster_3_539_i1                           | conv50_sdc                                          | 1 (L3 memory cuts: 1)            |
| output_from_cluster_0_536_i1                        | input_to_cluster_3_537_i1                           | 2 (L3 memory cuts: 1)            |
| input_to_cluster_3_537_i1                           | conv50_sd1                                          | 2 (L3 memory cuts: 1)            |
| conv50_sd1                                          | conv50_sdc                                          | 2 (L3 memory cuts: 1)            |
| conv50_sdc                                          | output_from_cluster_3_540_i1                        | 1 (L3 memory cuts: 1)            |
| output_from_cluster_3_540_i1                        | input_to_cluster_3_541_i1                           | 2 (L3 memory cuts: 1)            |
| input_to_cluster_3_541_i1                           | conv51                                              | 2 (L3 memory cuts: 1)            |
| conv51                                              | output_from_cluster_3_542_i1                        | 2[RPC] (L3 memory cuts: 2)       |
| output_from_cluster_3_542_i1                        | input_to_prepost_543_i1                             | 2[RPC] (L3 memory cuts: 2)       |
| input_to_prepost_543_i1                             | auto_reshape_from_conv51_to_output_layer1           | 2[RPC] (L4 memory cuts: 2)       |
| auto_reshape_from_conv51_to_output_layer1           | output_from_prepost_548_i1                          | 2 (L4 memory cuts: 1)            |
| output_from_prepost_548_i1                          | output_layer1                                       | 1 (L4 memory cuts: 1)            |
| dw2_sd0                                             | output_from_cluster_0_544_i1                        | 2[RPC] (L3 memory cuts: 2)       |
| output_from_cluster_0_544_i1                        | input_to_cluster_3_545_i1                           | 2[RPC] (L3 memory cuts: 2)       |
| input_to_cluster_3_545_i1                           | dw2_sdc                                             | 1[RPC] (L3 memory cuts: 1)       |
| output_from_cluster_0_515_i1                        | input_to_cluster_3_516_i1                           | 2[RPC] (L3 memory cuts: 2)       |
| input_to_cluster_3_516_i1                           | dw2_sd1                                             | 2[RPC] (L3 memory cuts: 2)       |
| dw2_sd1                                             | dw2_sdc                                             | 2[RPC] (L3 memory cuts: 2)       |
| dw2_sdc                                             | conv52                                              | 2 (L3 memory cuts: 1)            |
| conv52                                              | dw3_sd0                                             | 2 (L3 memory cuts: 1)            |
| conv52                                              | dw3_sd1                                             | 2 (L3 memory cuts: 1)            |
| dw3_sd0                                             | dw3_sdc                                             | 2[RPC] (L3 memory cuts: 2)       |
| dw3_sd1                                             | dw3_sdc                                             | 2[RPC] (L3 memory cuts: 2)       |
| dw3_sdc                                             | conv53                                              | 3 (L3 memory cuts: 1)            |
| conv53                                              | conv54                                              | 1[S][RPC] (L3 memory cuts: 1)    |
| conv54                                              | output_from_cluster_3_546_i1                        | 1 (L3 memory cuts: 1)            |
| output_from_cluster_3_546_i1                        | input_to_prepost_547_i1                             | 2 (L3 memory cuts: 1)            |
| input_to_prepost_547_i1                             | auto_reshape_from_conv54_to_output_layer2           | 2 (L4 memory cuts: 1)            |
| auto_reshape_from_conv54_to_output_layer2           | output_from_prepost_549_i1                          | 1 (L4 memory cuts: 1)            |
| output_from_prepost_549_i1                          | output_layer2                                       | 1 (L4 memory cuts: 1)            |
| yolo11n_yolo11n_context_2_to_yolo11n_context_3_2540 | input_to_cluster_0_505_i1                           | 1 (L3 memory cuts: 1)            |
| input_to_cluster_0_505_i1                           | concat13                                            | 3 (L3 memory cuts: 1)            |
| concat13                                            | output_from_cluster_0_517_i1                        | 4[S] (L3 memory cuts: 1)         |
| concat13                                            | conv_feature_splitter9_2                            | 4[S] (L3 memory cuts: 1)         |
| conv_feature_splitter9_2                            | output_from_cluster_0_521_i1                        | 1 (L3 memory cuts: 1)            |
| output_from_cluster_0_521_i1                        | input_to_cluster_3_524_i1                           | 2 (L3 memory cuts: 1)            |
| output_from_cluster_0_521_i1                        | input_to_cluster_3_522_i1                           | 2 (L3 memory cuts: 1)            |
| output_from_cluster_0_521_i1                        | input_to_cluster_2_523_i1                           | 2 (L3 memory cuts: 1)            |
| input_to_cluster_3_522_i1                           | conv56                                              | 3 (L3 memory cuts: 1)            |
| conv56                                              | conv57                                              | 6[S] (L3 memory cuts: 1)         |
| conv57                                              | output_from_cluster_3_525_i1                        | 2 (L3 memory cuts: 1)            |
| output_from_cluster_3_525_i1                        | input_to_cluster_3_526_i1                           | 2 (L3 memory cuts: 1)            |
| input_to_cluster_3_526_i1                           | ew_add12                                            | 1 (L3 memory cuts: 1)            |
| input_to_cluster_2_523_i1                           | concat14                                            | 6 (L3 memory cuts: 1)            |
| input_to_cluster_3_524_i1                           | ew_add12                                            | 5 (L3 memory cuts: 1)            |
| ew_add12                                            | output_from_cluster_3_527_i1                        | 1 (L3 memory cuts: 1)            |
| output_from_cluster_3_527_i1                        | input_to_cluster_2_528_i1                           | 2 (L3 memory cuts: 1)            |
| input_to_cluster_2_528_i1                           | concat14                                            | 2 (L3 memory cuts: 1)            |
| output_from_cluster_0_517_i1                        | input_to_cluster_3_518_i1                           | 2[S] (L3 memory cuts: 1)         |
| input_to_cluster_3_518_i1                           | conv_feature_splitter9_1                            | 3[S] (L3 memory cuts: 1)         |
| conv_feature_splitter9_1                            | output_from_cluster_3_519_i1                        | 1 (L3 memory cuts: 1)            |
| output_from_cluster_3_519_i1                        | input_to_cluster_2_520_i1                           | 2 (L3 memory cuts: 1)            |
| input_to_cluster_2_520_i1                           | concat14                                            | 6 (L3 memory cuts: 1)            |
| concat14                                            | output_from_cluster_2_529_i1                        | 2[S] (L3 memory cuts: 1)         |
| output_from_cluster_2_529_i1                        | input_to_cluster_3_530_i1                           | 2[S] (L3 memory cuts: 1)         |
| input_to_cluster_3_530_i1                           | conv58                                              | 2[S] (L3 memory cuts: 1)         |
| conv58                                              | conv60                                              | 3 (L3 memory cuts: 1)            |
| conv58                                              | output_from_cluster_3_531_i1                        | 3 (L3 memory cuts: 1)            |
| conv60                                              | output_from_cluster_3_534_i1                        | 1 (L3 memory cuts: 1)            |
| output_from_cluster_3_534_i1                        | yolo11n_yolo11n_context_3_to_yolo11n_context_4_2543 | 1 (L3 memory cuts: 1)            |
| output_from_cluster_3_531_i1                        | input_to_cluster_0_532_i1                           | 2 (L3 memory cuts: 1)            |
| input_to_cluster_0_532_i1                           | conv59                                              | 2 (L3 memory cuts: 1)            |
| input_to_cluster_0_532_i1                           | dw4                                                 | 2 (L3 memory cuts: 1)            |
| conv59                                              | output_from_cluster_0_533_i1                        | 1 (L3 memory cuts: 1)            |
| output_from_cluster_0_533_i1                        | yolo11n_yolo11n_context_3_to_yolo11n_context_4_2541 | 1 (L3 memory cuts: 1)            |
| dw4                                                 | output_from_cluster_0_535_i1                        | 2[RPC] (L3 memory cuts: 2)       |
| output_from_cluster_0_535_i1                        | yolo11n_yolo11n_context_3_to_yolo11n_context_4_2546 | 1 (L3 memory cuts: 1)            |
+-----------------------------------------------------+-----------------------------------------------------+----------------------------------+
[2026-02-17 19:47:06.612] [default] [info] Post-Final-Split Resources for yolo11n_context_3, iteration 4
+-----------------------------------------------------+-------------+-----------------------+-----------------------+----------------------+----------------+-----+-----+------+
| Node                                                | Subclusters | L3 Weight Memory Cuts | L3 Output Memory Cuts | L3 Input Memory Cuts | L4 Memory Cuts | IBs | OBs | APUs |
+-----------------------------------------------------+-------------+-----------------------+-----------------------+----------------------+----------------+-----+-----+------+
| yolo11n_yolo11n_context_0_to_yolo11n_context_3_2530 | 0           | 0                     | 0                     | 0                    | 0.500          | 0   | 0   | 0    |
| input_to_cluster_3_503_i1                           | 0           | 0                     | 1                     | 0                    | 0.000          | 1   | 0   | 0    |
| yolo11n_yolo11n_context_2_to_yolo11n_context_3_2539 | 0           | 0                     | 0                     | 0                    | 0.500          | 0   | 0   | 0    |
| input_to_cluster_3_504_i1                           | 0           | 0                     | 1                     | 0                    | 0.000          | 1   | 0   | 0    |
| resize2                                             | 1           | 0                     | 3                     | 1                    | 0.000          | 0   | 0   | 1    |
| concat11                                            | 1           | 0                     | 4                     | 4                    | 0.000          | 0   | 0   | 1    |
| conv_feature_splitter8_2                            | 4           | 4                     | 1                     | 2                    | 0.000          | 0   | 0   | 1    |
| output_from_cluster_3_510_i1                        | 0           | 0                     | 0                     | 0                    | 0.000          | 0   | 1   | 0    |
| input_to_cluster_0_511_i1                           | 0           | 0                     | 1                     | 0                    | 0.000          | 1   | 0   | 0    |
| input_to_cluster_2_512_i1                           | 0           | 0                     | 2                     | 0                    | 0.000          | 1   | 0   | 0    |
| conv45                                              | 2           | 2                     | 1                     | 1                    | 0.000          | 0   | 0   | 1    |
| conv46                                              | 2           | 1                     | 2                     | 1                    | 0.000          | 0   | 0   | 1    |
| ew_add11                                            | 1           | 1                     | 1                     | 3                    | 0.000          | 0   | 0   | 1    |
| output_from_cluster_2_513_i1                        | 0           | 0                     | 0                     | 0                    | 0.000          | 0   | 1   | 0    |
| input_to_cluster_0_514_i1                           | 0           | 0                     | 1                     | 0                    | 0.000          | 1   | 0   | 0    |
| output_from_cluster_3_506_i1                        | 0           | 0                     | 0                     | 0                    | 0.000          | 0   | 2   | 0    |
| input_to_cluster_2_507_i1                           | 0           | 0                     | 2                     | 0                    | 0.000          | 2   | 0   | 0    |
| conv_feature_splitter8_1                            | 4           | 4                     | 1                     | 2                    | 0.000          | 0   | 0   | 1    |
| output_from_cluster_2_508_i1                        | 0           | 0                     | 0                     | 0                    | 0.000          | 0   | 1   | 0    |
| input_to_cluster_0_509_i1                           | 0           | 0                     | 1                     | 0                    | 0.000          | 1   | 0   | 0    |
| concat12                                            | 1           | 0                     | 1                     | 3                    | 0.000          | 0   | 0   | 1    |
| conv47                                              | 3           | 3                     | 9                     | 1                    | 0.000          | 0   | 0   | 1    |
| conv48                                              | 8           | 8                     | 1                     | 2                    | 0.000          | 0   | 0   | 1    |
| conv49_ws                                           | 1           | 0                     | 2                     | 2                    | 0.000          | 0   | 0   | 1    |
| conv49_sd0                                          | 8           | 8                     | 1                     | 1                    | 0.000          | 0   | 0   | 1    |
| conv49_sd1                                          | 8           | 8                     | 1                     | 1                    | 0.000          | 0   | 0   | 1    |
| conv49_sdc                                          | 1           | 0                     | 1                     | 2                    | 0.000          | 0   | 0   | 1    |
| conv50_ws                                           | 1           | 0                     | 2                     | 1                    | 0.000          | 0   | 0   | 1    |
| conv50_sd0                                          | 8           | 8                     | 1                     | 1                    | 0.000          | 0   | 0   | 1    |
| output_from_cluster_0_538_i1                        | 0           | 0                     | 0                     | 0                    | 0.000          | 0   | 1   | 0    |
| input_to_cluster_3_539_i1                           | 0           | 0                     | 1                     | 0                    | 0.000          | 1   | 0   | 0    |
| output_from_cluster_0_536_i1                        | 0           | 0                     | 0                     | 0                    | 0.000          | 0   | 1   | 0    |
| input_to_cluster_3_537_i1                           | 0           | 0                     | 1                     | 0                    | 0.000          | 1   | 0   | 0    |
| conv50_sd1                                          | 8           | 8                     | 1                     | 1                    | 0.000          | 0   | 0   | 1    |
| conv50_sdc                                          | 1           | 0                     | 1                     | 2                    | 0.000          | 0   | 0   | 1    |
| output_from_cluster_3_540_i1                        | 0           | 0                     | 0                     | 0                    | 0.000          | 0   | 1   | 0    |
| input_to_cluster_3_541_i1                           | 0           | 0                     | 1                     | 0                    | 0.000          | 1   | 0   | 0    |
| conv51                                              | 2           | 1                     | 2                     | 1                    | 0.000          | 0   | 0   | 1    |
| output_from_cluster_3_542_i1                        | 0           | 0                     | 0                     | 0                    | 0.000          | 0   | 1   | 0    |
| input_to_prepost_543_i1                             | 0           | 0                     | 0                     | 0                    | 2.000          | 0   | 0   | 0    |
| auto_reshape_from_conv51_to_output_layer1           | 0           | 0                     | 0                     | 0                    | 1.000          | 0   | 0   | 0    |
| output_from_prepost_548_i1                          | 0           | 0                     | 0                     | 0                    | 0.000          | 0   | 0   | 0    |
| output_layer1                                       | 0           | 0                     | 0                     | 0                    | 0.500          | 0   | 0   | 0    |
| dw2_sd0                                             | 2           | 1                     | 2                     | 3                    | 0.000          | 0   | 0   | 1    |
| output_from_cluster_0_544_i1                        | 0           | 0                     | 0                     | 0                    | 0.000          | 0   | 1   | 0    |
| input_to_cluster_3_545_i1                           | 0           | 0                     | 1                     | 0                    | 0.000          | 1   | 0   | 0    |
| output_from_cluster_0_515_i1                        | 0           | 0                     | 0                     | 0                    | 0.000          | 0   | 1   | 0    |
| input_to_cluster_3_516_i1                           | 0           | 0                     | 2                     | 0                    | 0.000          | 1   | 0   | 0    |
| dw2_sd1                                             | 2           | 1                     | 2                     | 2                    | 0.000          | 0   | 0   | 1    |
| dw2_sdc                                             | 1           | 0                     | 1                     | 3                    | 0.000          | 0   | 0   | 1    |
| conv52                                              | 2           | 2                     | 2                     | 1                    | 0.000          | 0   | 0   | 1    |
| dw3_sd0                                             | 2           | 1                     | 2                     | 1                    | 0.000          | 0   | 0   | 1    |
| dw3_sd1                                             | 2           | 1                     | 2                     | 1                    | 0.000          | 0   | 0   | 1    |
| dw3_sdc                                             | 1           | 0                     | 1                     | 4                    | 0.000          | 0   | 0   | 1    |
| conv53                                              | 2           | 2                     | 1                     | 1                    | 0.000          | 0   | 0   | 1    |
| conv54                                              | 1           | 1                     | 1                     | 1                    | 0.000          | 0   | 0   | 1    |
| output_from_cluster_3_546_i1                        | 0           | 0                     | 0                     | 0                    | 0.000          | 0   | 1   | 0    |
| input_to_prepost_547_i1                             | 0           | 0                     | 0                     | 0                    | 1.000          | 0   | 0   | 0    |
| auto_reshape_from_conv54_to_output_layer2           | 0           | 0                     | 0                     | 0                    | 1.000          | 0   | 0   | 0    |
| output_from_prepost_549_i1                          | 0           | 0                     | 0                     | 0                    | 0.000          | 0   | 0   | 0    |
| output_layer2                                       | 0           | 0                     | 0                     | 0                    | 0.500          | 0   | 0   | 0    |
| yolo11n_yolo11n_context_2_to_yolo11n_context_3_2540 | 0           | 0                     | 0                     | 0                    | 0.500          | 0   | 0   | 0    |
| input_to_cluster_0_505_i1                           | 0           | 0                     | 1                     | 0                    | 0.000          | 1   | 0   | 0    |
| concat13                                            | 1           | 0                     | 2                     | 2                    | 0.000          | 0   | 0   | 1    |
| conv_feature_splitter9_2                            | 2           | 1                     | 1                     | 1                    | 0.000          | 0   | 0   | 1    |
| output_from_cluster_0_521_i1                        | 0           | 0                     | 0                     | 0                    | 0.000          | 0   | 1   | 0    |
| input_to_cluster_3_522_i1                           | 0           | 0                     | 1                     | 0                    | 0.000          | 1   | 0   | 0    |
| conv56                                              | 2           | 2                     | 1                     | 1                    | 0.000          | 0   | 0   | 1    |
| conv57                                              | 2           | 2                     | 1                     | 1                    | 0.000          | 0   | 0   | 1    |
| output_from_cluster_3_525_i1                        | 0           | 0                     | 0                     | 0                    | 0.000          | 0   | 1   | 0    |
| input_to_cluster_3_526_i1                           | 0           | 0                     | 1                     | 0                    | 0.000          | 1   | 0   | 0    |
| input_to_cluster_2_523_i1                           | 0           | 0                     | 1                     | 0                    | 0.000          | 1   | 0   | 0    |
| input_to_cluster_3_524_i1                           | 0           | 0                     | 1                     | 0                    | 0.000          | 1   | 0   | 0    |
| ew_add12                                            | 1           | 1                     | 1                     | 2                    | 0.000          | 0   | 0   | 1    |
| output_from_cluster_3_527_i1                        | 0           | 0                     | 0                     | 0                    | 0.000          | 0   | 1   | 0    |
| input_to_cluster_2_528_i1                           | 0           | 0                     | 1                     | 0                    | 0.000          | 1   | 0   | 0    |
| output_from_cluster_0_517_i1                        | 0           | 0                     | 0                     | 0                    | 0.000          | 0   | 1   | 0    |
| input_to_cluster_3_518_i1                           | 0           | 0                     | 1                     | 0                    | 0.000          | 1   | 0   | 0    |
| conv_feature_splitter9_1                            | 2           | 1                     | 1                     | 1                    | 0.000          | 0   | 0   | 1    |
| output_from_cluster_3_519_i1                        | 0           | 0                     | 0                     | 0                    | 0.000          | 0   | 1   | 0    |
| input_to_cluster_2_520_i1                           | 0           | 0                     | 1                     | 0                    | 0.000          | 1   | 0   | 0    |
| concat14                                            | 1           | 0                     | 1                     | 3                    | 0.000          | 0   | 0   | 1    |
| output_from_cluster_2_529_i1                        | 0           | 0                     | 0                     | 0                    | 0.000          | 0   | 1   | 0    |
| input_to_cluster_3_530_i1                           | 0           | 0                     | 1                     | 0                    | 0.000          | 1   | 0   | 0    |
| conv58                                              | 3           | 3                     | 2                     | 1                    | 0.000          | 0   | 0   | 1    |
| conv60                                              | 8           | 8                     | 1                     | 1                    | 0.000          | 0   | 0   | 1    |
| output_from_cluster_3_534_i1                        | 0           | 0                     | 0                     | 0                    | 0.000          | 0   | 1   | 0    |
| yolo11n_yolo11n_context_3_to_yolo11n_context_4_2543 | 0           | 0                     | 0                     | 0                    | 0.500          | 0   | 0   | 0    |
| output_from_cluster_3_531_i1                        | 0           | 0                     | 0                     | 0                    | 0.000          | 0   | 1   | 0    |
| input_to_cluster_0_532_i1                           | 0           | 0                     | 2                     | 0                    | 0.000          | 1   | 0   | 0    |
| conv59                                              | 6           | 6                     | 1                     | 1                    | 0.000          | 0   | 0   | 1    |
| output_from_cluster_0_533_i1                        | 0           | 0                     | 0                     | 0                    | 0.000          | 0   | 1   | 0    |
| yolo11n_yolo11n_context_3_to_yolo11n_context_4_2541 | 0           | 0                     | 0                     | 0                    | 0.500          | 0   | 0   | 0    |
| dw4                                                 | 2           | 1                     | 2                     | 1                    | 0.000          | 0   | 0   | 1    |
| output_from_cluster_0_535_i1                        | 0           | 0                     | 0                     | 0                    | 0.000          | 0   | 1   | 0    |
| yolo11n_yolo11n_context_3_to_yolo11n_context_4_2546 | 0           | 0                     | 0                     | 0                    | 0.500          | 0   | 0   | 0    |
+-----------------------------------------------------+-------------+-----------------------+-----------------------+----------------------+----------------+-----+-----+------+
TOTAL:  LCUs: 39 (60.9375%), Subclusters: 110 (42.9688%), Weight memory cuts: 90 (17.5781%), L3 Output memory cuts: 90 (17.5781%), L3 Input memory cuts: 64 (12.5%), L3 total cuts: 180 (35.1562%), L4 memory cuts: 5 (17.8571%), IBs: 23 (71.875%), OBs: 22 (68.75%), APUs: 39 (48.75%)
[2026-02-17 19:47:06.765] [default] [info] Post-Final-Split Resources for yolo11n_context_3, iteration 4
+-----------------------------------------------------+-------------+-----------------------+-----------------------+----------------------+----------------+-----+-----+------+
| Node                                                | Subclusters | L3 Weight Memory Cuts | L3 Output Memory Cuts | L3 Input Memory Cuts | L4 Memory Cuts | IBs | OBs | APUs |
+-----------------------------------------------------+-------------+-----------------------+-----------------------+----------------------+----------------+-----+-----+------+
| yolo11n_yolo11n_context_0_to_yolo11n_context_3_2530 | 0           | 0                     | 0                     | 0                    | 0.500          | 0   | 0   | 0    |
| input_to_cluster_3_503_i1                           | 0           | 0                     | 1                     | 0                    | 0.000          | 1   | 0   | 0    |
| yolo11n_yolo11n_context_2_to_yolo11n_context_3_2539 | 0           | 0                     | 0                     | 0                    | 0.500          | 0   | 0   | 0    |
| input_to_cluster_3_504_i1                           | 0           | 0                     | 1                     | 0                    | 0.000          | 1   | 0   | 0    |
| resize2                                             | 1           | 0                     | 3                     | 1                    | 0.000          | 0   | 0   | 1    |
| concat11                                            | 1           | 0                     | 4                     | 4                    | 0.000          | 0   | 0   | 1    |
| conv_feature_splitter8_2                            | 4           | 4                     | 1                     | 2                    | 0.000          | 0   | 0   | 1    |
| output_from_cluster_3_510_i1                        | 0           | 0                     | 0                     | 0                    | 0.000          | 0   | 1   | 0    |
| input_to_cluster_0_511_i1                           | 0           | 0                     | 1                     | 0                    | 0.000          | 1   | 0   | 0    |
| input_to_cluster_0_512_i1                           | 0           | 0                     | 2                     | 0                    | 0.000          | 1   | 0   | 0    |
| conv45                                              | 2           | 2                     | 1                     | 1                    | 0.000          | 0   | 0   | 1    |
| conv46                                              | 2           | 1                     | 2                     | 1                    | 0.000          | 0   | 0   | 1    |
| ew_add11                                            | 1           | 1                     | 1                     | 3                    | 0.000          | 0   | 0   | 1    |
| output_from_cluster_0_513_i1                        | 0           | 0                     | 0                     | 0                    | 0.000          | 0   | 1   | 0    |
| input_to_cluster_0_514_i1                           | 0           | 0                     | 1                     | 0                    | 0.000          | 1   | 0   | 0    |
| output_from_cluster_3_506_i1                        | 0           | 0                     | 0                     | 0                    | 0.000          | 0   | 2   | 0    |
| input_to_cluster_0_507_i1                           | 0           | 0                     | 2                     | 0                    | 0.000          | 2   | 0   | 0    |
| conv_feature_splitter8_1                            | 4           | 4                     | 1                     | 2                    | 0.000          | 0   | 0   | 1    |
| output_from_cluster_0_508_i1                        | 0           | 0                     | 0                     | 0                    | 0.000          | 0   | 1   | 0    |
| input_to_cluster_0_509_i1                           | 0           | 0                     | 1                     | 0                    | 0.000          | 1   | 0   | 0    |
| concat12                                            | 1           | 0                     | 1                     | 3                    | 0.000          | 0   | 0   | 1    |
| conv47                                              | 3           | 3                     | 9                     | 1                    | 0.000          | 0   | 0   | 1    |
| conv48                                              | 8           | 8                     | 1                     | 2                    | 0.000          | 0   | 0   | 1    |
| conv49_ws                                           | 1           | 0                     | 2                     | 2                    | 0.000          | 0   | 0   | 1    |
| conv49_sd0                                          | 8           | 8                     | 1                     | 1                    | 0.000          | 0   | 0   | 1    |
| conv49_sd1                                          | 8           | 8                     | 1                     | 1                    | 0.000          | 0   | 0   | 1    |
| conv49_sdc                                          | 1           | 0                     | 1                     | 2                    | 0.000          | 0   | 0   | 1    |
| conv50_ws                                           | 1           | 0                     | 2                     | 1                    | 0.000          | 0   | 0   | 1    |
| conv50_sd0                                          | 8           | 8                     | 1                     | 1                    | 0.000          | 0   | 0   | 1    |
| output_from_cluster_0_538_i1                        | 0           | 0                     | 0                     | 0                    | 0.000          | 0   | 1   | 0    |
| input_to_cluster_3_539_i1                           | 0           | 0                     | 1                     | 0                    | 0.000          | 1   | 0   | 0    |
| output_from_cluster_0_536_i1                        | 0           | 0                     | 0                     | 0                    | 0.000          | 0   | 1   | 0    |
| input_to_cluster_3_537_i1                           | 0           | 0                     | 1                     | 0                    | 0.000          | 1   | 0   | 0    |
| conv50_sd1                                          | 8           | 8                     | 1                     | 1                    | 0.000          | 0   | 0   | 1    |
| conv50_sdc                                          | 1           | 0                     | 1                     | 2                    | 0.000          | 0   | 0   | 1    |
| output_from_cluster_3_540_i1                        | 0           | 0                     | 0                     | 0                    | 0.000          | 0   | 1   | 0    |
| input_to_cluster_3_541_i1                           | 0           | 0                     | 1                     | 0                    | 0.000          | 1   | 0   | 0    |
| conv51                                              | 2           | 1                     | 2                     | 1                    | 0.000          | 0   | 0   | 1    |
| output_from_cluster_3_542_i1                        | 0           | 0                     | 0                     | 0                    | 0.000          | 0   | 1   | 0    |
| input_to_prepost_543_i1                             | 0           | 0                     | 0                     | 0                    | 2.000          | 0   | 0   | 0    |
| auto_reshape_from_conv51_to_output_layer1           | 0           | 0                     | 0                     | 0                    | 1.000          | 0   | 0   | 0    |
| output_from_prepost_548_i1                          | 0           | 0                     | 0                     | 0                    | 0.000          | 0   | 0   | 0    |
| output_layer1                                       | 0           | 0                     | 0                     | 0                    | 0.500          | 0   | 0   | 0    |
| dw2_sd0                                             | 2           | 1                     | 2                     | 3                    | 0.000          | 0   | 0   | 1    |
| output_from_cluster_0_544_i1                        | 0           | 0                     | 0                     | 0                    | 0.000          | 0   | 1   | 0    |
| input_to_cluster_3_545_i1                           | 0           | 0                     | 1                     | 0                    | 0.000          | 1   | 0   | 0    |
| output_from_cluster_0_515_i1                        | 0           | 0                     | 0                     | 0                    | 0.000          | 0   | 1   | 0    |
| input_to_cluster_3_516_i1                           | 0           | 0                     | 2                     | 0                    | 0.000          | 1   | 0   | 0    |
| dw2_sd1                                             | 2           | 1                     | 2                     | 2                    | 0.000          | 0   | 0   | 1    |
| dw2_sdc                                             | 1           | 0                     | 1                     | 3                    | 0.000          | 0   | 0   | 1    |
| conv52                                              | 2           | 2                     | 2                     | 1                    | 0.000          | 0   | 0   | 1    |
| dw3_sd0                                             | 2           | 1                     | 2                     | 1                    | 0.000          | 0   | 0   | 1    |
| dw3_sd1                                             | 2           | 1                     | 2                     | 1                    | 0.000          | 0   | 0   | 1    |
| dw3_sdc                                             | 1           | 0                     | 1                     | 4                    | 0.000          | 0   | 0   | 1    |
| conv53                                              | 2           | 2                     | 1                     | 1                    | 0.000          | 0   | 0   | 1    |
| conv54                                              | 1           | 1                     | 1                     | 1                    | 0.000          | 0   | 0   | 1    |
| output_from_cluster_3_546_i1                        | 0           | 0                     | 0                     | 0                    | 0.000          | 0   | 1   | 0    |
| input_to_prepost_547_i1                             | 0           | 0                     | 0                     | 0                    | 1.000          | 0   | 0   | 0    |
| auto_reshape_from_conv54_to_output_layer2           | 0           | 0                     | 0                     | 0                    | 1.000          | 0   | 0   | 0    |
| output_from_prepost_549_i1                          | 0           | 0                     | 0                     | 0                    | 0.000          | 0   | 0   | 0    |
| output_layer2                                       | 0           | 0                     | 0                     | 0                    | 0.500          | 0   | 0   | 0    |
| yolo11n_yolo11n_context_2_to_yolo11n_context_3_2540 | 0           | 0                     | 0                     | 0                    | 0.500          | 0   | 0   | 0    |
| input_to_cluster_0_505_i1                           | 0           | 0                     | 1                     | 0                    | 0.000          | 1   | 0   | 0    |
| concat13                                            | 1           | 0                     | 2                     | 2                    | 0.000          | 0   | 0   | 1    |
| conv_feature_splitter9_2                            | 2           | 1                     | 1                     | 1                    | 0.000          | 0   | 0   | 1    |
| output_from_cluster_0_521_i1                        | 0           | 0                     | 0                     | 0                    | 0.000          | 0   | 1   | 0    |
| input_to_cluster_3_522_i1                           | 0           | 0                     | 1                     | 0                    | 0.000          | 1   | 0   | 0    |
| conv56                                              | 2           | 2                     | 1                     | 1                    | 0.000          | 0   | 0   | 1    |
| conv57                                              | 2           | 2                     | 1                     | 1                    | 0.000          | 0   | 0   | 1    |
| output_from_cluster_3_525_i1                        | 0           | 0                     | 0                     | 0                    | 0.000          | 0   | 1   | 0    |
| input_to_cluster_3_526_i1                           | 0           | 0                     | 1                     | 0                    | 0.000          | 1   | 0   | 0    |
| input_to_cluster_0_523_i1                           | 0           | 0                     | 1                     | 0                    | 0.000          | 1   | 0   | 0    |
| input_to_cluster_3_524_i1                           | 0           | 0                     | 1                     | 0                    | 0.000          | 1   | 0   | 0    |
| ew_add12                                            | 1           | 1                     | 1                     | 2                    | 0.000          | 0   | 0   | 1    |
| output_from_cluster_3_527_i1                        | 0           | 0                     | 0                     | 0                    | 0.000          | 0   | 1   | 0    |
| input_to_cluster_0_528_i1                           | 0           | 0                     | 1                     | 0                    | 0.000          | 1   | 0   | 0    |
| output_from_cluster_0_517_i1                        | 0           | 0                     | 0                     | 0                    | 0.000          | 0   | 1   | 0    |
| input_to_cluster_3_518_i1                           | 0           | 0                     | 1                     | 0                    | 0.000          | 1   | 0   | 0    |
| conv_feature_splitter9_1                            | 2           | 1                     | 1                     | 1                    | 0.000          | 0   | 0   | 1    |
| output_from_cluster_3_519_i1                        | 0           | 0                     | 0                     | 0                    | 0.000          | 0   | 1   | 0    |
| input_to_cluster_0_520_i1                           | 0           | 0                     | 1                     | 0                    | 0.000          | 1   | 0   | 0    |
| concat14                                            | 1           | 0                     | 1                     | 3                    | 0.000          | 0   | 0   | 1    |
| output_from_cluster_0_529_i1                        | 0           | 0                     | 0                     | 0                    | 0.000          | 0   | 1   | 0    |
| input_to_cluster_3_530_i1                           | 0           | 0                     | 1                     | 0                    | 0.000          | 1   | 0   | 0    |
| conv58                                              | 3           | 3                     | 2                     | 1                    | 0.000          | 0   | 0   | 1    |
| conv60                                              | 8           | 8                     | 1                     | 1                    | 0.000          | 0   | 0   | 1    |
| output_from_cluster_3_534_i1                        | 0           | 0                     | 0                     | 0                    | 0.000          | 0   | 1   | 0    |
| yolo11n_yolo11n_context_3_to_yolo11n_context_4_2543 | 0           | 0                     | 0                     | 0                    | 0.500          | 0   | 0   | 0    |
| output_from_cluster_3_531_i1                        | 0           | 0                     | 0                     | 0                    | 0.000          | 0   | 1   | 0    |
| input_to_cluster_0_532_i1                           | 0           | 0                     | 2                     | 0                    | 0.000          | 1   | 0   | 0    |
| conv59                                              | 6           | 6                     | 1                     | 1                    | 0.000          | 0   | 0   | 1    |
| output_from_cluster_0_533_i1                        | 0           | 0                     | 0                     | 0                    | 0.000          | 0   | 1   | 0    |
| yolo11n_yolo11n_context_3_to_yolo11n_context_4_2541 | 0           | 0                     | 0                     | 0                    | 0.500          | 0   | 0   | 0    |
| dw4                                                 | 2           | 1                     | 2                     | 1                    | 0.000          | 0   | 0   | 1    |
| output_from_cluster_0_535_i1                        | 0           | 0                     | 0                     | 0                    | 0.000          | 0   | 1   | 0    |
| yolo11n_yolo11n_context_3_to_yolo11n_context_4_2546 | 0           | 0                     | 0                     | 0                    | 0.500          | 0   | 0   | 0    |
+-----------------------------------------------------+-------------+-----------------------+-----------------------+----------------------+----------------+-----+-----+------+
TOTAL:  LCUs: 39 (60.9375%), Subclusters: 110 (42.9688%), Weight memory cuts: 90 (17.5781%), L3 Output memory cuts: 90 (17.5781%), L3 Input memory cuts: 64 (12.5%), L3 total cuts: 180 (35.1562%), L4 memory cuts: 5 (17.8571%), IBs: 23 (71.875%), OBs: 22 (68.75%), APUs: 39 (48.75%)
[2026-02-17 19:47:07.388] [default] [info] Post-Split Resources for yolo11n_context_4, iteration 1 (CP)
+-----------------------------------------------------+-------------+-----------------------+-----------------------+----------------------+----------------+-----+-----+------+
| Node                                                | Subclusters | L3 Weight Memory Cuts | L3 Output Memory Cuts | L3 Input Memory Cuts | L4 Memory Cuts | IBs | OBs | APUs |
+-----------------------------------------------------+-------------+-----------------------+-----------------------+----------------------+----------------+-----+-----+------+
| yolo11n_yolo11n_context_2_to_yolo11n_context_4_2537 | 0           | 0                     | 0                     | 0                    | 0.500          | 0   | 0   | 0    |
| input_to_cluster_2_550_i1                           | 0           | 0                     | 1                     | 0                    | 0.000          | 1   | 0   | 0    |
| yolo11n_yolo11n_context_3_to_yolo11n_context_4_2542 | 0           | 0                     | 0                     | 0                    | 0.500          | 0   | 0   | 0    |
| input_to_cluster_2_551_i1                           | 0           | 0                     | 1                     | 0                    | 0.000          | 1   | 0   | 0    |
| concat15                                            | 1           | 0                     | 2                     | 2                    | 0.000          | 0   | 0   | 1    |
| conv_feature_splitter10_1                           | 4           | 4                     | 2                     | 1                    | 0.000          | 0   | 0   | 1    |
| conv_feature_splitter10_2                           | 4           | 4                     | 6                     | 1                    | 0.000          | 0   | 0   | 1    |
| conv67                                              | 1           | 1                     | 1                     | 2                    | 0.000          | 0   | 0   | 1    |
| output_from_cluster_2_554_i1                        | 0           | 0                     | 0                     | 0                    | 0.000          | 0   | 1   | 0    |
| input_to_cluster_3_555_i1                           | 0           | 0                     | 2                     | 0                    | 0.000          | 1   | 0   | 0    |
| conv69                                              | 3           | 3                     | 1                     | 1                    | 0.000          | 0   | 0   | 1    |
| conv70                                              | 3           | 3                     | 1                     | 1                    | 0.000          | 0   | 0   | 1    |
| ew_add13                                            | 1           | 1                     | 1                     | 2                    | 0.000          | 0   | 0   | 1    |
| output_from_cluster_3_556_i1                        | 0           | 0                     | 0                     | 0                    | 0.000          | 0   | 1   | 0    |
| input_to_cluster_1_557_i1                           | 0           | 0                     | 2                     | 0                    | 0.000          | 1   | 0   | 0    |
| conv71                                              | 3           | 3                     | 1                     | 2                    | 0.000          | 0   | 0   | 1    |
| conv72                                              | 3           | 3                     | 1                     | 1                    | 0.000          | 0   | 0   | 1    |
| input_to_cluster_1_558_i1                           | 0           | 0                     | 4                     | 0                    | 0.000          | 1   | 0   | 0    |
| ew_add14                                            | 1           | 1                     | 1                     | 5                    | 0.000          | 0   | 0   | 1    |
| output_from_cluster_1_559_i1                        | 0           | 0                     | 0                     | 0                    | 0.000          | 0   | 1   | 0    |
| input_to_cluster_2_560_i1                           | 0           | 0                     | 2                     | 0                    | 0.000          | 1   | 0   | 0    |
| conv68                                              | 1           | 1                     | 1                     | 2                    | 0.000          | 0   | 0   | 1    |
| concat16                                            | 1           | 0                     | 1                     | 3                    | 0.000          | 0   | 0   | 1    |
| output_from_cluster_2_561_i1                        | 0           | 0                     | 0                     | 0                    | 0.000          | 0   | 1   | 0    |
| input_to_cluster_1_562_i1                           | 0           | 0                     | 1                     | 0                    | 0.000          | 1   | 0   | 0    |
| conv73                                              | 1           | 1                     | 1                     | 1                    | 0.000          | 0   | 0   | 1    |
| output_from_cluster_1_563_i1                        | 0           | 0                     | 0                     | 0                    | 0.000          | 0   | 1   | 0    |
| input_to_cluster_2_564_i1                           | 0           | 0                     | 1                     | 0                    | 0.000          | 1   | 0   | 0    |
| concat17                                            | 1           | 0                     | 2                     | 5                    | 0.000          | 0   | 0   | 1    |
| conv74                                              | 7           | 7                     | 1                     | 2                    | 0.000          | 0   | 0   | 1    |
| output_from_cluster_2_565_i1                        | 0           | 0                     | 0                     | 0                    | 0.000          | 0   | 1   | 0    |
| input_to_cluster_0_566_i1                           | 0           | 0                     | 1                     | 0                    | 0.000          | 1   | 0   | 0    |
| conv75_ws                                           | 1           | 0                     | 3                     | 1                    | 0.000          | 0   | 0   | 1    |
| conv75_sd0                                          | 8           | 8                     | 1                     | 1                    | 0.000          | 0   | 0   | 1    |
| output_from_cluster_0_568_i1                        | 0           | 0                     | 0                     | 0                    | 0.000          | 0   | 1   | 0    |
| input_to_cluster_1_569_i1                           | 0           | 0                     | 1                     | 0                    | 0.000          | 1   | 0   | 0    |
| conv75_sd1                                          | 8           | 8                     | 1                     | 2                    | 0.000          | 0   | 0   | 1    |
| output_from_cluster_0_570_i1                        | 0           | 0                     | 0                     | 0                    | 0.000          | 0   | 1   | 0    |
| input_to_cluster_1_571_i1                           | 0           | 0                     | 1                     | 0                    | 0.000          | 1   | 0   | 0    |
| conv75_sdc                                          | 1           | 0                     | 2                     | 2                    | 0.000          | 0   | 0   | 1    |
| conv76                                              | 3           | 3                     | 1                     | 2                    | 0.000          | 0   | 0   | 1    |
| conv77                                              | 1           | 1                     | 1                     | 1                    | 0.000          | 0   | 0   | 1    |
| output_from_cluster_1_572_i1                        | 0           | 0                     | 0                     | 0                    | 0.000          | 0   | 1   | 0    |
| input_to_prepost_573_i1                             | 0           | 0                     | 0                     | 0                    | 1.000          | 0   | 0   | 0    |
| auto_reshape_from_conv77_to_output_layer5           | 0           | 0                     | 0                     | 0                    | 1.000          | 0   | 0   | 0    |
| output_from_prepost_593_i1                          | 0           | 0                     | 0                     | 0                    | 0.000          | 0   | 0   | 0    |
| output_layer5                                       | 0           | 0                     | 0                     | 0                    | 0.500          | 0   | 0   | 0    |
| input_to_cluster_1_567_i1                           | 0           | 0                     | 1                     | 0                    | 0.000          | 1   | 0   | 0    |
| dw6_fs                                              | 1           | 0                     | 2                     | 1                    | 0.000          | 0   | 0   | 1    |
| dw6_d0                                              | 2           | 1                     | 2                     | 1                    | 0.000          | 0   | 0   | 1    |
| dw6_d1                                              | 2           | 1                     | 2                     | 1                    | 0.000          | 0   | 0   | 1    |
| dw6_dc                                              | 1           | 0                     | 1                     | 4                    | 0.000          | 0   | 0   | 1    |
| conv78                                              | 1           | 1                     | 1                     | 1                    | 0.000          | 0   | 0   | 1    |
| dw7                                                 | 1           | 1                     | 1                     | 1                    | 0.000          | 0   | 0   | 1    |
| output_from_cluster_1_574_i1                        | 0           | 0                     | 0                     | 0                    | 0.000          | 0   | 1   | 0    |
| input_to_cluster_0_575_i1                           | 0           | 0                     | 1                     | 0                    | 0.000          | 1   | 0   | 0    |
| conv79                                              | 1           | 1                     | 1                     | 1                    | 0.000          | 0   | 0   | 1    |
| conv80                                              | 1           | 1                     | 1                     | 1                    | 0.000          | 0   | 0   | 1    |
| output_from_cluster_0_576_i1                        | 0           | 0                     | 0                     | 0                    | 0.000          | 0   | 1   | 0    |
| input_to_prepost_577_i1                             | 0           | 0                     | 0                     | 0                    | 1.000          | 0   | 0   | 0    |
| auto_reshape_from_conv80_to_output_layer6           | 0           | 0                     | 0                     | 0                    | 1.000          | 0   | 0   | 0    |
| output_from_prepost_595_i1                          | 0           | 0                     | 0                     | 0                    | 0.000          | 0   | 0   | 0    |
| output_layer6                                       | 0           | 0                     | 0                     | 0                    | 0.500          | 0   | 0   | 0    |
| yolo11n_yolo11n_context_3_to_yolo11n_context_4_2544 | 0           | 0                     | 0                     | 0                    | 0.500          | 0   | 0   | 0    |
| input_to_cluster_2_552_i1                           | 0           | 0                     | 2                     | 0                    | 0.000          | 1   | 0   | 0    |
| conv61_d0                                           | 4           | 4                     | 1                     | 1                    | 0.000          | 0   | 0   | 1    |
| output_from_cluster_2_578_i1                        | 0           | 0                     | 0                     | 0                    | 0.000          | 0   | 1   | 0    |
| input_to_cluster_1_579_i1                           | 0           | 0                     | 1                     | 0                    | 0.000          | 1   | 0   | 0    |
| conv61_d1                                           | 4           | 4                     | 1                     | 1                    | 0.000          | 0   | 0   | 1    |
| output_from_cluster_2_580_i1                        | 0           | 0                     | 0                     | 0                    | 0.000          | 0   | 1   | 0    |
| input_to_cluster_1_581_i1                           | 0           | 0                     | 1                     | 0                    | 0.000          | 1   | 0   | 0    |
| conv61_dc                                           | 1           | 0                     | 2                     | 2                    | 0.000          | 0   | 0   | 1    |
| conv62                                              | 1           | 1                     | 1                     | 2                    | 0.000          | 0   | 0   | 1    |
| output_from_cluster_1_582_i1                        | 0           | 0                     | 0                     | 0                    | 0.000          | 0   | 1   | 0    |
| input_to_prepost_583_i1                             | 0           | 0                     | 0                     | 0                    | 1.000          | 0   | 0   | 0    |
| auto_reshape_from_conv62_to_output_layer3           | 0           | 0                     | 0                     | 0                    | 1.000          | 0   | 0   | 0    |
| output_from_prepost_592_i1                          | 0           | 0                     | 0                     | 0                    | 0.000          | 0   | 0   | 0    |
| output_layer3                                       | 0           | 0                     | 0                     | 0                    | 0.500          | 0   | 0   | 0    |
| yolo11n_yolo11n_context_3_to_yolo11n_context_4_2547 | 0           | 0                     | 0                     | 0                    | 0.500          | 0   | 0   | 0    |
| input_to_cluster_2_553_i1                           | 0           | 0                     | 1                     | 0                    | 0.000          | 1   | 0   | 0    |
| conv63                                              | 2           | 2                     | 2                     | 1                    | 0.000          | 0   | 0   | 1    |
| dw5_sd1                                             | 1           | 1                     | 1                     | 1                    | 0.000          | 0   | 0   | 1    |
| output_from_cluster_2_584_i1                        | 0           | 0                     | 0                     | 0                    | 0.000          | 0   | 1   | 0    |
| input_to_cluster_3_585_i1                           | 0           | 0                     | 1                     | 0                    | 0.000          | 1   | 0   | 0    |
| dw5_sd0                                             | 1           | 1                     | 2                     | 1                    | 0.000          | 0   | 0   | 1    |
| output_from_cluster_3_586_i1                        | 0           | 0                     | 0                     | 0                    | 0.000          | 0   | 1   | 0    |
| input_to_cluster_2_587_i1                           | 0           | 0                     | 1                     | 0                    | 0.000          | 1   | 0   | 0    |
| dw5_sdc                                             | 1           | 0                     | 1                     | 2                    | 0.000          | 0   | 0   | 1    |
| output_from_cluster_2_588_i1                        | 0           | 0                     | 0                     | 0                    | 0.000          | 0   | 1   | 0    |
| input_to_cluster_0_589_i1                           | 0           | 0                     | 1                     | 0                    | 0.000          | 1   | 0   | 0    |
| conv64                                              | 1           | 1                     | 1                     | 1                    | 0.000          | 0   | 0   | 1    |
| conv65                                              | 1           | 1                     | 1                     | 1                    | 0.000          | 0   | 0   | 1    |
| output_from_cluster_0_590_i1                        | 0           | 0                     | 0                     | 0                    | 0.000          | 0   | 1   | 0    |
| input_to_prepost_591_i1                             | 0           | 0                     | 0                     | 0                    | 1.000          | 0   | 0   | 0    |
| auto_reshape_from_conv65_to_output_layer4           | 0           | 0                     | 0                     | 0                    | 1.000          | 0   | 0   | 0    |
| output_from_prepost_594_i1                          | 0           | 0                     | 0                     | 0                    | 0.000          | 0   | 0   | 0    |
| output_layer4                                       | 0           | 0                     | 0                     | 0                    | 0.500          | 0   | 0   | 0    |
+-----------------------------------------------------+-------------+-----------------------+-----------------------+----------------------+----------------+-----+-----+------+
TOTAL:  LCUs: 39 (60.9375%), Subclusters: 84 (32.8125%), Weight memory cuts: 73 (14.2578%), L3 Output memory cuts: 83 (16.2109%), L3 Input memory cuts: 64 (12.5%), L3 total cuts: 156 (30.4688%), L4 memory cuts: 8 (28.5714%), IBs: 20 (62.5%), OBs: 18 (56.25%), APUs: 39 (48.75%)
[2026-02-17 19:47:07.404] [default] [info] Post-Split Buffers for yolo11n_context_4, iteration 1 (CP) buffers:
+-----------------------------------------------------+-------------------------------------------+-------------------------------+
| Src                                                 | Dst                                       | Buffers                       |
+-----------------------------------------------------+-------------------------------------------+-------------------------------+
| yolo11n_yolo11n_context_2_to_yolo11n_context_4_2537 | input_to_cluster_2_550_i1                 | 1 (L3 memory cuts: 1)         |
| input_to_cluster_2_550_i1                           | concat15                                  | 2 (L3 memory cuts: 1)         |
| yolo11n_yolo11n_context_3_to_yolo11n_context_4_2542 | input_to_cluster_2_551_i1                 | 1 (L3 memory cuts: 1)         |
| input_to_cluster_2_551_i1                           | concat15                                  | 2 (L3 memory cuts: 1)         |
| concat15                                            | conv_feature_splitter10_1                 | 2[S] (L3 memory cuts: 1)      |
| concat15                                            | conv_feature_splitter10_2                 | 2[S] (L3 memory cuts: 1)      |
| conv_feature_splitter10_1                           | concat17                                  | 33[S] (L3 memory cuts: 2)     |
| conv_feature_splitter10_2                           | conv67                                    | 33[S] (L3 memory cuts: 2)     |
| conv_feature_splitter10_2                           | conv68                                    | 33[S] (L3 memory cuts: 2)     |
| conv_feature_splitter10_2                           | concat17                                  | 33[S] (L3 memory cuts: 2)     |
| conv67                                              | output_from_cluster_2_554_i1              | 1 (L3 memory cuts: 1)         |
| output_from_cluster_2_554_i1                        | input_to_cluster_3_555_i1                 | 2 (L3 memory cuts: 1)         |
| input_to_cluster_3_555_i1                           | conv69                                    | 6 (L3 memory cuts: 1)         |
| input_to_cluster_3_555_i1                           | ew_add13                                  | 6 (L3 memory cuts: 1)         |
| conv69                                              | conv70                                    | 5[S] (L3 memory cuts: 1)      |
| conv70                                              | ew_add13                                  | 1 (L3 memory cuts: 1)         |
| ew_add13                                            | output_from_cluster_3_556_i1              | 1[RPC] (L3 memory cuts: 1)    |
| output_from_cluster_3_556_i1                        | input_to_cluster_1_558_i1                 | 2[RPC] (L3 memory cuts: 2)    |
| output_from_cluster_3_556_i1                        | input_to_cluster_1_557_i1                 | 2[RPC] (L3 memory cuts: 2)    |
| input_to_cluster_1_557_i1                           | conv71                                    | 2[RPC] (L3 memory cuts: 2)    |
| conv71                                              | conv72                                    | 5[S] (L3 memory cuts: 1)      |
| conv72                                              | ew_add14                                  | 1 (L3 memory cuts: 1)         |
| input_to_cluster_1_558_i1                           | ew_add14                                  | 4[RPC] (L3 memory cuts: 4)    |
| ew_add14                                            | output_from_cluster_1_559_i1              | 1[RPC] (L3 memory cuts: 1)    |
| output_from_cluster_1_559_i1                        | input_to_cluster_2_560_i1                 | 2[RPC] (L3 memory cuts: 2)    |
| input_to_cluster_2_560_i1                           | concat16                                  | 2[RPC] (L3 memory cuts: 2)    |
| conv68                                              | concat16                                  | 11 (L3 memory cuts: 1)        |
| concat16                                            | output_from_cluster_2_561_i1              | 2[S] (L3 memory cuts: 1)      |
| output_from_cluster_2_561_i1                        | input_to_cluster_1_562_i1                 | 2[S] (L3 memory cuts: 1)      |
| input_to_cluster_1_562_i1                           | conv73                                    | 2[S] (L3 memory cuts: 1)      |
| conv73                                              | output_from_cluster_1_563_i1              | 1[S][RPC] (L3 memory cuts: 1) |
| output_from_cluster_1_563_i1                        | input_to_cluster_2_564_i1                 | 2[S][RPC] (L3 memory cuts: 2) |
| input_to_cluster_2_564_i1                           | concat17                                  | 1[S][RPC] (L3 memory cuts: 1) |
| concat17                                            | conv74                                    | 2[S][RPC] (L3 memory cuts: 2) |
| conv74                                              | output_from_cluster_2_565_i1              | 1[RPC] (L3 memory cuts: 1)    |
| output_from_cluster_2_565_i1                        | input_to_cluster_1_567_i1                 | 2[RPC] (L3 memory cuts: 2)    |
| output_from_cluster_2_565_i1                        | input_to_cluster_0_566_i1                 | 2[RPC] (L3 memory cuts: 2)    |
| input_to_cluster_0_566_i1                           | conv75_ws                                 | 1[RPC] (L3 memory cuts: 1)    |
| conv75_ws                                           | conv75_sd0                                | 1[RPC] (L3 memory cuts: 1)    |
| conv75_ws                                           | conv75_sd1                                | 2[RPC] (L3 memory cuts: 2)    |
| conv75_sd0                                          | output_from_cluster_0_568_i1              | 1 (L3 memory cuts: 1)         |
| output_from_cluster_0_568_i1                        | input_to_cluster_1_569_i1                 | 2 (L3 memory cuts: 1)         |
| input_to_cluster_1_569_i1                           | conv75_sdc                                | 2 (L3 memory cuts: 1)         |
| conv75_sd1                                          | output_from_cluster_0_570_i1              | 1[RPC] (L3 memory cuts: 1)    |
| output_from_cluster_0_570_i1                        | input_to_cluster_1_571_i1                 | 2[RPC] (L3 memory cuts: 2)    |
| input_to_cluster_1_571_i1                           | conv75_sdc                                | 1[RPC] (L3 memory cuts: 1)    |
| conv75_sdc                                          | conv76                                    | 2[RPC] (L3 memory cuts: 2)    |
| conv76                                              | conv77                                    | 1[S] (L3 memory cuts: 1)      |
| conv77                                              | output_from_cluster_1_572_i1              | 1 (L3 memory cuts: 1)         |
| output_from_cluster_1_572_i1                        | input_to_prepost_573_i1                   | 2 (L3 memory cuts: 1)         |
| input_to_prepost_573_i1                             | auto_reshape_from_conv77_to_output_layer5 | 2 (L4 memory cuts: 1)         |
| auto_reshape_from_conv77_to_output_layer5           | output_from_prepost_593_i1                | 2 (L4 memory cuts: 1)         |
| output_from_prepost_593_i1                          | output_layer5                             | 1 (L4 memory cuts: 1)         |
| input_to_cluster_1_567_i1                           | dw6_fs                                    | 1[RPC] (L3 memory cuts: 1)    |
| dw6_fs                                              | dw6_d0                                    | 1 (L3 memory cuts: 1)         |
| dw6_fs                                              | dw6_d1                                    | 1 (L3 memory cuts: 1)         |
| dw6_d0                                              | dw6_dc                                    | 2[RPC] (L3 memory cuts: 2)    |
| dw6_d1                                              | dw6_dc                                    | 2[RPC] (L3 memory cuts: 2)    |
| dw6_dc                                              | conv78                                    | 2[S] (L3 memory cuts: 1)      |
| conv78                                              | dw7                                       | 4 (L3 memory cuts: 1)         |
| dw7                                                 | output_from_cluster_1_574_i1              | 2 (L3 memory cuts: 1)         |
| output_from_cluster_1_574_i1                        | input_to_cluster_0_575_i1                 | 2 (L3 memory cuts: 1)         |
| input_to_cluster_0_575_i1                           | conv79                                    | 2 (L3 memory cuts: 1)         |
| conv79                                              | conv80                                    | 1[S] (L3 memory cuts: 1)      |
| conv80                                              | output_from_cluster_0_576_i1              | 1 (L3 memory cuts: 1)         |
| output_from_cluster_0_576_i1                        | input_to_prepost_577_i1                   | 2 (L3 memory cuts: 1)         |
| input_to_prepost_577_i1                             | auto_reshape_from_conv80_to_output_layer6 | 2 (L4 memory cuts: 1)         |
| auto_reshape_from_conv80_to_output_layer6           | output_from_prepost_595_i1                | 2 (L4 memory cuts: 1)         |
| output_from_prepost_595_i1                          | output_layer6                             | 1 (L4 memory cuts: 1)         |
| yolo11n_yolo11n_context_3_to_yolo11n_context_4_2544 | input_to_cluster_2_552_i1                 | 1 (L3 memory cuts: 1)         |
| input_to_cluster_2_552_i1                           | conv61_d0                                 | 4 (L3 memory cuts: 1)         |
| input_to_cluster_2_552_i1                           | conv61_d1                                 | 4 (L3 memory cuts: 1)         |
| conv61_d0                                           | output_from_cluster_2_578_i1              | 1[S][RPC] (L3 memory cuts: 1) |
| output_from_cluster_2_578_i1                        | input_to_cluster_1_579_i1                 | 2[S][RPC] (L3 memory cuts: 2) |
| input_to_cluster_1_579_i1                           | conv61_dc                                 | 1[S][RPC] (L3 memory cuts: 1) |
| conv61_d1                                           | output_from_cluster_2_580_i1              | 1[S][RPC] (L3 memory cuts: 1) |
| output_from_cluster_2_580_i1                        | input_to_cluster_1_581_i1                 | 2[S][RPC] (L3 memory cuts: 2) |
| input_to_cluster_1_581_i1                           | conv61_dc                                 | 1[S][RPC] (L3 memory cuts: 1) |
| conv61_dc                                           | conv62                                    | 2[S][RPC] (L3 memory cuts: 2) |
| conv62                                              | output_from_cluster_1_582_i1              | 2 (L3 memory cuts: 1)         |
| output_from_cluster_1_582_i1                        | input_to_prepost_583_i1                   | 2 (L3 memory cuts: 1)         |
| input_to_prepost_583_i1                             | auto_reshape_from_conv62_to_output_layer3 | 2 (L4 memory cuts: 1)         |
| auto_reshape_from_conv62_to_output_layer3           | output_from_prepost_592_i1                | 2 (L4 memory cuts: 1)         |
| output_from_prepost_592_i1                          | output_layer3                             | 1 (L4 memory cuts: 1)         |
| yolo11n_yolo11n_context_3_to_yolo11n_context_4_2547 | input_to_cluster_2_553_i1                 | 1 (L3 memory cuts: 1)         |
| input_to_cluster_2_553_i1                           | conv63                                    | 2 (L3 memory cuts: 1)         |
| conv63                                              | output_from_cluster_2_584_i1              | 2 (L3 memory cuts: 1)         |
| conv63                                              | dw5_sd1                                   | 2 (L3 memory cuts: 1)         |
| dw5_sd1                                             | dw5_sdc                                   | 3 (L3 memory cuts: 1)         |
| output_from_cluster_2_584_i1                        | input_to_cluster_3_585_i1                 | 2 (L3 memory cuts: 1)         |
| input_to_cluster_3_585_i1                           | dw5_sd0                                   | 3 (L3 memory cuts: 1)         |
| dw5_sd0                                             | output_from_cluster_3_586_i1              | 2[RPC] (L3 memory cuts: 2)    |
| output_from_cluster_3_586_i1                        | input_to_cluster_2_587_i1                 | 2[RPC] (L3 memory cuts: 2)    |
| input_to_cluster_2_587_i1                           | dw5_sdc                                   | 1[RPC] (L3 memory cuts: 1)    |
| dw5_sdc                                             | output_from_cluster_2_588_i1              | 1 (L3 memory cuts: 1)         |
| output_from_cluster_2_588_i1                        | input_to_cluster_0_589_i1                 | 2 (L3 memory cuts: 1)         |
| input_to_cluster_0_589_i1                           | conv64                                    | 3 (L3 memory cuts: 1)         |
| conv64                                              | conv65                                    | 1[S] (L3 memory cuts: 1)      |
| conv65                                              | output_from_cluster_0_590_i1              | 1 (L3 memory cuts: 1)         |
| output_from_cluster_0_590_i1                        | input_to_prepost_591_i1                   | 2 (L3 memory cuts: 1)         |
| input_to_prepost_591_i1                             | auto_reshape_from_conv65_to_output_layer4 | 2 (L4 memory cuts: 1)         |
| auto_reshape_from_conv65_to_output_layer4           | output_from_prepost_594_i1                | 1 (L4 memory cuts: 1)         |
| output_from_prepost_594_i1                          | output_layer4                             | 1 (L4 memory cuts: 1)         |
+-----------------------------------------------------+-------------------------------------------+-------------------------------+
[2026-02-17 19:47:07.648] [default] [info] Post-Final-Split Resources for yolo11n_context_4, iteration 4
+-----------------------------------------------------+-------------+-----------------------+-----------------------+----------------------+----------------+-----+-----+------+
| Node                                                | Subclusters | L3 Weight Memory Cuts | L3 Output Memory Cuts | L3 Input Memory Cuts | L4 Memory Cuts | IBs | OBs | APUs |
+-----------------------------------------------------+-------------+-----------------------+-----------------------+----------------------+----------------+-----+-----+------+
| yolo11n_yolo11n_context_2_to_yolo11n_context_4_2537 | 0           | 0                     | 0                     | 0                    | 0.500          | 0   | 0   | 0    |
| input_to_cluster_2_550_i1                           | 0           | 0                     | 1                     | 0                    | 0.000          | 1   | 0   | 0    |
| yolo11n_yolo11n_context_3_to_yolo11n_context_4_2542 | 0           | 0                     | 0                     | 0                    | 0.500          | 0   | 0   | 0    |
| input_to_cluster_2_551_i1                           | 0           | 0                     | 1                     | 0                    | 0.000          | 1   | 0   | 0    |
| concat15                                            | 1           | 0                     | 2                     | 2                    | 0.000          | 0   | 0   | 1    |
| conv_feature_splitter10_1                           | 4           | 4                     | 2                     | 1                    | 0.000          | 0   | 0   | 1    |
| conv_feature_splitter10_2                           | 4           | 4                     | 6                     | 1                    | 0.000          | 0   | 0   | 1    |
| conv67                                              | 1           | 1                     | 1                     | 2                    | 0.000          | 0   | 0   | 1    |
| output_from_cluster_2_554_i1                        | 0           | 0                     | 0                     | 0                    | 0.000          | 0   | 1   | 0    |
| input_to_cluster_3_555_i1                           | 0           | 0                     | 2                     | 0                    | 0.000          | 1   | 0   | 0    |
| conv69                                              | 3           | 3                     | 1                     | 1                    | 0.000          | 0   | 0   | 1    |
| conv70                                              | 3           | 3                     | 1                     | 1                    | 0.000          | 0   | 0   | 1    |
| ew_add13                                            | 1           | 1                     | 1                     | 2                    | 0.000          | 0   | 0   | 1    |
| output_from_cluster_3_556_i1                        | 0           | 0                     | 0                     | 0                    | 0.000          | 0   | 1   | 0    |
| input_to_cluster_1_557_i1                           | 0           | 0                     | 2                     | 0                    | 0.000          | 1   | 0   | 0    |
| conv71                                              | 3           | 3                     | 1                     | 2                    | 0.000          | 0   | 0   | 1    |
| conv72                                              | 3           | 3                     | 1                     | 1                    | 0.000          | 0   | 0   | 1    |
| input_to_cluster_1_558_i1                           | 0           | 0                     | 4                     | 0                    | 0.000          | 1   | 0   | 0    |
| ew_add14                                            | 1           | 1                     | 1                     | 5                    | 0.000          | 0   | 0   | 1    |
| output_from_cluster_1_559_i1                        | 0           | 0                     | 0                     | 0                    | 0.000          | 0   | 1   | 0    |
| input_to_cluster_2_560_i1                           | 0           | 0                     | 2                     | 0                    | 0.000          | 1   | 0   | 0    |
| conv68                                              | 1           | 1                     | 1                     | 2                    | 0.000          | 0   | 0   | 1    |
| concat16                                            | 1           | 0                     | 1                     | 3                    | 0.000          | 0   | 0   | 1    |
| output_from_cluster_2_561_i1                        | 0           | 0                     | 0                     | 0                    | 0.000          | 0   | 1   | 0    |
| input_to_cluster_1_562_i1                           | 0           | 0                     | 1                     | 0                    | 0.000          | 1   | 0   | 0    |
| conv73                                              | 1           | 1                     | 1                     | 1                    | 0.000          | 0   | 0   | 1    |
| output_from_cluster_1_563_i1                        | 0           | 0                     | 0                     | 0                    | 0.000          | 0   | 1   | 0    |
| input_to_cluster_2_564_i1                           | 0           | 0                     | 1                     | 0                    | 0.000          | 1   | 0   | 0    |
| concat17                                            | 1           | 0                     | 2                     | 5                    | 0.000          | 0   | 0   | 1    |
| conv74                                              | 7           | 7                     | 1                     | 2                    | 0.000          | 0   | 0   | 1    |
| output_from_cluster_2_565_i1                        | 0           | 0                     | 0                     | 0                    | 0.000          | 0   | 1   | 0    |
| input_to_cluster_0_566_i1                           | 0           | 0                     | 1                     | 0                    | 0.000          | 1   | 0   | 0    |
| conv75_ws                                           | 1           | 0                     | 3                     | 1                    | 0.000          | 0   | 0   | 1    |
| conv75_sd0                                          | 8           | 8                     | 1                     | 1                    | 0.000          | 0   | 0   | 1    |
| output_from_cluster_0_568_i1                        | 0           | 0                     | 0                     | 0                    | 0.000          | 0   | 1   | 0    |
| input_to_cluster_1_569_i1                           | 0           | 0                     | 1                     | 0                    | 0.000          | 1   | 0   | 0    |
| conv75_sd1                                          | 8           | 8                     | 1                     | 2                    | 0.000          | 0   | 0   | 1    |
| output_from_cluster_0_570_i1                        | 0           | 0                     | 0                     | 0                    | 0.000          | 0   | 1   | 0    |
| input_to_cluster_1_571_i1                           | 0           | 0                     | 1                     | 0                    | 0.000          | 1   | 0   | 0    |
| conv75_sdc                                          | 1           | 0                     | 2                     | 2                    | 0.000          | 0   | 0   | 1    |
| conv76                                              | 3           | 3                     | 1                     | 2                    | 0.000          | 0   | 0   | 1    |
| conv77                                              | 1           | 1                     | 1                     | 1                    | 0.000          | 0   | 0   | 1    |
| output_from_cluster_1_572_i1                        | 0           | 0                     | 0                     | 0                    | 0.000          | 0   | 1   | 0    |
| input_to_prepost_573_i1                             | 0           | 0                     | 0                     | 0                    | 1.000          | 0   | 0   | 0    |
| auto_reshape_from_conv77_to_output_layer5           | 0           | 0                     | 0                     | 0                    | 1.000          | 0   | 0   | 0    |
| output_from_prepost_593_i1                          | 0           | 0                     | 0                     | 0                    | 0.000          | 0   | 0   | 0    |
| output_layer5                                       | 0           | 0                     | 0                     | 0                    | 0.500          | 0   | 0   | 0    |
| input_to_cluster_1_567_i1                           | 0           | 0                     | 1                     | 0                    | 0.000          | 1   | 0   | 0    |
| dw6_fs                                              | 1           | 0                     | 2                     | 1                    | 0.000          | 0   | 0   | 1    |
| dw6_d0                                              | 2           | 1                     | 2                     | 1                    | 0.000          | 0   | 0   | 1    |
| dw6_d1                                              | 2           | 1                     | 2                     | 1                    | 0.000          | 0   | 0   | 1    |
| dw6_dc                                              | 1           | 0                     | 1                     | 4                    | 0.000          | 0   | 0   | 1    |
| conv78                                              | 1           | 1                     | 1                     | 1                    | 0.000          | 0   | 0   | 1    |
| dw7                                                 | 1           | 1                     | 1                     | 1                    | 0.000          | 0   | 0   | 1    |
| output_from_cluster_1_574_i1                        | 0           | 0                     | 0                     | 0                    | 0.000          | 0   | 1   | 0    |
| input_to_cluster_0_575_i1                           | 0           | 0                     | 1                     | 0                    | 0.000          | 1   | 0   | 0    |
| conv79                                              | 1           | 1                     | 1                     | 1                    | 0.000          | 0   | 0   | 1    |
| conv80                                              | 1           | 1                     | 1                     | 1                    | 0.000          | 0   | 0   | 1    |
| output_from_cluster_0_576_i1                        | 0           | 0                     | 0                     | 0                    | 0.000          | 0   | 1   | 0    |
| input_to_prepost_577_i1                             | 0           | 0                     | 0                     | 0                    | 1.000          | 0   | 0   | 0    |
| auto_reshape_from_conv80_to_output_layer6           | 0           | 0                     | 0                     | 0                    | 1.000          | 0   | 0   | 0    |
| output_from_prepost_595_i1                          | 0           | 0                     | 0                     | 0                    | 0.000          | 0   | 0   | 0    |
| output_layer6                                       | 0           | 0                     | 0                     | 0                    | 0.500          | 0   | 0   | 0    |
| yolo11n_yolo11n_context_3_to_yolo11n_context_4_2544 | 0           | 0                     | 0                     | 0                    | 0.500          | 0   | 0   | 0    |
| input_to_cluster_2_552_i1                           | 0           | 0                     | 2                     | 0                    | 0.000          | 1   | 0   | 0    |
| conv61_d0                                           | 4           | 4                     | 1                     | 1                    | 0.000          | 0   | 0   | 1    |
| output_from_cluster_2_578_i1                        | 0           | 0                     | 0                     | 0                    | 0.000          | 0   | 1   | 0    |
| input_to_cluster_1_579_i1                           | 0           | 0                     | 1                     | 0                    | 0.000          | 1   | 0   | 0    |
| conv61_d1                                           | 4           | 4                     | 1                     | 1                    | 0.000          | 0   | 0   | 1    |
| output_from_cluster_2_580_i1                        | 0           | 0                     | 0                     | 0                    | 0.000          | 0   | 1   | 0    |
| input_to_cluster_1_581_i1                           | 0           | 0                     | 1                     | 0                    | 0.000          | 1   | 0   | 0    |
| conv61_dc                                           | 1           | 0                     | 2                     | 2                    | 0.000          | 0   | 0   | 1    |
| conv62                                              | 1           | 1                     | 1                     | 2                    | 0.000          | 0   | 0   | 1    |
| output_from_cluster_1_582_i1                        | 0           | 0                     | 0                     | 0                    | 0.000          | 0   | 1   | 0    |
| input_to_prepost_583_i1                             | 0           | 0                     | 0                     | 0                    | 1.000          | 0   | 0   | 0    |
| auto_reshape_from_conv62_to_output_layer3           | 0           | 0                     | 0                     | 0                    | 1.000          | 0   | 0   | 0    |
| output_from_prepost_592_i1                          | 0           | 0                     | 0                     | 0                    | 0.000          | 0   | 0   | 0    |
| output_layer3                                       | 0           | 0                     | 0                     | 0                    | 0.500          | 0   | 0   | 0    |
| yolo11n_yolo11n_context_3_to_yolo11n_context_4_2547 | 0           | 0                     | 0                     | 0                    | 0.500          | 0   | 0   | 0    |
| input_to_cluster_2_553_i1                           | 0           | 0                     | 1                     | 0                    | 0.000          | 1   | 0   | 0    |
| conv63                                              | 2           | 2                     | 2                     | 1                    | 0.000          | 0   | 0   | 1    |
| dw5_sd1                                             | 1           | 1                     | 1                     | 1                    | 0.000          | 0   | 0   | 1    |
| output_from_cluster_2_584_i1                        | 0           | 0                     | 0                     | 0                    | 0.000          | 0   | 1   | 0    |
| input_to_cluster_3_585_i1                           | 0           | 0                     | 1                     | 0                    | 0.000          | 1   | 0   | 0    |
| dw5_sd0                                             | 1           | 1                     | 2                     | 1                    | 0.000          | 0   | 0   | 1    |
| output_from_cluster_3_586_i1                        | 0           | 0                     | 0                     | 0                    | 0.000          | 0   | 1   | 0    |
| input_to_cluster_2_587_i1                           | 0           | 0                     | 1                     | 0                    | 0.000          | 1   | 0   | 0    |
| dw5_sdc                                             | 1           | 0                     | 1                     | 2                    | 0.000          | 0   | 0   | 1    |
| output_from_cluster_2_588_i1                        | 0           | 0                     | 0                     | 0                    | 0.000          | 0   | 1   | 0    |
| input_to_cluster_0_589_i1                           | 0           | 0                     | 1                     | 0                    | 0.000          | 1   | 0   | 0    |
| conv64                                              | 1           | 1                     | 1                     | 1                    | 0.000          | 0   | 0   | 1    |
| conv65                                              | 1           | 1                     | 1                     | 1                    | 0.000          | 0   | 0   | 1    |
| output_from_cluster_0_590_i1                        | 0           | 0                     | 0                     | 0                    | 0.000          | 0   | 1   | 0    |
| input_to_prepost_591_i1                             | 0           | 0                     | 0                     | 0                    | 1.000          | 0   | 0   | 0    |
| auto_reshape_from_conv65_to_output_layer4           | 0           | 0                     | 0                     | 0                    | 1.000          | 0   | 0   | 0    |
| output_from_prepost_594_i1                          | 0           | 0                     | 0                     | 0                    | 0.000          | 0   | 0   | 0    |
| output_layer4                                       | 0           | 0                     | 0                     | 0                    | 0.500          | 0   | 0   | 0    |
+-----------------------------------------------------+-------------+-----------------------+-----------------------+----------------------+----------------+-----+-----+------+
TOTAL:  LCUs: 39 (60.9375%), Subclusters: 84 (32.8125%), Weight memory cuts: 73 (14.2578%), L3 Output memory cuts: 83 (16.2109%), L3 Input memory cuts: 64 (12.5%), L3 total cuts: 156 (30.4688%), L4 memory cuts: 8 (28.5714%), IBs: 20 (62.5%), OBs: 18 (56.25%), APUs: 39 (48.75%)
[2026-02-17 19:47:07.765] [default] [info] Post-Final-Split Resources for yolo11n_context_4, iteration 4
+-----------------------------------------------------+-------------+-----------------------+-----------------------+----------------------+----------------+-----+-----+------+
| Node                                                | Subclusters | L3 Weight Memory Cuts | L3 Output Memory Cuts | L3 Input Memory Cuts | L4 Memory Cuts | IBs | OBs | APUs |
+-----------------------------------------------------+-------------+-----------------------+-----------------------+----------------------+----------------+-----+-----+------+
| yolo11n_yolo11n_context_2_to_yolo11n_context_4_2537 | 0           | 0                     | 0                     | 0                    | 0.500          | 0   | 0   | 0    |
| input_to_cluster_0_550_i1                           | 0           | 0                     | 1                     | 0                    | 0.000          | 1   | 0   | 0    |
| yolo11n_yolo11n_context_3_to_yolo11n_context_4_2542 | 0           | 0                     | 0                     | 0                    | 0.500          | 0   | 0   | 0    |
| input_to_cluster_0_551_i1                           | 0           | 0                     | 1                     | 0                    | 0.000          | 1   | 0   | 0    |
| concat15                                            | 1           | 0                     | 2                     | 2                    | 0.000          | 0   | 0   | 1    |
| conv_feature_splitter10_1                           | 4           | 4                     | 2                     | 1                    | 0.000          | 0   | 0   | 1    |
| conv_feature_splitter10_2                           | 4           | 4                     | 6                     | 1                    | 0.000          | 0   | 0   | 1    |
| conv67                                              | 1           | 1                     | 1                     | 2                    | 0.000          | 0   | 0   | 1    |
| output_from_cluster_0_554_i1                        | 0           | 0                     | 0                     | 0                    | 0.000          | 0   | 1   | 0    |
| input_to_cluster_1_555_i1                           | 0           | 0                     | 2                     | 0                    | 0.000          | 1   | 0   | 0    |
| conv69                                              | 3           | 3                     | 1                     | 1                    | 0.000          | 0   | 0   | 1    |
| conv70                                              | 3           | 3                     | 1                     | 1                    | 0.000          | 0   | 0   | 1    |
| ew_add13                                            | 1           | 1                     | 1                     | 2                    | 0.000          | 0   | 0   | 1    |
| output_from_cluster_1_556_i1                        | 0           | 0                     | 0                     | 0                    | 0.000          | 0   | 1   | 0    |
| input_to_cluster_1_557_i1                           | 0           | 0                     | 2                     | 0                    | 0.000          | 1   | 0   | 0    |
| conv71                                              | 3           | 3                     | 1                     | 2                    | 0.000          | 0   | 0   | 1    |
| conv72                                              | 3           | 3                     | 1                     | 1                    | 0.000          | 0   | 0   | 1    |
| input_to_cluster_1_558_i1                           | 0           | 0                     | 4                     | 0                    | 0.000          | 1   | 0   | 0    |
| ew_add14                                            | 1           | 1                     | 1                     | 5                    | 0.000          | 0   | 0   | 1    |
| output_from_cluster_1_559_i1                        | 0           | 0                     | 0                     | 0                    | 0.000          | 0   | 1   | 0    |
| input_to_cluster_0_560_i1                           | 0           | 0                     | 2                     | 0                    | 0.000          | 1   | 0   | 0    |
| conv68                                              | 1           | 1                     | 1                     | 2                    | 0.000          | 0   | 0   | 1    |
| concat16                                            | 1           | 0                     | 1                     | 3                    | 0.000          | 0   | 0   | 1    |
| output_from_cluster_0_561_i1                        | 0           | 0                     | 0                     | 0                    | 0.000          | 0   | 1   | 0    |
| input_to_cluster_1_562_i1                           | 0           | 0                     | 1                     | 0                    | 0.000          | 1   | 0   | 0    |
| conv73                                              | 1           | 1                     | 1                     | 1                    | 0.000          | 0   | 0   | 1    |
| output_from_cluster_1_563_i1                        | 0           | 0                     | 0                     | 0                    | 0.000          | 0   | 1   | 0    |
| input_to_cluster_0_564_i1                           | 0           | 0                     | 1                     | 0                    | 0.000          | 1   | 0   | 0    |
| concat17                                            | 1           | 0                     | 2                     | 5                    | 0.000          | 0   | 0   | 1    |
| conv74                                              | 7           | 7                     | 1                     | 2                    | 0.000          | 0   | 0   | 1    |
| output_from_cluster_0_565_i1                        | 0           | 0                     | 0                     | 0                    | 0.000          | 0   | 1   | 0    |
| input_to_cluster_0_566_i1                           | 0           | 0                     | 1                     | 0                    | 0.000          | 1   | 0   | 0    |
| conv75_ws                                           | 1           | 0                     | 3                     | 1                    | 0.000          | 0   | 0   | 1    |
| conv75_sd0                                          | 8           | 8                     | 1                     | 1                    | 0.000          | 0   | 0   | 1    |
| output_from_cluster_0_568_i1                        | 0           | 0                     | 0                     | 0                    | 0.000          | 0   | 1   | 0    |
| input_to_cluster_1_569_i1                           | 0           | 0                     | 1                     | 0                    | 0.000          | 1   | 0   | 0    |
| conv75_sd1                                          | 8           | 8                     | 1                     | 2                    | 0.000          | 0   | 0   | 1    |
| output_from_cluster_0_570_i1                        | 0           | 0                     | 0                     | 0                    | 0.000          | 0   | 1   | 0    |
| input_to_cluster_1_571_i1                           | 0           | 0                     | 1                     | 0                    | 0.000          | 1   | 0   | 0    |
| conv75_sdc                                          | 1           | 0                     | 2                     | 2                    | 0.000          | 0   | 0   | 1    |
| conv76                                              | 3           | 3                     | 1                     | 2                    | 0.000          | 0   | 0   | 1    |
| conv77                                              | 1           | 1                     | 1                     | 1                    | 0.000          | 0   | 0   | 1    |
| output_from_cluster_1_572_i1                        | 0           | 0                     | 0                     | 0                    | 0.000          | 0   | 1   | 0    |
| input_to_prepost_573_i1                             | 0           | 0                     | 0                     | 0                    | 1.000          | 0   | 0   | 0    |
| auto_reshape_from_conv77_to_output_layer5           | 0           | 0                     | 0                     | 0                    | 1.000          | 0   | 0   | 0    |
| output_from_prepost_593_i1                          | 0           | 0                     | 0                     | 0                    | 0.000          | 0   | 0   | 0    |
| output_layer5                                       | 0           | 0                     | 0                     | 0                    | 0.500          | 0   | 0   | 0    |
| input_to_cluster_1_567_i1                           | 0           | 0                     | 1                     | 0                    | 0.000          | 1   | 0   | 0    |
| dw6_fs                                              | 1           | 0                     | 2                     | 1                    | 0.000          | 0   | 0   | 1    |
| dw6_d0                                              | 2           | 1                     | 2                     | 1                    | 0.000          | 0   | 0   | 1    |
| dw6_d1                                              | 2           | 1                     | 2                     | 1                    | 0.000          | 0   | 0   | 1    |
| dw6_dc                                              | 1           | 0                     | 1                     | 4                    | 0.000          | 0   | 0   | 1    |
| conv78                                              | 1           | 1                     | 1                     | 1                    | 0.000          | 0   | 0   | 1    |
| dw7                                                 | 1           | 1                     | 1                     | 1                    | 0.000          | 0   | 0   | 1    |
| output_from_cluster_1_574_i1                        | 0           | 0                     | 0                     | 0                    | 0.000          | 0   | 1   | 0    |
| input_to_cluster_0_575_i1                           | 0           | 0                     | 1                     | 0                    | 0.000          | 1   | 0   | 0    |
| conv79                                              | 1           | 1                     | 1                     | 1                    | 0.000          | 0   | 0   | 1    |
| conv80                                              | 1           | 1                     | 1                     | 1                    | 0.000          | 0   | 0   | 1    |
| output_from_cluster_0_576_i1                        | 0           | 0                     | 0                     | 0                    | 0.000          | 0   | 1   | 0    |
| input_to_prepost_577_i1                             | 0           | 0                     | 0                     | 0                    | 1.000          | 0   | 0   | 0    |
| auto_reshape_from_conv80_to_output_layer6           | 0           | 0                     | 0                     | 0                    | 1.000          | 0   | 0   | 0    |
| output_from_prepost_595_i1                          | 0           | 0                     | 0                     | 0                    | 0.000          | 0   | 0   | 0    |
| output_layer6                                       | 0           | 0                     | 0                     | 0                    | 0.500          | 0   | 0   | 0    |
| yolo11n_yolo11n_context_3_to_yolo11n_context_4_2544 | 0           | 0                     | 0                     | 0                    | 0.500          | 0   | 0   | 0    |
| input_to_cluster_0_552_i1                           | 0           | 0                     | 2                     | 0                    | 0.000          | 1   | 0   | 0    |
| conv61_d0                                           | 4           | 4                     | 1                     | 1                    | 0.000          | 0   | 0   | 1    |
| output_from_cluster_0_578_i1                        | 0           | 0                     | 0                     | 0                    | 0.000          | 0   | 1   | 0    |
| input_to_cluster_1_579_i1                           | 0           | 0                     | 1                     | 0                    | 0.000          | 1   | 0   | 0    |
| conv61_d1                                           | 4           | 4                     | 1                     | 1                    | 0.000          | 0   | 0   | 1    |
| output_from_cluster_0_580_i1                        | 0           | 0                     | 0                     | 0                    | 0.000          | 0   | 1   | 0    |
| input_to_cluster_1_581_i1                           | 0           | 0                     | 1                     | 0                    | 0.000          | 1   | 0   | 0    |
| conv61_dc                                           | 1           | 0                     | 2                     | 2                    | 0.000          | 0   | 0   | 1    |
| conv62                                              | 1           | 1                     | 1                     | 2                    | 0.000          | 0   | 0   | 1    |
| output_from_cluster_1_582_i1                        | 0           | 0                     | 0                     | 0                    | 0.000          | 0   | 1   | 0    |
| input_to_prepost_583_i1                             | 0           | 0                     | 0                     | 0                    | 1.000          | 0   | 0   | 0    |
| auto_reshape_from_conv62_to_output_layer3           | 0           | 0                     | 0                     | 0                    | 1.000          | 0   | 0   | 0    |
| output_from_prepost_592_i1                          | 0           | 0                     | 0                     | 0                    | 0.000          | 0   | 0   | 0    |
| output_layer3                                       | 0           | 0                     | 0                     | 0                    | 0.500          | 0   | 0   | 0    |
| yolo11n_yolo11n_context_3_to_yolo11n_context_4_2547 | 0           | 0                     | 0                     | 0                    | 0.500          | 0   | 0   | 0    |
| input_to_cluster_0_553_i1                           | 0           | 0                     | 1                     | 0                    | 0.000          | 1   | 0   | 0    |
| conv63                                              | 2           | 2                     | 2                     | 1                    | 0.000          | 0   | 0   | 1    |
| dw5_sd1                                             | 1           | 1                     | 1                     | 1                    | 0.000          | 0   | 0   | 1    |
| output_from_cluster_0_584_i1                        | 0           | 0                     | 0                     | 0                    | 0.000          | 0   | 1   | 0    |
| input_to_cluster_1_585_i1                           | 0           | 0                     | 1                     | 0                    | 0.000          | 1   | 0   | 0    |
| dw5_sd0                                             | 1           | 1                     | 2                     | 1                    | 0.000          | 0   | 0   | 1    |
| output_from_cluster_1_586_i1                        | 0           | 0                     | 0                     | 0                    | 0.000          | 0   | 1   | 0    |
| input_to_cluster_0_587_i1                           | 0           | 0                     | 1                     | 0                    | 0.000          | 1   | 0   | 0    |
| dw5_sdc                                             | 1           | 0                     | 1                     | 2                    | 0.000          | 0   | 0   | 1    |
| output_from_cluster_0_588_i1                        | 0           | 0                     | 0                     | 0                    | 0.000          | 0   | 1   | 0    |
| input_to_cluster_0_589_i1                           | 0           | 0                     | 1                     | 0                    | 0.000          | 1   | 0   | 0    |
| conv64                                              | 1           | 1                     | 1                     | 1                    | 0.000          | 0   | 0   | 1    |
| conv65                                              | 1           | 1                     | 1                     | 1                    | 0.000          | 0   | 0   | 1    |
| output_from_cluster_0_590_i1                        | 0           | 0                     | 0                     | 0                    | 0.000          | 0   | 1   | 0    |
| input_to_prepost_591_i1                             | 0           | 0                     | 0                     | 0                    | 1.000          | 0   | 0   | 0    |
| auto_reshape_from_conv65_to_output_layer4           | 0           | 0                     | 0                     | 0                    | 1.000          | 0   | 0   | 0    |
| output_from_prepost_594_i1                          | 0           | 0                     | 0                     | 0                    | 0.000          | 0   | 0   | 0    |
| output_layer4                                       | 0           | 0                     | 0                     | 0                    | 0.500          | 0   | 0   | 0    |
+-----------------------------------------------------+-------------+-----------------------+-----------------------+----------------------+----------------+-----+-----+------+
TOTAL:  LCUs: 39 (60.9375%), Subclusters: 84 (32.8125%), Weight memory cuts: 73 (14.2578%), L3 Output memory cuts: 83 (16.2109%), L3 Input memory cuts: 64 (12.5%), L3 total cuts: 156 (30.4688%), L4 memory cuts: 8 (28.5714%), IBs: 20 (62.5%), OBs: 18 (56.25%), APUs: 39 (48.75%)
[2026-02-17 19:47:07.829] [default] [info] yolo11n_context_0 (yolo11n_context_0):
Iterations: 4
Reverts on cluster mapping: 0
Reverts on inter-cluster connectivity: 0
Reverts on pre-mapping validation: 0
Reverts on split failed: 0
[2026-02-17 19:47:07.829] [default] [info] yolo11n_context_1 (yolo11n_context_1):
Iterations: 4
Reverts on cluster mapping: 0
Reverts on inter-cluster connectivity: 0
Reverts on pre-mapping validation: 0
Reverts on split failed: 0
[2026-02-17 19:47:07.829] [default] [info] yolo11n_context_2 (yolo11n_context_2):
Iterations: 4
Reverts on cluster mapping: 0
Reverts on inter-cluster connectivity: 0
Reverts on pre-mapping validation: 0
Reverts on split failed: 0
[2026-02-17 19:47:07.829] [default] [info] yolo11n_context_3 (yolo11n_context_3):
Iterations: 4
Reverts on cluster mapping: 0
Reverts on inter-cluster connectivity: 0
Reverts on pre-mapping validation: 0
Reverts on split failed: 0
[2026-02-17 19:47:07.829] [default] [info] yolo11n_context_4 (yolo11n_context_4):
Iterations: 4
Reverts on cluster mapping: 0
Reverts on inter-cluster connectivity: 0
Reverts on pre-mapping validation: 0
Reverts on split failed: 0
[2026-02-17 19:47:07.865] [default] [info] Resolver passed at control_util 0.6 with 108.741 FPS. Setting new partition.
[2026-02-17 19:47:10.961] [default] [info] context yolo11n_context_0 Post-Allocation FPS from simulation: 1274.22
[2026-02-17 19:47:11.096] [default] [info] context yolo11n_context_1 Post-Allocation FPS from simulation: 1451.85
[2026-02-17 19:47:11.207] [default] [info] context yolo11n_context_2 Post-Allocation FPS from simulation: 1048.95
[2026-02-17 19:47:11.379] [default] [info] context yolo11n_context_3 Post-Allocation FPS from simulation: 1323.46
[2026-02-17 19:47:11.477] [default] [info] context yolo11n_context_4 Post-Allocation FPS from simulation: 2745.99
[2026-02-17 19:47:11.489] [default] [info] yolo11n_context_0 utilization: 
[2026-02-17 19:47:11.489] [default] [info] +-----------+---------------------+---------------------+--------------------+
[2026-02-17 19:47:11.489] [default] [info] | Cluster   | Control Utilization | Compute Utilization | Memory Utilization |
[2026-02-17 19:47:11.489] [default] [info] +-----------+---------------------+---------------------+--------------------+
[2026-02-17 19:47:11.489] [default] [info] | cluster_0 | 25%                 | 18.8%               | 19.5%              |
[2026-02-17 19:47:11.489] [default] [info] | cluster_1 | 75%                 | 46.9%               | 50.8%              |
[2026-02-17 19:47:11.489] [default] [info] | cluster_4 | 43.8%               | 14.1%               | 14.8%              |
[2026-02-17 19:47:11.489] [default] [info] | cluster_5 | 93.8%               | 54.7%               | 67.2%              |
[2026-02-17 19:47:11.489] [default] [info] +-----------+---------------------+---------------------+--------------------+
[2026-02-17 19:47:11.489] [default] [info] | Total     | 59.4%               | 33.6%               | 38.1%              |
[2026-02-17 19:47:11.489] [default] [info] +-----------+---------------------+---------------------+--------------------+
[2026-02-17 19:47:11.489] [default] [info] yolo11n_context_1 utilization: 
[2026-02-17 19:47:11.489] [default] [info] +-----------+---------------------+---------------------+--------------------+
[2026-02-17 19:47:11.489] [default] [info] | Cluster   | Control Utilization | Compute Utilization | Memory Utilization |
[2026-02-17 19:47:11.489] [default] [info] +-----------+---------------------+---------------------+--------------------+
[2026-02-17 19:47:11.489] [default] [info] | cluster_0 | 56.3%               | 20.3%               | 21.9%              |
[2026-02-17 19:47:11.489] [default] [info] | cluster_1 | 68.8%               | 29.7%               | 26.6%              |
[2026-02-17 19:47:11.489] [default] [info] | cluster_4 | 75%                 | 60.9%               | 51.6%              |
[2026-02-17 19:47:11.489] [default] [info] | cluster_5 | 31.3%               | 18.8%               | 19.5%              |
[2026-02-17 19:47:11.489] [default] [info] +-----------+---------------------+---------------------+--------------------+
[2026-02-17 19:47:11.489] [default] [info] | Total     | 57.8%               | 32.4%               | 29.9%              |
[2026-02-17 19:47:11.489] [default] [info] +-----------+---------------------+---------------------+--------------------+
[2026-02-17 19:47:11.489] [default] [info] yolo11n_context_2 utilization: 
[2026-02-17 19:47:11.489] [default] [info] +-----------+---------------------+---------------------+--------------------+
[2026-02-17 19:47:11.489] [default] [info] | Cluster   | Control Utilization | Compute Utilization | Memory Utilization |
[2026-02-17 19:47:11.489] [default] [info] +-----------+---------------------+---------------------+--------------------+
[2026-02-17 19:47:11.489] [default] [info] | cluster_0 | 68.8%               | 20.3%               | 34.4%              |
[2026-02-17 19:47:11.489] [default] [info] | cluster_1 | 56.3%               | 14.1%               | 63.3%              |
[2026-02-17 19:47:11.489] [default] [info] | cluster_4 | 87.5%               | 37.5%               | 40.6%              |
[2026-02-17 19:47:11.489] [default] [info] | cluster_5 | 31.3%               | 9.4%                | 12.5%              |
[2026-02-17 19:47:11.489] [default] [info] +-----------+---------------------+---------------------+--------------------+
[2026-02-17 19:47:11.490] [default] [info] | Total     | 60.9%               | 20.3%               | 37.7%              |
[2026-02-17 19:47:11.490] [default] [info] +-----------+---------------------+---------------------+--------------------+
[2026-02-17 19:47:11.490] [default] [info] yolo11n_context_3 utilization: 
[2026-02-17 19:47:11.490] [default] [info] +-----------+---------------------+---------------------+--------------------+
[2026-02-17 19:47:11.490] [default] [info] | Cluster   | Control Utilization | Compute Utilization | Memory Utilization |
[2026-02-17 19:47:11.490] [default] [info] +-----------+---------------------+---------------------+--------------------+
[2026-02-17 19:47:11.490] [default] [info] | cluster_0 | 87.5%               | 81.3%               | 60.2%              |
[2026-02-17 19:47:11.490] [default] [info] | cluster_1 | 31.3%               | 14.1%               | 17.2%              |
[2026-02-17 19:47:11.490] [default] [info] | cluster_4 | 93.8%               | 60.9%               | 46.9%              |
[2026-02-17 19:47:11.490] [default] [info] | cluster_5 | 31.3%               | 15.6%               | 16.4%              |
[2026-02-17 19:47:11.490] [default] [info] +-----------+---------------------+---------------------+--------------------+
[2026-02-17 19:47:11.490] [default] [info] | Total     | 60.9%               | 43%                 | 35.2%              |
[2026-02-17 19:47:11.490] [default] [info] +-----------+---------------------+---------------------+--------------------+
[2026-02-17 19:47:11.490] [default] [info] yolo11n_context_4 utilization: 
[2026-02-17 19:47:11.490] [default] [info] +-----------+---------------------+---------------------+--------------------+
[2026-02-17 19:47:11.490] [default] [info] | Cluster   | Control Utilization | Compute Utilization | Memory Utilization |
[2026-02-17 19:47:11.490] [default] [info] +-----------+---------------------+---------------------+--------------------+
[2026-02-17 19:47:11.490] [default] [info] | cluster_0 | 43.8%               | 32.8%               | 25%                |
[2026-02-17 19:47:11.490] [default] [info] | cluster_1 | 93.8%               | 35.9%               | 38.3%              |
[2026-02-17 19:47:11.490] [default] [info] | cluster_4 | 81.3%               | 50%                 | 46.1%              |
[2026-02-17 19:47:11.490] [default] [info] | cluster_5 | 25%                 | 12.5%               | 12.5%              |
[2026-02-17 19:47:11.490] [default] [info] +-----------+---------------------+---------------------+--------------------+
[2026-02-17 19:47:11.490] [default] [info] | Total     | 60.9%               | 32.8%               | 30.5%              |
[2026-02-17 19:47:11.490] [default] [info] +-----------+---------------------+---------------------+--------------------+
[2026-02-17 19:47:11.569] [default] [info] [1;32mSuccessful Mapping (allocation time: 10m 37s)[0m
[2026-02-17 19:47:11.721] [default] [info] [1;36mCompiling kernels of yolo11n_context_0...[0m
[2026-02-17 19:47:12.298] [default] [info] Microcode violation: DUAL_BUFFER_FLIP_OUT in the next 1 cycles after APU_WRITE_TO_MEM
 in layer conv11, line: 37
[2026-02-17 19:47:12.307] [default] [info] Kernels with microcoder violation: conv11, 
[2026-02-17 19:47:12.418] [default] [info] [1;36mCompiling kernels of yolo11n_context_1...[0m
[2026-02-17 19:47:12.531] [default] [info] Microcode violation: DUAL_BUFFER_FLIP_OUT in the next 1 cycles after APU_WRITE_TO_MEM
 in layer conv14, line: 33
[2026-02-17 19:47:12.833] [default] [info] Microcode violation: DUAL_BUFFER_FLIP_OUT in the next 1 cycles after APU_WRITE_TO_MEM
 in layer conv15, line: 33
[2026-02-17 19:47:12.866] [default] [info] Microcode violation: DUAL_BUFFER_FLIP_OUT in the next 1 cycles after APU_WRITE_TO_MEM
 in layer conv21, line: 37
[2026-02-17 19:47:13.016] [default] [info] Microcode violation: DUAL_BUFFER_FLIP_OUT in the next 1 cycles after APU_WRITE_TO_MEM
 in layer conv24, line: 33
[2026-02-17 19:47:13.518] [default] [info] Microcode violation: DUAL_BUFFER_FLIP_OUT in the next 1 cycles after APU_WRITE_TO_MEM
 in layer conv25, line: 33
[2026-02-17 19:47:13.573] [default] [info] Microcode violation: DUAL_BUFFER_FLIP_OUT in the next 1 cycles after APU_WRITE_TO_MEM
 in layer conv32, line: 46
[2026-02-17 19:47:13.584] [default] [info] Kernels with microcoder violation: conv14, conv15, conv21, conv24, conv25, conv32, 
[2026-02-17 19:47:13.673] [default] [info] [1;36mCompiling kernels of yolo11n_context_2...[0m
[2026-02-17 19:47:13.825] [default] [info] Microcode violation: DUAL_BUFFER_FLIP_OUT in the next 1 cycles after APU_WRITE_TO_MEM
 in layer conv_feature_splitter5_2, line: 46
[2026-02-17 19:47:14.011] [default] [info] Microcode violation: DUAL_BUFFER_FLIP_OUT in the next 1 cycles after APU_WRITE_TO_MEM
 in layer dw1_defuse_width_feature_reshape, line: 10
[2026-02-17 19:47:14.012] [default] [info] Microcode violation: DUAL_BUFFER_FLIP_OUT in the next 1 cycles after APU_WRITE_TO_MEM
 in layer dw1_defuse_width_feature_reshape, line: 39
[2026-02-17 19:47:14.194] [default] [info] Microcode violation: DUAL_BUFFER_FLIP_OUT in the next 1 cycles after APU_WRITE_TO_MEM
 in layer conv39, line: 53
[2026-02-17 19:47:14.204] [default] [info] Microcode violation: DUAL_BUFFER_FLIP_OUT in the next 1 cycles after APU_WRITE_TO_MEM
 in layer resize1, line: 15
[2026-02-17 19:47:14.219] [default] [info] Microcode violation: DUAL_BUFFER_FLIP_OUT in the next 1 cycles after APU_WRITE_TO_MEM
 in layer conv_feature_splitter7_1, line: 37
[2026-02-17 19:47:14.235] [default] [info] Microcode violation: DUAL_BUFFER_FLIP_OUT in the next 1 cycles after APU_WRITE_TO_MEM
 in layer conv_feature_splitter7_2, line: 37
[2026-02-17 19:47:14.504] [default] [info] Microcode violation: DUAL_BUFFER_FLIP_OUT in the next 1 cycles after APU_WRITE_TO_MEM
 in layer conv43, line: 37
[2026-02-17 19:47:14.515] [default] [info] Kernels with microcoder violation: conv_feature_splitter5_2, dw1_defuse_width_feature_reshape, conv39, resize1, conv_feature_splitter7_1, conv_feature_splitter7_2, conv43, 
[2026-02-17 19:47:14.604] [default] [info] [1;36mCompiling kernels of yolo11n_context_3...[0m
[2026-02-17 19:47:14.623] [default] [info] Microcode violation: DUAL_BUFFER_FLIP_OUT in the next 1 cycles after APU_WRITE_TO_MEM
 in layer resize2, line: 16
[2026-02-17 19:47:14.631] [default] [info] Microcode violation: DUAL_BUFFER_FLIP_OUT in the next 1 cycles after APU_WRITE_TO_MEM
 in layer conv_feature_splitter8_2, line: 32
[2026-02-17 19:47:14.781] [default] [info] Microcode violation: DUAL_BUFFER_FLIP_OUT in the next 1 cycles after APU_WRITE_TO_MEM
 in layer conv_feature_splitter8_1, line: 32
[2026-02-17 19:47:14.817] [default] [info] Microcode violation: DUAL_BUFFER_FLIP_OUT in the next 1 cycles after APU_WRITE_TO_MEM
 in layer conv47, line: 59
[2026-02-17 19:47:15.422] [default] [info] Microcode violation: DUAL_BUFFER_FLIP_OUT in the next 1 cycles after APU_WRITE_TO_MEM
 in layer conv54, line: 30
[2026-02-17 19:47:15.710] [default] [info] Microcode violation: DUAL_BUFFER_FLIP_OUT in the next 1 cycles after APU_WRITE_TO_MEM
 in layer conv58, line: 37
[2026-02-17 19:47:16.001] [default] [info] Kernels with microcoder violation: resize2, conv_feature_splitter8_1, conv_feature_splitter8_2, conv47, conv54, conv58, 
[2026-02-17 19:47:16.122] [default] [info] [1;36mCompiling kernels of yolo11n_context_4...[0m
[2026-02-17 19:47:16.252] [default] [info] Microcode violation: DUAL_BUFFER_FLIP_OUT in the next 1 cycles after APU_WRITE_TO_MEM
 in layer conv65, line: 30
[2026-02-17 19:47:16.364] [default] [info] Microcode violation: DUAL_BUFFER_FLIP_OUT in the next 1 cycles after APU_WRITE_TO_MEM
 in layer conv62, line: 33
[2026-02-17 19:47:16.402] [default] [info] Microcode violation: DUAL_BUFFER_FLIP_OUT in the next 1 cycles after APU_WRITE_TO_MEM
 in layer conv67, line: 33
[2026-02-17 19:47:16.861] [default] [info] Microcode violation: DUAL_BUFFER_FLIP_OUT in the next 1 cycles after APU_WRITE_TO_MEM
 in layer conv68, line: 33
[2026-02-17 19:47:16.904] [default] [info] Microcode violation: DUAL_BUFFER_FLIP_OUT in the next 1 cycles after APU_WRITE_TO_MEM
 in layer conv74, line: 37
[2026-02-17 19:47:17.322] [default] [info] Microcode violation: DUAL_BUFFER_FLIP_OUT in the next 1 cycles after APU_WRITE_TO_MEM
 in layer conv77, line: 33
[2026-02-17 19:47:17.503] [default] [info] Microcode violation: DUAL_BUFFER_FLIP_OUT in the next 1 cycles after APU_WRITE_TO_MEM
 in layer conv78, line: 33
[2026-02-17 19:47:17.711] [default] [info] Microcode violation: DUAL_BUFFER_FLIP_OUT in the next 1 cycles after APU_WRITE_TO_MEM
 in layer conv80, line: 30
[2026-02-17 19:47:17.717] [default] [info] Kernels with microcoder violation: conv62, conv67, conv68, conv65, conv74, conv77, conv78, conv80, 
[2026-02-17 19:47:17.798] [default] [info] Bandwidth of model inputs: 9.375 Mbps, outputs: 4.16565 Mbps (for a single frame)
[2026-02-17 19:47:17.798] [default] [info] Bandwidth of DDR buffers: 0.0 Mbps (for a single frame)
[2026-02-17 19:47:17.798] [default] [info] Bandwidth of inter context tensors: 34.7656 Mbps (for a single frame)
[2026-02-17 19:47:17.948] [default] [info] [1;36mCompiling kernels of yolo11n_context_0...[0m
[2026-02-17 19:47:18.530] [default] [info] Microcode violation: DUAL_BUFFER_FLIP_OUT in the next 1 cycles after APU_WRITE_TO_MEM
 in layer conv11, line: 37
[2026-02-17 19:47:18.542] [default] [info] Kernels with microcoder violation: conv11, 
[2026-02-17 19:47:18.651] [default] [info] [1;36mCompiling kernels of yolo11n_context_1...[0m
[2026-02-17 19:47:18.780] [default] [info] Microcode violation: DUAL_BUFFER_FLIP_OUT in the next 1 cycles after APU_WRITE_TO_MEM
 in layer conv14, line: 33
[2026-02-17 19:47:19.101] [default] [info] Microcode violation: DUAL_BUFFER_FLIP_OUT in the next 1 cycles after APU_WRITE_TO_MEM
 in layer conv15, line: 33
[2026-02-17 19:47:19.126] [default] [info] Microcode violation: DUAL_BUFFER_FLIP_OUT in the next 1 cycles after APU_WRITE_TO_MEM
 in layer conv21, line: 37
[2026-02-17 19:47:19.252] [default] [info] Microcode violation: DUAL_BUFFER_FLIP_OUT in the next 1 cycles after APU_WRITE_TO_MEM
 in layer conv24, line: 33
[2026-02-17 19:47:19.767] [default] [info] Microcode violation: DUAL_BUFFER_FLIP_OUT in the next 1 cycles after APU_WRITE_TO_MEM
 in layer conv25, line: 33
[2026-02-17 19:47:19.821] [default] [info] Microcode violation: DUAL_BUFFER_FLIP_OUT in the next 1 cycles after APU_WRITE_TO_MEM
 in layer conv32, line: 46
[2026-02-17 19:47:19.832] [default] [info] Kernels with microcoder violation: conv14, conv15, conv21, conv24, conv25, conv32, 
[2026-02-17 19:47:19.919] [default] [info] [1;36mCompiling kernels of yolo11n_context_2...[0m
[2026-02-17 19:47:20.085] [default] [info] Microcode violation: DUAL_BUFFER_FLIP_OUT in the next 1 cycles after APU_WRITE_TO_MEM
 in layer conv_feature_splitter5_2, line: 46
[2026-02-17 19:47:20.282] [default] [info] Microcode violation: DUAL_BUFFER_FLIP_OUT in the next 1 cycles after APU_WRITE_TO_MEM
 in layer dw1_defuse_width_feature_reshape, line: 10
[2026-02-17 19:47:20.283] [default] [info] Microcode violation: DUAL_BUFFER_FLIP_OUT in the next 1 cycles after APU_WRITE_TO_MEM
 in layer dw1_defuse_width_feature_reshape, line: 39
[2026-02-17 19:47:20.485] [default] [info] Microcode violation: DUAL_BUFFER_FLIP_OUT in the next 1 cycles after APU_WRITE_TO_MEM
 in layer conv39, line: 53
[2026-02-17 19:47:20.497] [default] [info] Microcode violation: DUAL_BUFFER_FLIP_OUT in the next 1 cycles after APU_WRITE_TO_MEM
 in layer resize1, line: 15
[2026-02-17 19:47:20.519] [default] [info] Microcode violation: DUAL_BUFFER_FLIP_OUT in the next 1 cycles after APU_WRITE_TO_MEM
 in layer conv_feature_splitter7_1, line: 37
[2026-02-17 19:47:20.540] [default] [info] Microcode violation: DUAL_BUFFER_FLIP_OUT in the next 1 cycles after APU_WRITE_TO_MEM
 in layer conv_feature_splitter7_2, line: 37
[2026-02-17 19:47:20.811] [default] [info] Microcode violation: DUAL_BUFFER_FLIP_OUT in the next 1 cycles after APU_WRITE_TO_MEM
 in layer conv43, line: 37
[2026-02-17 19:47:20.825] [default] [info] Kernels with microcoder violation: conv_feature_splitter5_2, dw1_defuse_width_feature_reshape, conv39, resize1, conv_feature_splitter7_1, conv_feature_splitter7_2, conv43, 
[2026-02-17 19:47:20.908] [default] [info] [1;36mCompiling kernels of yolo11n_context_3...[0m
[2026-02-17 19:47:20.929] [default] [info] Microcode violation: DUAL_BUFFER_FLIP_OUT in the next 1 cycles after APU_WRITE_TO_MEM
 in layer resize2, line: 16
[2026-02-17 19:47:20.938] [default] [info] Microcode violation: DUAL_BUFFER_FLIP_OUT in the next 1 cycles after APU_WRITE_TO_MEM
 in layer conv_feature_splitter8_2, line: 32
[2026-02-17 19:47:21.079] [default] [info] Microcode violation: DUAL_BUFFER_FLIP_OUT in the next 1 cycles after APU_WRITE_TO_MEM
 in layer conv_feature_splitter8_1, line: 32
[2026-02-17 19:47:21.113] [default] [info] Microcode violation: DUAL_BUFFER_FLIP_OUT in the next 1 cycles after APU_WRITE_TO_MEM
 in layer conv47, line: 59
[2026-02-17 19:47:21.657] [default] [info] Microcode violation: DUAL_BUFFER_FLIP_OUT in the next 1 cycles after APU_WRITE_TO_MEM
 in layer conv54, line: 30
[2026-02-17 19:47:21.948] [default] [info] Microcode violation: DUAL_BUFFER_FLIP_OUT in the next 1 cycles after APU_WRITE_TO_MEM
 in layer conv58, line: 37
[2026-02-17 19:47:22.235] [default] [info] Kernels with microcoder violation: resize2, conv_feature_splitter8_1, conv_feature_splitter8_2, conv47, conv54, conv58, 
[2026-02-17 19:47:22.360] [default] [info] [1;36mCompiling kernels of yolo11n_context_4...[0m
[2026-02-17 19:47:22.480] [default] [info] Microcode violation: DUAL_BUFFER_FLIP_OUT in the next 1 cycles after APU_WRITE_TO_MEM
 in layer conv65, line: 30
[2026-02-17 19:47:22.590] [default] [info] Microcode violation: DUAL_BUFFER_FLIP_OUT in the next 1 cycles after APU_WRITE_TO_MEM
 in layer conv62, line: 33
[2026-02-17 19:47:22.620] [default] [info] Microcode violation: DUAL_BUFFER_FLIP_OUT in the next 1 cycles after APU_WRITE_TO_MEM
 in layer conv67, line: 33
[2026-02-17 19:47:23.064] [default] [info] Microcode violation: DUAL_BUFFER_FLIP_OUT in the next 1 cycles after APU_WRITE_TO_MEM
 in layer conv68, line: 33
[2026-02-17 19:47:23.102] [default] [info] Microcode violation: DUAL_BUFFER_FLIP_OUT in the next 1 cycles after APU_WRITE_TO_MEM
 in layer conv74, line: 37
[2026-02-17 19:47:23.493] [default] [info] Microcode violation: DUAL_BUFFER_FLIP_OUT in the next 1 cycles after APU_WRITE_TO_MEM
 in layer conv77, line: 33
[2026-02-17 19:47:23.669] [default] [info] Microcode violation: DUAL_BUFFER_FLIP_OUT in the next 1 cycles after APU_WRITE_TO_MEM
 in layer conv78, line: 33
[2026-02-17 19:47:23.918] [default] [info] Microcode violation: DUAL_BUFFER_FLIP_OUT in the next 1 cycles after APU_WRITE_TO_MEM
 in layer conv80, line: 30
[2026-02-17 19:47:23.924] [default] [info] Kernels with microcoder violation: conv62, conv67, conv68, conv65, conv74, conv77, conv78, conv80, 
[2026-02-17 19:47:24.005] [default] [info] Bandwidth of model inputs: 9.375 Mbps, outputs: 4.16565 Mbps (for a single frame)
[2026-02-17 19:47:24.005] [default] [info] Bandwidth of DDR buffers: 0.0 Mbps (for a single frame)
[2026-02-17 19:47:24.005] [default] [info] Bandwidth of inter context tensors: 34.7656 Mbps (for a single frame)
[2026-02-17 19:47:24.157] [default] [info] [1;36mBuilding HEF...[0m
[2026-02-17 19:47:32.975] [default] [info] [1;32mSuccessful Compilation (compilation time: 15s)[0m
[2026-02-17 19:47:33.247] [default] [info] Builder successful
